999
dxflib 3.26.4.0
  0
SECTION
  2
HEADER
  9
$ACADVER
  1
AC1015
  9
$HANDSEED
  5
FFFF
  9
$ANGBASE
 50
0.0
  9
$ANGDIR
 70
0
  9
$ATTMODE
 70
1
  9
$AUNITS
 70
0
  9
$AUPREC
 70
0
  9
$CECOLOR
 62
256
  9
$CELTSCALE
 40
1.0
  9
$CHAMFERA
 40
0.0
  9
$CHAMFERB
 40
0.0
  9
$CHAMFERC
 40
0.0
  9
$CHAMFERD
 40
0.0
  9
$CMLJUST
 70
0
  9
$CMLSCALE
 40
1.0
  9
$DIMADEC
 70
0
  9
$DIMALT
 70
0
  9
$DIMALTD
 70
2
  9
$DIMALTF
 40
25.3999999999999986
  9
$DIMALTRND
 40
0.0
  9
$DIMALTTD
 70
2
  9
$DIMALTTZ
 70
0
  9
$DIMALTU
 70
2
  9
$DIMALTZ
 70
0
  9
$DIMAPOST
  1

  9
$DIMASZ
 40
0.125
  9
$DIMATFIT
 70
3
  9
$DIMAUNIT
 70
0
  9
$DIMAZIN
 70
2
  9
$DIMBLK
  1
0
  9
$DIMBLK1
  1
0
  9
$DIMBLK2
  1
0
  9
$DIMCEN
 40
0.09
  9
$DIMCLRD
 70
0
  9
$DIMCLRE
 70
0
  9
$DIMDEC
 70
4
  9
$DIMDLE
 40
0.0
  9
$DIMDLI
 40
0.25
  9
$DIMDSEP
 70
46
  9
$DIMEXE
 40
0.0625
  9
$DIMEXO
 40
0.03125
  9
$DIMFRAC
 70
0
  9
$DIMGAP
 40
0.03125
  9
$DIMJUST
 70
0
  9
$DIMLDRBLK
  1

  9
$DIMLFAC
 40
1.0
  9
$DIMLIM
 70
0
  9
$DIMLUNIT
 70
3
  9
$DIMLWD
 70
-2
  9
$DIMLWE
 70
-2
  9
$DIMPOST
  1

  9
$DIMRND
 40
0.0
  9
$DIMSAH
 70
0
  9
$DIMSCALE
 40
1.0
  9
$DIMSD1
 70
0
  9
$DIMSD2
 70
0
  9
$DIMSE1
 70
0
  9
$DIMSE2
 70
0
  9
$DIMSOXD
 70
0
  9
$DIMTAD
 70
0
  9
$DIMTDEC
 70
4
  9
$DIMTFAC
 40
1.0
  9
$DIMTIH
 70
1
  9
$DIMTIX
 70
0
  9
$DIMTM
 40
0.0
  9
$DIMTOFL
 70
0
  9
$DIMTOH
 70
1
  9
$DIMTOL
 70
0
  9
$DIMTOLJ
 70
1
  9
$DIMTP
 40
0.0
  9
$DIMTSZ
 40
0.0
  9
$DIMTVP
 40
0.0
  9
$DIMTXSTY
  7
Standard
  9
$DIMTXT
 40
0.125
  9
$DIMTZIN
 70
0
  9
$DIMUPT
 70
0
  9
$DIMZIN
 70
8
  9
$DISPSILH
 70
0
  9
$DWGCODEPAGE
  3
ANSI_1252
  9
$ELEVATION
 40
0.0
  9
$EXTMAX
 10
61.3766844945314531
 20
50.2825355018027267
 30
0.0
  9
$EXTMIN
 10
36.3066844945314529
 20
35.9045383481127374
 30
0.0
  9
$FILLETRAD
 40
0.5
  9
$FILLMODE
 70
1
  9
$INSBASE
 10
0.0
 20
0.0
 30
0.0
  9
$INSUNITS
 70
1
  9
$LIMCHECK
 70
0
  9
$LIMMAX
 10
12.0
 20
9.0
  9
$LIMMIN
 10
0.0
 20
0.0
  9
$LTSCALE
 40
1.0
  9
$LUNITS
 70
2
  9
$LUPREC
 70
4
  9
$MAXACTVP
 70
64
  9
$MEASUREMENT
 70
0
  9
$MIRRTEXT
 70
0
  9
$ORTHOMODE
 70
0
  9
$PDMODE
 70
0
  9
$PDSIZE
 40
0.0
  9
$PELEVATION
 40
0.0
  9
$PEXTMAX
 10
-100000000000000000000.0
 20
-100000000000000000000.0
 30
-100000000000000000000.0
  9
$PEXTMIN
 10
100000000000000000000.0
 20
100000000000000000000.0
 30
100000000000000000000.0
  9
$PINSBASE
 10
0.0
 20
0.0
 30
0.0
  9
$PLIMCHECK
 70
0
  9
$PLIMMAX
 10
420.0
 20
297.0
  9
$PLIMMIN
 10
0.0
 20
0.0
  9
$PLINEGEN
 70
0
  9
$PLINEWID
 40
0.0
  9
$PROXYGRAPHICS
 70
1
  9
$PSLTSCALE
 70
1
  9
$PUCSNAME
  2

  9
$PUCSORG
 10
0.0
 20
0.0
 30
0.0
  9
$PUCSXDIR
 10
1.0
 20
0.0
 30
0.0
  9
$PUCSYDIR
 10
0.0
 20
1.0
 30
0.0
  9
$QTEXTMODE
 70
0
  9
$REGENMODE
 70
1
  9
$SHADEDGE
 70
3
  9
$SHADEDIF
 70
70
  9
$SKETCHINC
 40
0.1
  9
$SKPOLY
 70
0
  9
$SPLFRAME
 70
0
  9
$SPLINESEGS
 70
8
  9
$SPLINETYPE
 70
6
  9
$SURFTAB1
 70
6
  9
$SURFTAB2
 70
6
  9
$SURFTYPE
 70
6
  9
$SURFU
 70
6
  9
$SURFV
 70
6
  9
$TEXTSIZE
 40
2.5
  9
$TEXTSTYLE
  7
Standard
  9
$THICKNESS
 40
0.0
  9
$TILEMODE
 70
1
  9
$TRACEWID
 40
0.05
  9
$TREEDEPTH
 70
3020
  9
$UCSNAME
  2

  9
$UCSORG
 10
0.0
 20
0.0
 30
0.0
  9
$UCSXDIR
 10
1.0
 20
0.0
 30
0.0
  9
$UCSYDIR
 10
0.0
 20
1.0
 30
0.0
  9
$UNITMODE
 70
0
  9
$USERI1
 70
0
  9
$USERI2
 70
0
  9
$USERI3
 70
0
  9
$USERI4
 70
0
  9
$USERI5
 70
0
  9
$USERR1
 40
0.0
  9
$USERR2
 40
0.0
  9
$USERR3
 40
0.0
  9
$USERR4
 40
0.0
  9
$USERR5
 40
0.0
  9
$USRTIMER
 70
1
  9
$VISRETAIN
 70
1
  0
ENDSEC
  0
SECTION
  2
TABLES
  0
TABLE
  2
VPORT
  5
8
100
AcDbSymbolTable
 70
1
  0
VPORT
  5
30
100
AcDbSymbolTableRecord
100
AcDbViewportTableRecord
  2
*Active
 70
0
 10
0.0
 20
0.0
 11
1.0
 21
1.0
 12
286.3055555555554861
 22
148.5
 13
0.0
 23
0.0
 14
10.0
 24
10.0
 15
10.0
 25
10.0
 16
0.0
 26
0.0
 36
1.0
 17
0.0
 27
0.0
 37
0.0
 40
297.0
 41
1.92798353909465
 42
50.0
 43
0.0
 44
0.0
 50
0.0
 51
0.0
 71
0
 72
100
 73
1
 74
3
 75
1
 76
1
 77
0
 78
0
281
0
 65
1
110
0.0
120
0.0
130
0.0
111
1.0
121
0.0
131
0.0
112
0.0
122
1.0
132
0.0
 79
0
146
0.0
  0
ENDTAB
  0
TABLE
  2
LTYPE
  5
5
100
AcDbSymbolTable
 70
50
  0
LTYPE
  5
16
100
AcDbSymbolTableRecord
100
AcDbLinetypeTableRecord
  2
Continuous
 70
0
  3
Solid line
 72
65
 73
0
 40
0.0
  0
LTYPE
  5
31
100
AcDbSymbolTableRecord
100
AcDbLinetypeTableRecord
  2
DIVIDE2
 70
0
  3
Divide (.5x) __..__..__..__..__..__..__..__.._
 72
65
 73
6
 40
15.8749999999999982
 49
6.3499999999999996
 74
0
 49
-3.125
 74
0
 49
0.1
 74
0
 49
-3.0750000000000002
 74
0
 49
0.1
 74
0
 49
-3.125
 74
0
  0
LTYPE
  5
32
100
AcDbSymbolTableRecord
100
AcDbLinetypeTableRecord
  2
ACAD_ISO02W100
 70
0
  3
ISO dash __ __ __ __ __ __ __ __ __ __ __ __ __
 72
65
 73
2
 40
15.0
 49
12.0
 74
0
 49
-3.0
 74
0
  0
LTYPE
  5
33
100
AcDbSymbolTableRecord
100
AcDbLinetypeTableRecord
  2
PHANTOM2
 70
0
  3
Phantom (.5x) ___ _ _ ___ _ _ ___ _ _ ___ _ _
 72
65
 73
6
 40
31.7500000000000036
 49
15.875
 74
0
 49
-3.1749999999999998
 74
0
 49
3.1749999999999998
 74
0
 49
-3.1749999999999998
 74
0
 49
3.1749999999999998
 74
0
 49
-3.1749999999999998
 74
0
  0
LTYPE
  5
34
100
AcDbSymbolTableRecord
100
AcDbLinetypeTableRecord
  2
PHANTOM
 70
0
  3
Phantom ______  __  __  ______  __  __  ______ 
 72
65
 73
6
 40
63.5000000000000071
 49
31.75
 74
0
 49
-6.3499999999999996
 74
0
 49
6.3499999999999996
 74
0
 49
-6.3499999999999996
 74
0
 49
6.3499999999999996
 74
0
 49
-6.3499999999999996
 74
0
  0
LTYPE
  5
35
100
AcDbSymbolTableRecord
100
AcDbLinetypeTableRecord
  2
ACAD_ISO07W100
 70
0
  3
ISO dot . . . . . . . . . . . . . . . . . . . . 
 72
65
 73
2
 40
3.0
 49
0.1
 74
0
 49
-2.8999999999999999
 74
0
  0
LTYPE
  5
36
100
AcDbSymbolTableRecord
100
AcDbLinetypeTableRecord
  2
DASHED
 70
0
  3
Dashed __ __ __ __ __ __ __ __ __ __ __ __ __ _
 72
65
 73
2
 40
19.0499999999999972
 49
12.6999999999999993
 74
0
 49
-6.3499999999999996
 74
0
  0
LTYPE
  5
37
100
AcDbSymbolTableRecord
100
AcDbLinetypeTableRecord
  2
DOT2
 70
0
  3
Dot (.5x) ........................................
 72
65
 73
2
 40
3.1750000000000003
 49
0.1
 74
0
 49
-3.0750000000000002
 74
0
  0
LTYPE
  5
38
100
AcDbSymbolTableRecord
100
AcDbLinetypeTableRecord
  2
ZIGZAG
 70
0
  3
Zig zag /\/\/\/\/\/\/\/\/\/\/\/\/\/\/\/\/\/\/\/\/\/\/\/
 72
65
 73
2
 40
5.0825399999999998
 49
0.00254
 74
0
 49
-5.0800000000000001
 74
0
  0
LTYPE
  5
39
100
AcDbSymbolTableRecord
100
AcDbLinetypeTableRecord
  2
DASHEDX2
 70
0
  3
Dashed (2x) ____  ____  ____  ____  ____  ___
 72
65
 73
2
 40
38.0999999999999943
 49
25.3999999999999986
 74
0
 49
-12.6999999999999993
 74
0
  0
LTYPE
  5
3A
100
AcDbSymbolTableRecord
100
AcDbLinetypeTableRecord
  2
TRACKS
 70
0
  3
Tracks -|-|-|-|-|-|-|-|-|-|-|-|-|-|-|-|-|-|-|-|-|-|-|-|-
 72
65
 73
1
 40
3.8100000000000001
 49
3.8100000000000001
 74
0
  0
LTYPE
  5
3B
100
AcDbSymbolTableRecord
100
AcDbLinetypeTableRecord
  2
HOT_WATER_SUPPLY
 70
0
  3
Hot water supply ---- HW ---- HW ---- HW ----
 72
65
 73
2
 40
17.7800000000000011
 49
12.6999999999999993
 74
0
 49
-5.0800000000000001
 74
0
  0
LTYPE
  5
15
100
AcDbSymbolTableRecord
100
AcDbLinetypeTableRecord
  2
ByLayer
 70
0
  3

 72
65
 73
0
 40
0.0
  0
LTYPE
  5
3C
100
AcDbSymbolTableRecord
100
AcDbLinetypeTableRecord
  2
ACAD_ISO14W100
 70
0
  3
ISO dash triple-dot __ . . . __ . . . __ . . . _
 72
65
 73
8
 40
24.0
 49
12.0
 74
0
 49
-2.9500000000000002
 74
0
 49
0.1
 74
0
 49
-2.8999999999999999
 74
0
 49
0.1
 74
0
 49
-2.8999999999999999
 74
0
 49
0.1
 74
0
 49
-2.9500000000000002
 74
0
  0
LTYPE
  5
3D
100
AcDbSymbolTableRecord
100
AcDbLinetypeTableRecord
  2
ACAD_ISO10W100
 70
0
  3
ISO dash dot __ . __ . __ . __ . __ . __ . __ . 
 72
65
 73
4
 40
18.0
 49
12.0
 74
0
 49
-2.9500000000000002
 74
0
 49
0.1
 74
0
 49
-2.9500000000000002
 74
0
  0
LTYPE
  5
3E
100
AcDbSymbolTableRecord
100
AcDbLinetypeTableRecord
  2
ACAD_ISO15W100
 70
0
  3
ISO double-dash triple-dot __ __ . . . __ __ . .
 72
65
 73
10
 40
39.0000000000000071
 49
12.0
 74
0
 49
-3.0
 74
0
 49
12.0
 74
0
 49
-2.9500000000000002
 74
0
 49
0.1
 74
0
 49
-2.8999999999999999
 74
0
 49
0.1
 74
0
 49
-2.8999999999999999
 74
0
 49
0.1
 74
0
 49
-2.9500000000000002
 74
0
  0
LTYPE
  5
3F
100
AcDbSymbolTableRecord
100
AcDbLinetypeTableRecord
  2
ACAD_ISO09W100
 70
0
  3
ISO long-dash double-short-dash ____ __ __ ____
 72
65
 73
6
 40
45.0
 49
24.0
 74
0
 49
-3.0
 74
0
 49
6.0
 74
0
 49
-3.0
 74
0
 49
6.0
 74
0
 49
-3.0
 74
0
  0
LTYPE
  5
40
100
AcDbSymbolTableRecord
100
AcDbLinetypeTableRecord
  2
DRAINAGE2
 70
0
  3
Drainage reversed----<----<----<----
 72
65
 73
1
 40
5.0800000000000001
 49
5.0800000000000001
 74
0
  0
LTYPE
  5
41
100
AcDbSymbolTableRecord
100
AcDbLinetypeTableRecord
  2
ACAD_ISO11W100
 70
0
  3
ISO double-dash dot __ __ . __ __ . __ __ . __ _
 72
65
 73
6
 40
33.0
 49
12.0
 74
0
 49
-3.0
 74
0
 49
12.0
 74
0
 49
-2.9500000000000002
 74
0
 49
0.1
 74
0
 49
-2.9500000000000002
 74
0
  0
LTYPE
  5
14
100
AcDbSymbolTableRecord
100
AcDbLinetypeTableRecord
  2
ByBlock
 70
0
  3

 72
65
 73
0
 40
0.0
  0
LTYPE
  5
42
100
AcDbSymbolTableRecord
100
AcDbLinetypeTableRecord
  2
DOTX2
 70
0
  3
Dot (2x) .  .  .  .  .  .  .  .  .  .  .  .  .  .
 72
65
 73
2
 40
12.6999999999999993
 49
0.1
 74
0
 49
-12.5999999999999996
 74
0
  0
LTYPE
  5
43
100
AcDbSymbolTableRecord
100
AcDbLinetypeTableRecord
  2
CENTER2
 70
0
  3
Center (.5x) ___ _ ___ _ ___ _ ___ _ ___ _ ___
 72
65
 73
4
 40
28.5750000000000028
 49
19.0500000000000007
 74
0
 49
-3.1749999999999998
 74
0
 49
3.1749999999999998
 74
0
 49
-3.1749999999999998
 74
0
  0
LTYPE
  5
44
100
AcDbSymbolTableRecord
100
AcDbLinetypeTableRecord
  2
HIDDENX2
 70
0
  3
Hidden (2x) ____ ____ ____ ____ ____ ____ ____ 
 72
65
 73
2
 40
19.0499999999999972
 49
12.6999999999999993
 74
0
 49
-6.3499999999999996
 74
0
  0
LTYPE
  5
45
100
AcDbSymbolTableRecord
100
AcDbLinetypeTableRecord
  2
DASHDOT
 70
0
  3
Dash dot __ . __ . __ . __ . __ . __ . __ . __
 72
65
 73
4
 40
25.4000000000000021
 49
12.6999999999999993
 74
0
 49
-6.2999999999999998
 74
0
 49
0.1
 74
0
 49
-6.2999999999999998
 74
0
  0
LTYPE
  5
46
100
AcDbSymbolTableRecord
100
AcDbLinetypeTableRecord
  2
HIDDEN
 70
0
  3
Hidden __ __ __ __ __ __ __ __ __ __ __ __ __ __
 72
65
 73
2
 40
9.5249999999999986
 49
6.3499999999999996
 74
0
 49
-3.1749999999999998
 74
0
  0
LTYPE
  5
47
100
AcDbSymbolTableRecord
100
AcDbLinetypeTableRecord
  2
ACAD_ISO04W100
 70
0
  3
ISO long-dash dot ____ . ____ . ____ . ____ . _
 72
65
 73
4
 40
30.0
 49
24.0
 74
0
 49
-2.9500000000000002
 74
0
 49
0.1
 74
0
 49
-2.9500000000000002
 74
0
  0
LTYPE
  5
48
100
AcDbSymbolTableRecord
100
AcDbLinetypeTableRecord
  2
DOT
 70
0
  3
Dot . . . . . . . . . . . . . . . . . . . . . . . .
 72
65
 73
2
 40
6.3499999999999996
 49
0.1
 74
0
 49
-6.25
 74
0
  0
LTYPE
  5
49
100
AcDbSymbolTableRecord
100
AcDbLinetypeTableRecord
  2
BORDER2
 70
0
  3
Border (.5x) __.__.__.__.__.__.__.__.__.__.__.
 72
65
 73
6
 40
22.2250000000000014
 49
6.3499999999999996
 74
0
 49
-3.1749999999999998
 74
0
 49
6.3499999999999996
 74
0
 49
-3.125
 74
0
 49
0.1
 74
0
 49
-3.125
 74
0
  0
LTYPE
  5
4A
100
AcDbSymbolTableRecord
100
AcDbLinetypeTableRecord
  2
DRAINAGE
 70
0
  3
Drainage ---->---->---->----
 72
65
 73
1
 40
5.0800000000000001
 49
5.0800000000000001
 74
0
  0
LTYPE
  5
4B
100
AcDbSymbolTableRecord
100
AcDbLinetypeTableRecord
  2
DIVIDE
 70
0
  3
Divide ____ . . ____ . . ____ . . ____ . . ____
 72
65
 73
6
 40
31.7500000000000036
 49
12.6999999999999993
 74
0
 49
-6.2999999999999998
 74
0
 49
0.1
 74
0
 49
-6.25
 74
0
 49
0.1
 74
0
 49
-6.2999999999999998
 74
0
  0
LTYPE
  5
4C
100
AcDbSymbolTableRecord
100
AcDbLinetypeTableRecord
  2
BORDER
 70
0
  3
Border __ __ . __ __ . __ __ . __ __ . __ __ .
 72
65
 73
6
 40
44.4499999999999957
 49
12.6999999999999993
 74
0
 49
-6.3499999999999996
 74
0
 49
12.6999999999999993
 74
0
 49
-6.2999999999999998
 74
0
 49
0.1
 74
0
 49
-6.2999999999999998
 74
0
  0
LTYPE
  5
4D
100
AcDbSymbolTableRecord
100
AcDbLinetypeTableRecord
  2
ACAD_ISO03W100
 70
0
  3
ISO dash space __    __    __    __    __    __
 72
65
 73
2
 40
30.0
 49
12.0
 74
0
 49
-18.0
 74
0
  0
LTYPE
  5
4E
100
AcDbSymbolTableRecord
100
AcDbLinetypeTableRecord
  2
FENCELINE1
 70
0
  3
Fenceline circle ----0-----0----0-----0----0-----0--
 72
65
 73
2
 40
8.8900000000000006
 49
6.3499999999999996
 74
0
 49
-2.54
 74
0
  0
LTYPE
  5
4F
100
AcDbSymbolTableRecord
100
AcDbLinetypeTableRecord
  2
ACAD_ISO13W100
 70
0
  3
ISO double-dash double-dot __ __ . . __ __ . . _
 72
65
 73
8
 40
36.0000000000000071
 49
12.0
 74
0
 49
-3.0
 74
0
 49
12.0
 74
0
 49
-2.9500000000000002
 74
0
 49
0.1
 74
0
 49
-2.8999999999999999
 74
0
 49
0.1
 74
0
 49
-2.9500000000000002
 74
0
  0
LTYPE
  5
50
100
AcDbSymbolTableRecord
100
AcDbLinetypeTableRecord
  2
GAS_LINE
 70
0
  3
Gas line ----GAS----GAS----GAS----GAS----GAS----GAS--
 72
65
 73
2
 40
17.7800000000000011
 49
12.6999999999999993
 74
0
 49
-5.0800000000000001
 74
0
  0
LTYPE
  5
51
100
AcDbSymbolTableRecord
100
AcDbLinetypeTableRecord
  2
CENTER
 70
0
  3
Center ____ _ ____ _ ____ _ ____ _ ____ _ ____
 72
65
 73
4
 40
50.8000000000000043
 49
31.75
 74
0
 49
-6.3499999999999996
 74
0
 49
6.3499999999999996
 74
0
 49
-6.3499999999999996
 74
0
  0
LTYPE
  5
52
100
AcDbSymbolTableRecord
100
AcDbLinetypeTableRecord
  2
FENCELINE2
 70
0
  3
Fenceline square ----[]-----[]----[]-----[]----[]---
 72
65
 73
2
 40
8.8900000000000006
 49
6.3499999999999996
 74
0
 49
-2.54
 74
0
  0
LTYPE
  5
53
100
AcDbSymbolTableRecord
100
AcDbLinetypeTableRecord
  2
ACAD_ISO12W100
 70
0
  3
ISO dash double-dot __ . . __ . . __ . . __ . . 
 72
65
 73
6
 40
21.0
 49
12.0
 74
0
 49
-2.9500000000000002
 74
0
 49
0.1
 74
0
 49
-2.8999999999999999
 74
0
 49
0.1
 74
0
 49
-2.9500000000000002
 74
0
  0
LTYPE
  5
54
100
AcDbSymbolTableRecord
100
AcDbLinetypeTableRecord
  2
ACAD_ISO05W100
 70
0
  3
ISO long-dash double-dot ____ .. ____ .. ____ . 
 72
65
 73
6
 40
33.0
 49
24.0
 74
0
 49
-2.9500000000000002
 74
0
 49
0.1
 74
0
 49
-2.8999999999999999
 74
0
 49
0.1
 74
0
 49
-2.9500000000000002
 74
0
  0
LTYPE
  5
55
100
AcDbSymbolTableRecord
100
AcDbLinetypeTableRecord
  2
BATTING
 70
0
  3
Batting SSSSSSSSSSSSSSSSSSSSSSSSSSSSSSSSSSSSSSSSSSSSSSS
 72
65
 73
2
 40
2.5425400000000002
 49
0.00254
 74
0
 49
-2.54
 74
0
  0
LTYPE
  5
56
100
AcDbSymbolTableRecord
100
AcDbLinetypeTableRecord
  2
BORDERX2
 70
0
  3
Border (2x) ____  ____  .  ____  ____  .  ___
 72
65
 73
6
 40
88.8999999999999915
 49
25.3999999999999986
 74
0
 49
-12.6999999999999993
 74
0
 49
25.3999999999999986
 74
0
 49
-12.6500000000000004
 74
0
 49
0.1
 74
0
 49
-12.6500000000000004
 74
0
  0
LTYPE
  5
57
100
AcDbSymbolTableRecord
100
AcDbLinetypeTableRecord
  2
DASHED2
 70
0
  3
Dashed (.5x) _ _ _ _ _ _ _ _ _ _ _ _ _ _ _ _ _ 
 72
65
 73
2
 40
9.5249999999999986
 49
6.3499999999999996
 74
0
 49
-3.1749999999999998
 74
0
  0
LTYPE
  5
58
100
AcDbSymbolTableRecord
100
AcDbLinetypeTableRecord
  2
ACAD_ISO08W100
 70
0
  3
ISO long-dash short-dash ____ __ ____ __ ____ _
 72
65
 73
4
 40
36.0
 49
24.0
 74
0
 49
-3.0
 74
0
 49
6.0
 74
0
 49
-3.0
 74
0
  0
LTYPE
  5
59
100
AcDbSymbolTableRecord
100
AcDbLinetypeTableRecord
  2
ACAD_ISO06W100
 70
0
  3
ISO long-dash triple-dot ____ ... ____ ... ____
 72
65
 73
8
 40
36.0000000000000071
 49
24.0
 74
0
 49
-2.9500000000000002
 74
0
 49
0.1
 74
0
 49
-2.8999999999999999
 74
0
 49
0.1
 74
0
 49
-2.8999999999999999
 74
0
 49
0.1
 74
0
 49
-2.9500000000000002
 74
0
  0
LTYPE
  5
5A
100
AcDbSymbolTableRecord
100
AcDbLinetypeTableRecord
  2
DIVIDEX2
 70
0
  3
Divide (2x) ________  .  .  ________  .  .  _
 72
65
 73
6
 40
63.5
 49
25.3999999999999986
 74
0
 49
-12.6500000000000004
 74
0
 49
0.1
 74
0
 49
-12.5999999999999996
 74
0
 49
0.1
 74
0
 49
-12.6500000000000004
 74
0
  0
LTYPE
  5
5B
100
AcDbSymbolTableRecord
100
AcDbLinetypeTableRecord
  2
DASHDOT2
 70
0
  3
Dash dot (.5x) _._._._._._._._._._._._._._._.
 72
65
 73
4
 40
12.6999999999999993
 49
6.3499999999999996
 74
0
 49
-3.125
 74
0
 49
0.1
 74
0
 49
-3.125
 74
0
  0
LTYPE
  5
5C
100
AcDbSymbolTableRecord
100
AcDbLinetypeTableRecord
  2
CENTERX2
 70
0
  3
Center (2x) ________  __  ________  __  _____
 72
65
 73
4
 40
101.6000000000000085
 49
63.5
 74
0
 49
-12.6999999999999993
 74
0
 49
12.6999999999999993
 74
0
 49
-12.6999999999999993
 74
0
  0
LTYPE
  5
5D
100
AcDbSymbolTableRecord
100
AcDbLinetypeTableRecord
  2
DASHDOTX2
 70
0
  3
Dash dot (2x) ____  .  ____  .  ____  .  ___
 72
65
 73
4
 40
50.7999999999999972
 49
25.3999999999999986
 74
0
 49
-12.6500000000000004
 74
0
 49
0.1
 74
0
 49
-12.6500000000000004
 74
0
  0
LTYPE
  5
5E
100
AcDbSymbolTableRecord
100
AcDbLinetypeTableRecord
  2
PHANTOMX2
 70
0
  3
Phantom (2x) ____________    ____    ____   _
 72
65
 73
6
 40
127.0000000000000142
 49
63.5
 74
0
 49
-12.6999999999999993
 74
0
 49
12.6999999999999993
 74
0
 49
-12.6999999999999993
 74
0
 49
12.6999999999999993
 74
0
 49
-12.6999999999999993
 74
0
  0
LTYPE
  5
5F
100
AcDbSymbolTableRecord
100
AcDbLinetypeTableRecord
  2
HIDDEN2
 70
0
  3
Hidden (.5x) _ _ _ _ _ _ _ _ _ _ _ _ _ _ _ _ _ 
 72
65
 73
2
 40
4.7624999999999993
 49
3.1749999999999998
 74
0
 49
-1.5874999999999999
 74
0
  0
ENDTAB
  0
TABLE
  2
LAYER
  5
2
100
AcDbSymbolTable
 70
39
  0
LAYER
  5
60
100
AcDbSymbolTableRecord
100
AcDbLayerTableRecord
  2
zAsphalt
 70
0
 62
251
420
7631988
  6
Continuous
370
35
390
F
  0
LAYER
  5
61
100
AcDbSymbolTableRecord
100
AcDbLayerTableRecord
  2
yd_cov_garage_east
 70
4
 62
94
420
32512
  6
Continuous
370
35
390
F
  0
LAYER
  5
62
100
AcDbSymbolTableRecord
100
AcDbLayerTableRecord
  2
field_heads
 70
4
 62
7
420
16777215
  6
Continuous
370
35
390
F
  0
LAYER
  5
63
100
AcDbSymbolTableRecord
100
AcDbLayerTableRecord
  2
f_cov_8
 70
4
 62
240
420
16711765
  6
Continuous
370
35
390
F
  0
LAYER
  5
64
100
AcDbSymbolTableRecord
100
AcDbLayerTableRecord
  2
f_cov_9
 70
4
 62
60
420
12582656
  6
Continuous
370
35
390
F
  0
LAYER
  5
65
100
AcDbSymbolTableRecord
100
AcDbLayerTableRecord
  2
yd_cov_south
 70
4
 62
181
420
10452991
  6
Continuous
370
35
390
F
  0
LAYER
  5
66
100
AcDbSymbolTableRecord
100
AcDbLayerTableRecord
  2
Defpoints
 70
5
 62
7
420
16777215
  6
Continuous
290
0
370
-3
390
F
  0
LAYER
  5
67
100
AcDbSymbolTableRecord
100
AcDbLayerTableRecord
  2
f_cov_2
 70
4
 62
30
420
15765248
  6
Continuous
370
35
390
F
  0
LAYER
  5
68
100
AcDbSymbolTableRecord
100
AcDbLayerTableRecord
  2
zBurn Pile
 70
4
 62
212
420
11337901
  6
Continuous
370
70
390
F
  0
LAYER
  5
69
100
AcDbSymbolTableRecord
100
AcDbLayerTableRecord
  2
yd_heads
 70
4
 62
16
420
4980736
  6
Continuous
370
35
390
F
  0
LAYER
  5
6A
100
AcDbSymbolTableRecord
100
AcDbLayerTableRecord
  2
zBlock Wall
 70
4
 62
7
420
16777215
  6
Continuous
370
200
390
F
  0
LAYER
  5
6B
100
AcDbSymbolTableRecord
100
AcDbLayerTableRecord
  2
yd_cov_well
 70
4
 62
161
420
8364031
  6
Continuous
370
35
390
F
  0
LAYER
  5
6C
100
AcDbSymbolTableRecord
100
AcDbLayerTableRecord
  2
f_cov_1
 70
4
 62
120
420
65455
  6
Continuous
370
35
390
F
  0
LAYER
  5
6D
100
AcDbSymbolTableRecord
100
AcDbLayerTableRecord
  2
f_cov_11
 70
4
 62
92
420
42240
  6
Continuous
370
35
390
F
  0
LAYER
  5
6E
100
AcDbSymbolTableRecord
100
AcDbLayerTableRecord
  2
yd_cov_garage_south
 70
4
 62
211
420
16744447
  6
Continuous
370
35
390
F
  0
LAYER
  5
6F
100
AcDbSymbolTableRecord
100
AcDbLayerTableRecord
  2
f_cov_4
 70
4
 62
253
420
12237498
  6
Continuous
370
35
390
F
  0
LAYER
  5
10
100
AcDbSymbolTableRecord
100
AcDbLayerTableRecord
  2
0
 70
4
 62
7
420
16777215
  6
Continuous
370
25
390
F
  0
LAYER
  5
70
100
AcDbSymbolTableRecord
100
AcDbLayerTableRecord
  2
f_cov_3
 70
4
 62
81
420
10485631
  6
Continuous
370
35
390
F
  0
LAYER
  5
71
100
AcDbSymbolTableRecord
100
AcDbLayerTableRecord
  2
yd_cov_south_fence
 70
4
 62
43
420
10850642
  6
Continuous
370
35
390
F
  0
LAYER
  5
72
100
AcDbSymbolTableRecord
100
AcDbLayerTableRecord
  2
f_cov_6
 70
4
 62
143
420
5411237
  6
Continuous
370
35
390
F
  0
LAYER
  5
73
100
AcDbSymbolTableRecord
100
AcDbLayerTableRecord
  2
zConcrete
 70
4
 62
252
420
9474192
  6
Continuous
370
50
390
F
  0
LAYER
  5
74
100
AcDbSymbolTableRecord
100
AcDbLayerTableRecord
  2
yd_cov_west_fence
 70
4
 62
20
420
16728579
  6
Continuous
370
35
390
F
  0
LAYER
  5
75
100
AcDbSymbolTableRecord
100
AcDbLayerTableRecord
  2
yd_cov_pool_east
 70
4
 62
6
420
16711935
  6
Continuous
370
35
390
F
  0
LAYER
  5
76
100
AcDbSymbolTableRecord
100
AcDbLayerTableRecord
  2
f_cov_12
 70
4
 62
30
420
16744192
  6
Continuous
370
35
390
F
  0
LAYER
  5
77
100
AcDbSymbolTableRecord
100
AcDbLayerTableRecord
  2
yd_cov_west
 70
0
 62
160
420
1135856
  6
Continuous
370
35
390
F
  0
LAYER
  5
78
100
AcDbSymbolTableRecord
100
AcDbLayerTableRecord
  2
f_cov_5
 70
4
 62
40
420
16764672
  6
Continuous
370
35
390
F
  0
LAYER
  5
79
100
AcDbSymbolTableRecord
100
AcDbLayerTableRecord
  2
yd_cov_patio
 70
4
 62
52
420
10855680
  6
Continuous
370
35
390
F
  0
LAYER
  5
7A
100
AcDbSymbolTableRecord
100
AcDbLayerTableRecord
  2
aText
 70
4
 62
161
420
11184895
  6
Continuous
370
35
390
F
  0
LAYER
  5
7B
100
AcDbSymbolTableRecord
100
AcDbLayerTableRecord
  2
f_cov_7
 70
4
 62
81
420
10354484
  6
Continuous
370
35
390
F
  0
LAYER
  5
7C
100
AcDbSymbolTableRecord
100
AcDbLayerTableRecord
  2
f_cov_10
 70
4
 62
200
420
13566207
  6
Continuous
370
35
390
F
  0
LAYER
  5
7D
100
AcDbSymbolTableRecord
100
AcDbLayerTableRecord
  2
yd_cov_se
 70
4
 62
20
420
16727808
  6
Continuous
370
35
390
F
  0
LAYER
  5
7E
100
AcDbSymbolTableRecord
100
AcDbLayerTableRecord
  2
zPond
 70
4
 62
131
420
8388599
  6
Continuous
370
70
390
F
  0
LAYER
  5
7F
100
AcDbSymbolTableRecord
100
AcDbLayerTableRecord
  2
field_pipes
 70
4
 62
7
420
16777215
  6
Continuous
370
50
390
F
  0
LAYER
  5
80
100
AcDbSymbolTableRecord
100
AcDbLayerTableRecord
  2
yd_cov_blockwall
 70
4
 62
161
420
8364031
  6
Continuous
370
35
390
F
  0
LAYER
  5
81
100
AcDbSymbolTableRecord
100
AcDbLayerTableRecord
  2
zProperty Fence
 70
4
 62
94
420
32768
  6
Continuous
370
200
390
F
  0
LAYER
  5
82
100
AcDbSymbolTableRecord
100
AcDbLayerTableRecord
  2
yd_pipes
 70
5
 62
14
420
8323072
  6
Continuous
370
70
390
F
  0
LAYER
  5
83
100
AcDbSymbolTableRecord
100
AcDbLayerTableRecord
  2
zBuildings
 70
4
 62
52
420
11178244
  6
Continuous
370
70
390
F
  0
LAYER
  5
84
100
AcDbSymbolTableRecord
100
AcDbLayerTableRecord
  2
yd_cov_pool_west
 70
0
 62
32
420
12934912
  6
Continuous
370
35
390
F
  0
LAYER
  5
85
100
AcDbSymbolTableRecord
100
AcDbLayerTableRecord
  2
yd_cov_north
 70
4
 62
211
420
16744447
  6
Continuous
370
35
390
F
  0
ENDTAB
  0
TABLE
  2
STYLE
  5
3
100
AcDbSymbolTable
 70
73
  0
STYLE
  5
86
100
AcDbSymbolTableRecord
100
AcDbTextStyleTableRecord
  2
Standard
 70
0
 40
0.0
 41
1.0
 50
0.0
 71
0
 42
2.5
  3

  4

1001
ACAD
1000
txt
1071
0
  0
STYLE
  5
87
100
AcDbSymbolTableRecord
100
AcDbTextStyleTableRecord
  2
textstyle0
 70
0
 40
0.0
 41
1.0
 50
0.0
 71
0
 42
0.15
  3

  4

1001
ACAD
1000
textstyle66
1071
33554432
  0
STYLE
  5
88
100
AcDbSymbolTableRecord
100
AcDbTextStyleTableRecord
  2
textstyle1
 70
0
 40
0.0
 41
1.0
 50
0.0
 71
0
 42
0.15
  3

  4

1001
ACAD
1000
textstyle63
1071
33554432
  0
STYLE
  5
89
100
AcDbSymbolTableRecord
100
AcDbTextStyleTableRecord
  2
textstyle2
 70
0
 40
0.0
 41
1.0
 50
0.0
 71
0
 42
0.15
  3

  4

1001
ACAD
1000
textstyle68
1071
33554432
  0
STYLE
  5
8A
100
AcDbSymbolTableRecord
100
AcDbTextStyleTableRecord
  2
textstyle3
 70
0
 40
0.0
 41
1.0
 50
0.0
 71
0
 42
0.15
  3

  4

1001
ACAD
1000
textstyle65
1071
33554432
  0
STYLE
  5
8B
100
AcDbSymbolTableRecord
100
AcDbTextStyleTableRecord
  2
textstyle4
 70
0
 40
0.0
 41
1.0
 50
0.0
 71
0
 42
0.15
  3

  4

1001
ACAD
1000
textstyle46
1071
33554432
  0
STYLE
  5
8C
100
AcDbSymbolTableRecord
100
AcDbTextStyleTableRecord
  2
textstyle5
 70
0
 40
0.0
 41
1.0
 50
0.0
 71
0
 42
0.15
  3

  4

1001
ACAD
1000
textstyle43
1071
33554432
  0
STYLE
  5
8D
100
AcDbSymbolTableRecord
100
AcDbTextStyleTableRecord
  2
textstyle6
 70
0
 40
0.0
 41
1.0
 50
0.0
 71
0
 42
0.15
  3

  4

1001
ACAD
1000
textstyle64
1071
33554432
  0
STYLE
  5
8E
100
AcDbSymbolTableRecord
100
AcDbTextStyleTableRecord
  2
textstyle7
 70
0
 40
0.0
 41
1.0
 50
0.0
 71
0
 42
0.15
  3

  4

1001
ACAD
1000
textstyle45
1071
33554432
  0
STYLE
  5
8F
100
AcDbSymbolTableRecord
100
AcDbTextStyleTableRecord
  2
textstyle8
 70
0
 40
0.0
 41
1.0
 50
0.0
 71
0
 42
0.15
  3

  4

1001
ACAD
1000
textstyle58
1071
33554432
  0
STYLE
  5
90
100
AcDbSymbolTableRecord
100
AcDbTextStyleTableRecord
  2
textstyle9
 70
0
 40
0.0
 41
1.0
 50
0.0
 71
0
 42
0.15
  3

  4

1001
ACAD
1000
textstyle55
1071
33554432
  0
STYLE
  5
91
100
AcDbSymbolTableRecord
100
AcDbTextStyleTableRecord
  2
textstyle10
 70
0
 40
0.0
 41
1.0
 50
0.0
 71
0
 42
0.15
  3

  4

1001
ACAD
1000
textstyle60
1071
33554432
  0
STYLE
  5
92
100
AcDbSymbolTableRecord
100
AcDbTextStyleTableRecord
  2
textstyle11
 70
0
 40
0.0
 41
1.0
 50
0.0
 71
0
 42
0.15
  3

  4

1001
ACAD
1000
textstyle57
1071
33554432
  0
STYLE
  5
93
100
AcDbSymbolTableRecord
100
AcDbTextStyleTableRecord
  2
textstyle12
 70
0
 40
0.0
 41
1.0
 50
0.0
 71
0
 42
0.15
  3

  4

1001
ACAD
1000
textstyle70
1071
33554432
  0
STYLE
  5
94
100
AcDbSymbolTableRecord
100
AcDbTextStyleTableRecord
  2
textstyle13
 70
0
 40
0.0
 41
1.0
 50
0.0
 71
0
 42
0.15
  3

  4

1001
ACAD
1000
textstyle67
1071
33554432
  0
STYLE
  5
95
100
AcDbSymbolTableRecord
100
AcDbTextStyleTableRecord
  2
textstyle14
 70
0
 40
0.0
 41
1.0
 50
0.0
 71
0
 42
0.15
  3

  4

1001
ACAD
1000
textstyle56
1071
33554432
  0
STYLE
  5
96
100
AcDbSymbolTableRecord
100
AcDbTextStyleTableRecord
  2
textstyle15
 70
0
 40
0.0
 41
1.0
 50
0.0
 71
0
 42
0.15
  3

  4

1001
ACAD
1000
textstyle69
1071
33554432
  0
STYLE
  5
97
100
AcDbSymbolTableRecord
100
AcDbTextStyleTableRecord
  2
textstyle16
 70
0
 40
0.0
 41
1.0
 50
0.0
 71
0
 42
0.15
  3

  4

1001
ACAD
1000
arial
1071
33554432
  0
STYLE
  5
98
100
AcDbSymbolTableRecord
100
AcDbTextStyleTableRecord
  2
textstyle17
 70
0
 40
0.0
 41
1.0
 50
0.0
 71
0
 42
0.15
  3

  4

1001
ACAD
1000
Arial
1071
33554432
  0
STYLE
  5
99
100
AcDbSymbolTableRecord
100
AcDbTextStyleTableRecord
  2
textstyle18
 70
0
 40
0.0
 41
1.0
 50
0.0
 71
0
 42
0.15
  3

  4

1001
ACAD
1000
Arial
1071
33554432
  0
STYLE
  5
9A
100
AcDbSymbolTableRecord
100
AcDbTextStyleTableRecord
  2
textstyle19
 70
0
 40
0.0
 41
1.0
 50
0.0
 71
0
 42
0.15
  3

  4

1001
ACAD
1000
arial
1071
33554432
  0
STYLE
  5
9B
100
AcDbSymbolTableRecord
100
AcDbTextStyleTableRecord
  2
textstyle20
 70
0
 40
0.0
 41
1.0
 50
0.0
 71
0
 42
0.15
  3

  4

1001
ACAD
1000
arial
1071
33554432
  0
STYLE
  5
9C
100
AcDbSymbolTableRecord
100
AcDbTextStyleTableRecord
  2
textstyle21
 70
0
 40
0.0
 41
1.0
 50
0.0
 71
0
 42
0.15
  3

  4

1001
ACAD
1000
arial
1071
33554432
  0
STYLE
  5
9D
100
AcDbSymbolTableRecord
100
AcDbTextStyleTableRecord
  2
textstyle22
 70
0
 40
0.0
 41
1.0
 50
0.0
 71
0
 42
0.15
  3

  4

1001
ACAD
1000
arial
1071
33554432
  0
STYLE
  5
9E
100
AcDbSymbolTableRecord
100
AcDbTextStyleTableRecord
  2
textstyle23
 70
0
 40
0.0
 41
1.0
 50
0.0
 71
0
 42
0.15
  3

  4

1001
ACAD
1000
arial
1071
33554432
  0
STYLE
  5
9F
100
AcDbSymbolTableRecord
100
AcDbTextStyleTableRecord
  2
textstyle24
 70
0
 40
0.0
 41
1.0
 50
0.0
 71
0
 42
0.15
  3

  4

1001
ACAD
1000
arialbd
1071
33554432
  0
STYLE
  5
A0
100
AcDbSymbolTableRecord
100
AcDbTextStyleTableRecord
  2
textstyle25
 70
0
 40
0.0
 41
1.0
 50
0.0
 71
0
 42
0.15
  3

  4

1001
ACAD
1000
arialbd
1071
33554432
  0
STYLE
  5
A1
100
AcDbSymbolTableRecord
100
AcDbTextStyleTableRecord
  2
textstyle26
 70
0
 40
0.0
 41
1.0
 50
0.0
 71
0
 42
0.15
  3

  4

1001
ACAD
1000
textstyle44
1071
33554432
  0
STYLE
  5
A2
100
AcDbSymbolTableRecord
100
AcDbTextStyleTableRecord
  2
textstyle27
 70
0
 40
0.0
 41
1.0
 50
0.0
 71
0
 42
0.15
  3

  4

1001
ACAD
1000
textstyle41
1071
33554432
  0
STYLE
  5
A3
100
AcDbSymbolTableRecord
100
AcDbTextStyleTableRecord
  2
textstyle28
 70
0
 40
0.0
 41
1.0
 50
0.0
 71
0
 42
0.15
  3

  4

1001
ACAD
1000
arial
1071
33554432
  0
STYLE
  5
A4
100
AcDbSymbolTableRecord
100
AcDbTextStyleTableRecord
  2
textstyle29
 70
0
 40
0.0
 41
1.0
 50
0.0
 71
0
 42
0.15
  3

  4

1001
ACAD
1000
arial
1071
33554432
  0
STYLE
  5
A5
100
AcDbSymbolTableRecord
100
AcDbTextStyleTableRecord
  2
textstyle30
 70
0
 40
0.0
 41
1.0
 50
0.0
 71
0
 42
0.15
  3

  4

1001
ACAD
1000
arial
1071
33554432
  0
STYLE
  5
A6
100
AcDbSymbolTableRecord
100
AcDbTextStyleTableRecord
  2
textstyle31
 70
0
 40
0.0
 41
1.0
 50
0.0
 71
0
 42
0.15
  3

  4

1001
ACAD
1000
arial
1071
33554432
  0
STYLE
  5
A7
100
AcDbSymbolTableRecord
100
AcDbTextStyleTableRecord
  2
textstyle32
 70
0
 40
0.0
 41
1.0
 50
0.0
 71
0
 42
0.15
  3

  4

1001
ACAD
1000
arial
1071
33554432
  0
STYLE
  5
A8
100
AcDbSymbolTableRecord
100
AcDbTextStyleTableRecord
  2
textstyle33
 70
0
 40
0.0
 41
1.0
 50
0.0
 71
0
 42
0.15
  3

  4

1001
ACAD
1000
arialbd
1071
33554432
  0
STYLE
  5
A9
100
AcDbSymbolTableRecord
100
AcDbTextStyleTableRecord
  2
textstyle34
 70
0
 40
0.0
 41
1.0
 50
0.0
 71
0
 42
0.15
  3

  4

1001
ACAD
1000
arialbd
1071
33554432
  0
STYLE
  5
AA
100
AcDbSymbolTableRecord
100
AcDbTextStyleTableRecord
  2
textstyle35
 70
0
 40
0.0
 41
1.0
 50
0.0
 71
0
 42
0.15
  3

  4

1001
ACAD
1000
arialbd
1071
33554432
  0
STYLE
  5
AB
100
AcDbSymbolTableRecord
100
AcDbTextStyleTableRecord
  2
textstyle36
 70
0
 40
0.0
 41
1.0
 50
0.0
 71
0
 42
0.15
  3

  4

1001
ACAD
1000
arialbd
1071
33554432
  0
STYLE
  5
AC
100
AcDbSymbolTableRecord
100
AcDbTextStyleTableRecord
  2
textstyle37
 70
0
 40
0.0
 41
1.0
 50
0.0
 71
0
 42
0.15
  3

  4

1001
ACAD
1000
arialbd
1071
33554432
  0
STYLE
  5
AD
100
AcDbSymbolTableRecord
100
AcDbTextStyleTableRecord
  2
textstyle38
 70
0
 40
0.0
 41
1.0
 50
0.0
 71
0
 42
0.15
  3

  4

1001
ACAD
1000
arialbd
1071
33554432
  0
STYLE
  5
AE
100
AcDbSymbolTableRecord
100
AcDbTextStyleTableRecord
  2
textstyle39
 70
0
 40
0.0
 41
1.0
 50
0.0
 71
0
 42
0.15
  3

  4

1001
ACAD
1000
arialbd
1071
33554432
  0
STYLE
  5
AF
100
AcDbSymbolTableRecord
100
AcDbTextStyleTableRecord
  2
textstyle40
 70
0
 40
0.0
 41
1.0
 50
0.0
 71
0
 42
0.15
  3

  4

1001
ACAD
1000
arialbd
1071
33554432
  0
STYLE
  5
B0
100
AcDbSymbolTableRecord
100
AcDbTextStyleTableRecord
  2
textstyle41
 70
0
 40
0.0
 41
1.0
 50
0.0
 71
0
 42
0.15
  3

  4

1001
ACAD
1000
arialbd
1071
33554432
  0
STYLE
  5
B1
100
AcDbSymbolTableRecord
100
AcDbTextStyleTableRecord
  2
textstyle42
 70
0
 40
0.0
 41
1.0
 50
0.0
 71
0
 42
0.15
  3

  4

1001
ACAD
1000
arialbd
1071
33554432
  0
STYLE
  5
B2
100
AcDbSymbolTableRecord
100
AcDbTextStyleTableRecord
  2
textstyle43
 70
0
 40
0.0
 41
1.0
 50
0.0
 71
0
 42
0.15
  3

  4

1001
ACAD
1000
arialbd
1071
33554432
  0
STYLE
  5
B3
100
AcDbSymbolTableRecord
100
AcDbTextStyleTableRecord
  2
textstyle44
 70
0
 40
0.0
 41
1.0
 50
0.0
 71
0
 42
0.15
  3

  4

1001
ACAD
1000
arialbd
1071
33554432
  0
STYLE
  5
B4
100
AcDbSymbolTableRecord
100
AcDbTextStyleTableRecord
  2
textstyle45
 70
0
 40
0.0
 41
1.0
 50
0.0
 71
0
 42
0.15
  3

  4

1001
ACAD
1000
arialbd
1071
33554432
  0
STYLE
  5
B5
100
AcDbSymbolTableRecord
100
AcDbTextStyleTableRecord
  2
textstyle46
 70
0
 40
0.0
 41
1.0
 50
0.0
 71
0
 42
0.15
  3

  4

1001
ACAD
1000
arialbd
1071
33554432
  0
STYLE
  5
B6
100
AcDbSymbolTableRecord
100
AcDbTextStyleTableRecord
  2
textstyle47
 70
0
 40
0.0
 41
1.0
 50
0.0
 71
0
 42
0.15
  3

  4

1001
ACAD
1000
arialbd
1071
33554432
  0
STYLE
  5
B7
100
AcDbSymbolTableRecord
100
AcDbTextStyleTableRecord
  2
textstyle48
 70
0
 40
0.0
 41
1.0
 50
0.0
 71
0
 42
0.15
  3

  4

1001
ACAD
1000
arialbd
1071
33554432
  0
STYLE
  5
B8
100
AcDbSymbolTableRecord
100
AcDbTextStyleTableRecord
  2
textstyle49
 70
0
 40
0.0
 41
1.0
 50
0.0
 71
0
 42
0.15
  3

  4

1001
ACAD
1000
arialbd
1071
33554432
  0
STYLE
  5
B9
100
AcDbSymbolTableRecord
100
AcDbTextStyleTableRecord
  2
textstyle50
 70
0
 40
0.0
 41
1.0
 50
0.0
 71
0
 42
0.15
  3

  4

1001
ACAD
1000
arialbd
1071
33554432
  0
STYLE
  5
BA
100
AcDbSymbolTableRecord
100
AcDbTextStyleTableRecord
  2
textstyle51
 70
0
 40
0.0
 41
1.0
 50
0.0
 71
0
 42
0.15
  3

  4

1001
ACAD
1000
arialbd
1071
33554432
  0
STYLE
  5
BB
100
AcDbSymbolTableRecord
100
AcDbTextStyleTableRecord
  2
textstyle52
 70
0
 40
0.0
 41
1.0
 50
0.0
 71
0
 42
0.15
  3

  4

1001
ACAD
1000
arialbd
1071
33554432
  0
STYLE
  5
BC
100
AcDbSymbolTableRecord
100
AcDbTextStyleTableRecord
  2
textstyle53
 70
0
 40
0.0
 41
1.0
 50
0.0
 71
0
 42
0.15
  3

  4

1001
ACAD
1000
arialbd
1071
33554432
  0
STYLE
  5
BD
100
AcDbSymbolTableRecord
100
AcDbTextStyleTableRecord
  2
textstyle54
 70
0
 40
0.0
 41
1.0
 50
0.0
 71
0
 42
0.15
  3

  4

1001
ACAD
1000
arialbd
1071
33554432
  0
STYLE
  5
BE
100
AcDbSymbolTableRecord
100
AcDbTextStyleTableRecord
  2
textstyle55
 70
0
 40
0.0
 41
1.0
 50
0.0
 71
0
 42
0.15
  3

  4

1001
ACAD
1000
arialbd
1071
33554432
  0
STYLE
  5
BF
100
AcDbSymbolTableRecord
100
AcDbTextStyleTableRecord
  2
textstyle56
 70
0
 40
0.0
 41
1.0
 50
0.0
 71
0
 42
0.15
  3

  4

1001
ACAD
1000
textstyle18
1071
33554432
  0
STYLE
  5
C0
100
AcDbSymbolTableRecord
100
AcDbTextStyleTableRecord
  2
textstyle57
 70
0
 40
0.0
 41
1.0
 50
0.0
 71
0
 42
0.15
  3

  4

1001
ACAD
1000
textstyle15
1071
33554432
  0
STYLE
  5
C1
100
AcDbSymbolTableRecord
100
AcDbTextStyleTableRecord
  2
textstyle58
 70
0
 40
0.0
 41
1.0
 50
0.0
 71
0
 42
0.15
  3

  4

1001
ACAD
1000
textstyle20
1071
33554432
  0
STYLE
  5
C2
100
AcDbSymbolTableRecord
100
AcDbTextStyleTableRecord
  2
textstyle59
 70
0
 40
0.0
 41
1.0
 50
0.0
 71
0
 42
0.15
  3

  4

1001
ACAD
1000
textstyle17
1071
33554432
  0
STYLE
  5
C3
100
AcDbSymbolTableRecord
100
AcDbTextStyleTableRecord
  2
textstyle60
 70
0
 40
0.0
 41
1.0
 50
0.0
 71
0
 42
0.15
  3

  4

1001
ACAD
1000
textstyle62
1071
33554432
  0
STYLE
  5
C4
100
AcDbSymbolTableRecord
100
AcDbTextStyleTableRecord
  2
textstyle61
 70
0
 40
0.0
 41
1.0
 50
0.0
 71
0
 42
0.15
  3

  4

1001
ACAD
1000
textstyle59
1071
33554432
  0
STYLE
  5
C5
100
AcDbSymbolTableRecord
100
AcDbTextStyleTableRecord
  2
textstyle62
 70
0
 40
0.0
 41
1.0
 50
0.0
 71
0
 42
0.15
  3

  4

1001
ACAD
1000
textstyle16
1071
33554432
  0
STYLE
  5
C6
100
AcDbSymbolTableRecord
100
AcDbTextStyleTableRecord
  2
textstyle63
 70
0
 40
0.0
 41
1.0
 50
0.0
 71
0
 42
0.15
  3

  4

1001
ACAD
1000
arialbd
1071
33554432
  0
STYLE
  5
C7
100
AcDbSymbolTableRecord
100
AcDbTextStyleTableRecord
  2
textstyle64
 70
0
 40
0.0
 41
1.0
 50
0.0
 71
0
 42
0.15
  3

  4

1001
ACAD
1000
textstyle10
1071
33554432
  0
STYLE
  5
C8
100
AcDbSymbolTableRecord
100
AcDbTextStyleTableRecord
  2
textstyle65
 70
0
 40
0.0
 41
1.0
 50
0.0
 71
0
 42
0.15
  3

  4

1001
ACAD
1000
textstyle8
1071
33554432
  0
STYLE
  5
C9
100
AcDbSymbolTableRecord
100
AcDbTextStyleTableRecord
  2
textstyle66
 70
0
 40
0.0
 41
1.0
 50
0.0
 71
0
 42
0.15
  3

  4

1001
ACAD
1000
arialbd
1071
33554432
  0
STYLE
  5
CA
100
AcDbSymbolTableRecord
100
AcDbTextStyleTableRecord
  2
textstyle67
 70
0
 40
0.0
 41
1.0
 50
0.0
 71
0
 42
0.15
  3

  4

1001
ACAD
1000
arialbd
1071
33554432
  0
STYLE
  5
CB
100
AcDbSymbolTableRecord
100
AcDbTextStyleTableRecord
  2
textstyle68
 70
0
 40
0.0
 41
1.0
 50
0.0
 71
0
 42
0.15
  3

  4

1001
ACAD
1000
textstyle22
1071
33554432
  0
STYLE
  5
CC
100
AcDbSymbolTableRecord
100
AcDbTextStyleTableRecord
  2
textstyle69
 70
0
 40
0.0
 41
1.0
 50
0.0
 71
0
 42
0.15
  3

  4

1001
ACAD
1000
textstyle19
1071
33554432
  0
STYLE
  5
CD
100
AcDbSymbolTableRecord
100
AcDbTextStyleTableRecord
  2
textstyle70
 70
0
 40
0.0
 41
1.0
 50
0.0
 71
0
 42
0.15
  3

  4

1001
ACAD
1000
textstyle9
1071
33554432
  0
STYLE
  5
CE
100
AcDbSymbolTableRecord
100
AcDbTextStyleTableRecord
  2
textstyle71
 70
0
 40
0.0
 41
1.0
 50
0.0
 71
0
 42
0.15
  3

  4

1001
ACAD
1000
textstyle21
1071
33554432
  0
ENDTAB
  0
TABLE
  2
VIEW
  5
6
100
AcDbSymbolTable
 70
0
  0
ENDTAB
  0
TABLE
  2
UCS
  5
7
100
AcDbSymbolTable
 70
0
  0
ENDTAB
  0
TABLE
  2
APPID
  5
9
100
AcDbSymbolTable
 70
1
  0
APPID
  5
12
100
AcDbSymbolTableRecord
100
AcDbRegAppTableRecord
  2
ACAD
 70
0
  0
APPID
  5
CF
100
AcDbSymbolTableRecord
100
AcDbRegAppTableRecord
  2
QCAD
 70
0
  0
ENDTAB
  0
TABLE
  2
DIMSTYLE
  5
A
100
AcDbSymbolTable
 70
1
100
AcDbDimStyleTable
 71
0
  0
DIMSTYLE
105
27
100
AcDbSymbolTableRecord
100
AcDbDimStyleTableRecord
  2
Standard
 41
0.125
 42
0.03125
 43
3.75
 44
0.0625
 70
0
 73
1
 74
0
 77
0
 78
8
140
0.125
141
2.5
143
0.03937007874016
147
0.03125
171
3
172
1
271
2
272
2
274
3
278
44
283
0
284
8
340
86
  0
ENDTAB
  0
TABLE
  2
BLOCK_RECORD
  5
1
100
AcDbSymbolTable
 70
1
  0
BLOCK_RECORD
  5
1F
100
AcDbSymbolTableRecord
100
AcDbBlockTableRecord
  2
*Model_Space
340
22
  0
BLOCK_RECORD
  5
1B
100
AcDbSymbolTableRecord
100
AcDbBlockTableRecord
  2
*Paper_Space
340
1E
  0
BLOCK_RECORD
  5
23
100
AcDbSymbolTableRecord
100
AcDbBlockTableRecord
  2
*Paper_Space0
340
26
  0
ENDTAB
  0
ENDSEC
  0
SECTION
  2
BLOCKS
  0
BLOCK
  5
20
100
AcDbEntity
  8
0
100
AcDbBlockBegin
  2
*Model_Space
 70
0
 10
0.0
 20
0.0
 30
0.0
  3
*Model_Space
  1

  0
ENDBLK
  5
21
100
AcDbEntity
  8
0
100
AcDbBlockEnd
  0
BLOCK
  5
1C
100
AcDbEntity
 67
1
  8
0
100
AcDbBlockBegin
  2
*Paper_Space
 70
0
 10
0.0
 20
0.0
 30
0.0
  3
*Paper_Space
  1

  0
ENDBLK
  5
1D
100
AcDbEntity
 67
1
  8
0
100
AcDbBlockEnd
  0
BLOCK
  5
24
100
AcDbEntity
  8
0
100
AcDbBlockBegin
  2
*Paper_Space0
 70
0
 10
0.0
 20
0.0
 30
0.0
  3
*Paper_Space0
  1

  0
ENDBLK
  5
25
100
AcDbEntity
  8
0
100
AcDbBlockEnd
  0
ENDSEC
  0
SECTION
  2
ENTITIES
  0
LINE
  5
D0
100
AcDbEntity
  8
zAsphalt
 62
251
420
7631988
370
35
 48
2.0
  6
Continuous
100
AcDbLine
 10
7.2972257385899368
 20
10.7575105675481808
 30
0.0
 11
9.1939979441511781
 21
11.4135985410079783
 31
0.0
  0
ARC
  5
D1
100
AcDbEntity
  8
zAsphalt
 62
251
420
7631988
370
35
 48
2.0
  6
Continuous
100
AcDbCircle
 10
2.9743846777201597
 20
11.1383764936446994
 30
0.0
 40
0.4562242561764507
100
AcDbArc
 50
85.2731536363225757
 51
264.9279606627592898
  0
LINE
  5
D2
100
AcDbEntity
  8
zAsphalt
 62
251
420
7631988
370
35
 48
2.0
  6
Continuous
100
AcDbLine
 10
3.0119800572129094
 20
11.5930490784401314
 30
0.0
 11
6.5552871438270799
 21
11.5930490784401314
 31
0.0
  0
LINE
  5
D3
100
AcDbEntity
  8
zAsphalt
 62
251
420
7631988
370
35
 48
2.0
  6
Continuous
100
AcDbLine
 10
1.6093254802482591
 20
10.300978094089686
 30
0.0
 11
2.0276699070749942
 21
10.0485884812107358
 31
0.0
  0
ARC
  5
D4
100
AcDbEntity
  8
zAsphalt
 62
251
420
7631988
370
35
 48
2.0
  6
Continuous
100
AcDbCircle
 10
3.305096750918544
 20
10.3866356143973206
 30
0.0
 40
0.4754621637486501
100
AcDbArc
 50
141.2963216534170101
 51
176.7551531266434779
  0
LINE
  5
D5
100
AcDbEntity
  8
zAsphalt
 62
251
420
7631988
370
35
 48
2.0
  6
Continuous
100
AcDbLine
 10
2.8303968645554036
 20
10.4135481959042977
 30
0.0
 11
3.0449355948463435
 21
10.3191500827985507
 31
0.0
  0
LINE
  5
D6
100
AcDbEntity
  8
zAsphalt
 62
251
420
7631988
370
35
 48
2.0
  6
Continuous
100
AcDbLine
 10
2.76860997819022
 20
10.2243405545014312
 30
0.0
 11
2.9944754686002
 21
10.1482140741457627
 31
0.0
  0
LINE
  5
D7
100
AcDbEntity
  8
zConcrete
 62
252
420
9211020
370
50
 48
2.0
  6
Continuous
100
AcDbLine
 10
5.4560651204724877
 20
10.1843563049091301
 30
0.0
 11
5.0013897783483685
 21
11.5770288204249425
 31
0.0
  0
LINE
  5
D8
100
AcDbEntity
  8
zConcrete
 62
252
420
9211020
370
50
 48
2.0
  6
Continuous
100
AcDbLine
 10
5.1682834735491809
 20
11.5780464649078709
 30
0.0
 11
5.5992866741086473
 21
10.211339140886011
 31
0.0
  0
LINE
  5
D9
100
AcDbEntity
  8
zConcrete
 62
252
420
9211020
370
50
 48
2.0
  6
Continuous
100
AcDbLine
 10
5.5992866741086473
 20
10.211339140886011
 30
0.0
 11
6.6141890156070247
 21
10.5176889518336338
 31
0.0
  0
LINE
  5
DA
100
AcDbEntity
  8
zConcrete
 62
252
420
9211020
370
50
 48
2.0
  6
Continuous
100
AcDbLine
 10
5.4553551263247186
 20
10.1843519756765204
 30
0.0
 11
5.2999781185259494
 21
10.1335521847158816
 31
0.0
  0
LINE
  5
DB
100
AcDbEntity
  8
zConcrete
 62
252
420
9211020
370
50
 48
2.0
  6
Continuous
100
AcDbLine
 10
5.3799781185259477
 20
9.9035521847158776
 30
0.0
 11
5.5318187610849279
 21
9.9504632105276158
 31
0.0
  0
LINE
  5
DC
100
AcDbEntity
  8
zConcrete
 62
252
420
9211020
370
50
 48
2.0
  6
Continuous
100
AcDbLine
 10
5.5318187610849279
 20
9.9504632105276158
 30
0.0
 11
5.8905231653277141
 21
8.8293713891167869
 31
0.0
  0
LINE
  5
DD
100
AcDbEntity
  8
zConcrete
 62
252
420
9211020
370
50
 48
2.0
  6
Continuous
100
AcDbLine
 10
5.8905231653277141
 20
8.8293713891167869
 30
0.0
 11
5.7799781185259462
 21
8.493552184715881
 31
0.0
  0
LINE
  5
DE
100
AcDbEntity
  8
zConcrete
 62
252
420
9211020
370
50
 48
2.0
  6
Continuous
100
AcDbLine
 10
5.6600077958300048
 20
10.0494161496290815
 30
0.0
 11
6.0367036435457777
 21
8.8293713891167869
 31
0.0
  0
LINE
  5
DF
100
AcDbEntity
  8
zConcrete
 62
252
420
9211020
370
50
 48
2.0
  6
Continuous
100
AcDbLine
 10
6.0367036435457777
 20
8.8293713891167869
 30
0.0
 11
5.9199781185259468
 21
8.4835521847158759
 31
0.0
  0
LINE
  5
E0
100
AcDbEntity
  8
zConcrete
 62
252
420
9211020
370
50
 48
1.0
  6
ByLayer
100
AcDbLine
 10
1.6093254802482591
 20
10.300978094089686
 30
0.0
 11
0.4499781185259337
 21
10.493552184715881
 31
0.0
  0
LINE
  5
E1
100
AcDbEntity
  8
zAsphalt
 62
251
420
7631988
370
35
 48
1.0
  6
ByLayer
100
AcDbLine
 10
0.4465367451294142
 20
11.3234790155452174
 30
0.0
 11
0.4499781185259337
 21
12.1747409323741493
 31
0.0
  0
SPLINE
  5
E2
100
AcDbEntity
  8
zAsphalt
 62
251
420
7631988
370
35
 48
1.0
  6
ByLayer
100
AcDbSpline
 70
8
 71
3
 72
10
 73
6
 74
0
 40
0.0
 40
0.0
 40
0.0
 40
0.0
 40
1.0
 40
2.0
 40
3.0
 40
3.0
 40
3.0
 40
3.0
 10
1.6093254802482591
 20
10.300978094089686
 30
0.0
 10
1.5874760910205268
 20
10.8480876214239288
 30
0.0
 10
1.1499781185259437
 20
11.2935521847158711
 30
0.0
 10
0.4465367451294142
 20
11.3234790155452174
 30
0.0
 10
0.4465367451294142
 20
11.3234790155452174
 30
0.0
 10
0.4465367451294142
 20
11.3234790155452174
 30
0.0
  0
SPLINE
  5
E3
100
AcDbEntity
  8
zConcrete
 62
252
420
9211020
370
50
 48
1.0
  6
ByLayer
100
AcDbSpline
 70
8
 71
3
 72
12
 73
8
 74
0
 40
0.0
 40
0.0
 40
0.0
 40
0.0
 40
1.0
 40
2.0
 40
3.0
 40
4.0
 40
5.0
 40
5.0
 40
5.0
 40
5.0
 10
2.934050706660905
 20
10.6839386621403634
 30
0.0
 10
3.1866726700986732
 20
10.6428357294926812
 30
0.0
 10
3.2932755887804248
 20
10.6082618099202151
 30
0.0
 10
3.7647719583312735
 20
10.7599451686811776
 30
0.0
 10
3.9071904075732036
 20
10.9683624114742457
 30
0.0
 10
5.1206585834367786
 20
11.2106655190489093
 30
0.0
 10
5.1206585834367786
 20
11.2106655190489093
 30
0.0
 10
5.1206585834367786
 20
11.2106655190489093
 30
0.0
  0
LINE
  5
E4
100
AcDbEntity
  8
zConcrete
 62
252
420
9211020
370
50
 48
1.0
  6
ByLayer
100
AcDbLine
 10
3.7727247037401739
 20
8.1324603962787947
 30
0.0
 11
3.9148651366718852
 21
7.6553376919776994
 31
0.0
  0
LINE
  5
E5
100
AcDbEntity
  8
zConcrete
 62
252
420
9211020
370
50
 48
1.0
  6
ByLayer
100
AcDbLine
 10
5.3851810419815251
 20
8.4672463040474995
 30
0.0
 11
5.4527070451753588
 21
8.2388184963683457
 31
0.0
  0
LINE
  5
E6
100
AcDbEntity
  8
zConcrete
 62
252
420
9211020
370
50
 48
1.0
  6
ByLayer
100
AcDbLine
 10
4.0223945128744845
 20
8.1946687073224851
 30
0.0
 11
4.101176939678524
 21
7.9388464466730255
 31
0.0
  0
LINE
  5
E7
100
AcDbEntity
  8
zConcrete
 62
252
420
9211020
370
50
 48
1.0
  6
ByLayer
100
AcDbLine
 10
4.101176939678524
 20
7.9388464466730255
 30
0.0
 11
4.9081711715140486
 21
8.1970970858869094
 31
0.0
  0
LINE
  5
E8
100
AcDbEntity
  8
zConcrete
 62
252
420
9211020
370
50
 48
1.0
  6
ByLayer
100
AcDbLine
 10
4.9081711715140486
 20
8.1970970858869094
 30
0.0
 11
4.8269023002502465
 21
8.4521236458414037
 31
0.0
  0
LINE
  5
E9
100
AcDbEntity
  8
zConcrete
 62
252
420
9211020
370
50
 48
1.0
  6
ByLayer
100
AcDbLine
 10
5.4527070451753588
 20
8.2388184963683457
 30
0.0
 11
5.3126049196106777
 21
8.1944277850774583
 31
0.0
  0
LINE
  5
EA
100
AcDbEntity
  8
zConcrete
 62
252
420
9211020
370
50
 48
1.0
  6
ByLayer
100
AcDbLine
 10
5.3126167774826456
 20
8.1943862825255493
 30
0.0
 11
5.24676082214188
 21
8.4248821262182574
 31
0.0
  0
LINE
  5
EB
100
AcDbEntity
  8
zConcrete
 62
252
420
9211020
370
50
 48
1.0
  6
ByLayer
100
AcDbLine
 10
5.24676082214188
 20
8.4248821262182574
 30
0.0
 11
5.3853780150754673
 21
8.4665799810031572
 31
0.0
  0
SPLINE
  5
EC
100
AcDbEntity
  8
zConcrete
 62
252
420
9211020
370
50
 48
1.0
  6
ByLayer
100
AcDbSpline
 70
8
 71
3
 72
13
 73
9
 74
0
 40
0.0
 40
0.0
 40
0.0
 40
0.0
 40
1.0
 40
2.0
 40
3.0
 40
4.0
 40
5.0
 40
6.0
 40
6.0
 40
6.0
 40
6.0
 10
5.6600077958300048
 20
10.0494161496290815
 30
0.0
 10
6.4499781185259337
 20
10.2935521847158711
 30
0.0
 10
6.5499781185259494
 20
10.2935521847158711
 30
0.0
 10
6.5962903546266531
 20
10.1146880426044348
 30
0.0
 10
6.7499781185259451
 20
10.0935521847158753
 30
0.0
 10
7.0983036668187438
 20
10.1727722274861705
 30
0.0
 10
7.4499781185259337
 20
10.3935521847158654
 30
0.0
 10
7.5173395720369243
 20
10.4382999298026604
 30
0.0
 10
7.5173395720369243
 20
10.4382999298026604
 30
0.0
  0
SPLINE
  5
ED
100
AcDbEntity
  8
zConcrete
 62
252
420
9211020
370
50
 48
1.0
  6
ByLayer
100
AcDbSpline
 70
8
 71
3
 72
17
 73
13
 74
0
 40
0.0
 40
0.0
 40
0.0
 40
0.0
 40
1.0
 40
2.0
 40
3.0
 40
4.0
 40
5.0
 40
6.0
 40
7.0
 40
8.0
 40
9.0
 40
10.0
 40
10.0
 40
10.0
 40
10.0
 10
6.6695081696992276
 20
10.3374437610166936
 30
0.0
 10
6.6523001043340457
 20
10.3292021400110201
 30
0.0
 10
6.6528601981196331
 20
10.3269452620997058
 30
0.0
 10
6.6828679666103668
 20
10.2402774497526465
 30
0.0
 10
6.6953730011779484
 20
10.2319407600409207
 30
0.0
 10
6.7523403808747133
 20
10.219435725473339
 30
0.0
 10
6.845433415988964
 20
10.2416668980379413
 30
0.0
 10
7.1080391419082432
 20
10.3333704848668759
 30
0.0
 10
7.4540117649447595
 20
10.5195565550953702
 30
0.0
 10
7.4540117649447595
 20
10.5195565550953702
 30
0.0
 10
7.5173395720369243
 20
10.4382999298026604
 30
0.0
 10
7.5173395720369243
 20
10.4382999298026604
 30
0.0
 10
7.5173395720369243
 20
10.4382999298026604
 30
0.0
  0
SPLINE
  5
EE
100
AcDbEntity
  8
zAsphalt
 62
251
420
7631988
370
35
 48
1.0
  6
ByLayer
100
AcDbSpline
 70
8
 71
3
 72
15
 73
11
 74
0
 40
0.0
 40
0.0
 40
0.0
 40
0.0
 40
1.0
 40
2.0
 40
3.0
 40
4.0
 40
5.0
 40
6.0
 40
7.0
 40
8.0
 40
8.0
 40
8.0
 40
8.0
 10
6.5552871438270799
 20
11.5930490784401314
 30
0.0
 10
6.8499781185259394
 20
11.5935521847158753
 30
0.0
 10
7.0582968932949939
 20
11.5484152213848148
 30
0.0
 10
7.2903903348693788
 20
11.3963540010429867
 30
0.0
 10
7.2957812789880307
 20
11.1758689692339246
 30
0.0
 10
7.3335871974481677
 20
11.0473288464694477
 30
0.0
 10
7.3199781185259454
 20
10.9135521847158756
 30
0.0
 10
7.3199781185259454
 20
10.9135521847158756
 30
0.0
 10
7.3199781185259454
 20
10.9135521847158756
 30
0.0
 10
7.2972257385899368
 20
10.7575105675481808
 30
0.0
 10
7.2972257385899368
 20
10.7575105675481808
 30
0.0
  0
SPLINE
  5
EF
100
AcDbEntity
  8
zConcrete
 62
252
420
9211020
370
50
 48
1.0
  6
ByLayer
100
AcDbSpline
 70
8
 71
3
 72
11
 73
7
 74
0
 40
0.0
 40
0.0
 40
0.0
 40
0.0
 40
1.0
 40
2.0
 40
3.0
 40
4.0
 40
4.0
 40
4.0
 40
4.0
 10
6.5969301308736874
 20
10.6720154612103357
 30
0.0
 10
6.3499781185259394
 20
10.7935521847158711
 30
0.0
 10
6.2499781185259451
 20
11.0935521847158753
 30
0.0
 10
6.1499781185259437
 20
11.3935521847158654
 30
0.0
 10
6.1499781185259437
 20
11.5930490784401314
 30
0.0
 10
6.1499781185259437
 20
11.5930490784401314
 30
0.0
 10
6.1499781185259437
 20
11.5930490784401314
 30
0.0
  0
LINE
  5
F0
100
AcDbEntity
  8
zConcrete
 62
252
420
9211020
370
50
 48
1.0
  6
ByLayer
100
AcDbLine
 10
5.9335040357958349
 20
8.5272044709337962
 30
0.0
 11
7.7098608754095395
 21
8.3954564252951513
 31
0.0
  0
LINE
  5
F1
100
AcDbEntity
  8
zConcrete
 62
252
420
9211020
370
50
 48
1.0
  6
ByLayer
100
AcDbLine
 10
7.5901710153094442
 20
8.4047551724480059
 30
0.0
 11
7.5901710153094442
 21
8.4047551724480059
 31
0.0
  0
LINE
  5
F2
100
AcDbEntity
  8
zConcrete
 62
252
420
9211020
370
50
 48
1.0
  6
ByLayer
100
AcDbLine
 10
7.5336148560905087
 20
7.4956512149706782
 30
0.0
 11
7.6165816483162132
 21
7.4875859171230488
 31
0.0
  0
LINE
  5
F3
100
AcDbEntity
  8
zConcrete
 62
252
420
9211020
370
50
 48
1.0
  6
ByLayer
100
AcDbLine
 10
7.6165816483162132
 20
7.4875859171230488
 30
0.0
 11
7.7140092323382063
 21
8.4358316624221317
 31
0.0
  0
LINE
  5
F4
100
AcDbEntity
  8
zConcrete
 62
252
420
9211020
370
50
 48
1.0
  6
ByLayer
100
AcDbLine
 10
7.6814077475145837
 20
8.4239629055437888
 30
0.0
 11
7.6814077475145837
 21
8.4239629055437888
 31
0.0
  0
SPLINE
  5
F5
100
AcDbEntity
  8
zConcrete
 62
252
420
9211020
370
50
 48
1.0
  6
ByLayer
100
AcDbSpline
 70
8
 71
3
 72
18
 73
14
 74
0
 40
0.0
 40
0.0
 40
0.0
 40
0.0
 40
1.0
 40
2.0
 40
3.0
 40
4.0
 40
5.0
 40
6.0
 40
7.0
 40
8.0
 40
9.0
 40
10.0
 40
11.0
 40
11.0
 40
11.0
 40
11.0
 10
7.7128927148378352
 20
8.4357537783588157
 30
0.0
 10
7.748861601025574
 20
8.8934743006525707
 30
0.0
 10
7.4881272350514791
 20
9.2956420627814467
 30
0.0
 10
7.4078295360501585
 20
9.8758936048582768
 30
0.0
 10
7.2038434105726594
 20
9.9761579716184059
 30
0.0
 10
6.8488616010255683
 20
9.993474300652565
 30
0.0
 10
6.7198085365582472
 20
9.8655214289865398
 30
0.0
 10
6.5897936389393479
 20
9.6530875909068001
 30
0.0
 10
6.6070805987255667
 20
9.255487515823539
 30
0.0
 10
6.8408172550618431
 20
8.9596847361881373
 30
0.0
 10
6.8488616010255683
 20
8.6934743006525679
 30
0.0
 10
6.8317248901568135
 20
8.4608696069667602
 30
0.0
 10
6.8317248901568135
 20
8.4608696069667602
 30
0.0
 10
6.8317248901568135
 20
8.4608696069667602
 30
0.0
  0
SPLINE
  5
F6
100
AcDbEntity
  8
zConcrete
 62
252
420
9211020
370
50
 48
1.0
  6
ByLayer
100
AcDbSpline
 70
8
 71
3
 72
19
 73
15
 74
0
 40
0.0
 40
0.0
 40
0.0
 40
0.0
 40
1.0
 40
2.0
 40
3.0
 40
4.0
 40
5.0
 40
6.0
 40
7.0
 40
8.0
 40
9.0
 40
10.0
 40
11.0
 40
12.0
 40
12.0
 40
12.0
 40
12.0
 10
1.2115652456916877
 20
9.7619032068412963
 30
0.0
 10
1.0705036538360559
 20
9.4341424492943915
 30
0.0
 10
1.1181787514937156
 20
9.0984270813862977
 30
0.0
 10
1.1181787514937156
 20
8.8984270813862949
 30
0.0
 10
1.218178751493717
 20
8.5984270813862977
 30
0.0
 10
1.194969764296907
 20
8.3637338993310877
 30
0.0
 10
1.4499781185259337
 20
8.1935521847158768
 30
0.0
 10
1.6787785405044531
 20
8.2468021158294889
 30
0.0
 10
1.7499781185259451
 20
8.493552184715881
 30
0.0
 10
1.718178751493717
 20
8.7984270813863006
 30
0.0
 10
1.6181787514937156
 20
9.0984270813862977
 30
0.0
 10
1.8173003166011554
 20
9.450737930689165
 30
0.0
 10
1.5499781185259494
 20
10.1935521847158768
 30
0.0
 10
1.2115652456916877
 20
9.7619032068412963
 30
0.0
 10
1.2115652456916877
 20
9.7619032068412963
 30
0.0
  0
LINE
  5
F7
100
AcDbEntity
  8
zAsphalt
 62
251
420
7631988
370
35
 48
1.0
  6
ByLayer
100
AcDbLine
 10
9.6901337999443626
 20
10.7186439825422326
 30
0.0
 11
9.4444241673516061
 21
10.6344549664509458
 31
0.0
  0
LINE
  5
F8
100
AcDbEntity
  8
zConcrete
 62
252
420
9211020
370
50
 48
1.0
  6
ByLayer
100
AcDbLine
 10
9.4184958844764139
 20
10.6175244849190449
 30
0.0
 11
9.4184958844764139
 21
10.6175244849190449
 31
0.0
  0
LINE
  5
F9
100
AcDbEntity
  8
zAsphalt
 62
251
420
7631988
370
35
 48
1.0
  6
ByLayer
100
AcDbLine
 10
9.6901337999443626
 20
10.7186439825422326
 30
0.0
 11
9.6821519607051627
 21
12.1732201744262554
 31
0.0
  0
LINE
  5
FA
100
AcDbEntity
  8
zAsphalt
 62
251
420
7631988
370
35
 48
1.0
  6
ByLayer
100
AcDbLine
 10
9.6821519607051698
 20
12.1732201744262625
 30
0.0
 11
0.4499781185259337
 21
12.1747409323741493
 31
0.0
  0
LINE
  5
FB
100
AcDbEntity
  8
zConcrete
 62
252
420
9211020
370
50
 48
1.0
  6
ByLayer
100
AcDbLine
 10
9.1829491334172033
 20
11.3518491298892314
 30
0.0
 11
9.4184958844764139
 21
10.6175244849190449
 31
0.0
  0
LINE
  5
FC
100
AcDbEntity
  8
zConcrete
 62
252
420
9211020
370
50
 48
1.0
  6
ByLayer
100
AcDbLine
 10
2.4766295394602338
 20
7.5223469676986454
 30
0.0
 11
2.5486585385695264
 21
7.5223469676986454
 31
0.0
  0
LINE
  5
FD
100
AcDbEntity
  8
zConcrete
 62
252
420
9211020
370
50
 48
1.0
  6
ByLayer
100
AcDbLine
 10
2.5486585385695264
 20
7.5223469676986454
 30
0.0
 11
2.5486585385695264
 21
6.8452743760713375
 31
0.0
  0
LINE
  5
FE
100
AcDbEntity
  8
zConcrete
 62
252
420
9211020
370
50
 48
1.0
  6
ByLayer
100
AcDbLine
 10
2.5486585385695264
 20
6.8452743760713375
 30
0.0
 11
2.4766295394602338
 21
6.8452743760713375
 31
0.0
  0
LINE
  5
FF
100
AcDbEntity
  8
zConcrete
 62
252
420
9211020
370
50
 48
1.0
  6
ByLayer
100
AcDbLine
 10
2.4766295394602338
 20
6.8452743760713375
 30
0.0
 11
2.4766295394602338
 21
7.5223469676986454
 31
0.0
  0
LINE
  5
100
100
AcDbEntity
  8
zConcrete
 62
252
420
9211020
370
50
 48
1.0
  6
ByLayer
100
AcDbLine
 10
2.2533396422214551
 20
7.5247479343356147
 30
0.0
 11
2.3253686413307335
 21
7.5247479343356147
 31
0.0
  0
LINE
  5
101
100
AcDbEntity
  8
zConcrete
 62
252
420
9211020
370
50
 48
1.0
  6
ByLayer
100
AcDbLine
 10
2.3253686413307335
 20
7.5247479343356147
 30
0.0
 11
2.3253686413307335
 21
6.847675342708321
 31
0.0
  0
LINE
  5
102
100
AcDbEntity
  8
zConcrete
 62
252
420
9211020
370
50
 48
1.0
  6
ByLayer
100
AcDbLine
 10
2.3253686413307335
 20
6.847675342708321
 30
0.0
 11
2.2533396422214551
 21
6.847675342708321
 31
0.0
  0
LINE
  5
103
100
AcDbEntity
  8
zConcrete
 62
252
420
9211020
370
50
 48
1.0
  6
ByLayer
100
AcDbLine
 10
2.2533396422214551
 20
6.847675342708321
 30
0.0
 11
2.2533396422214551
 21
7.5247479343356147
 31
0.0
  0
LINE
  5
104
100
AcDbEntity
  8
zConcrete
 62
252
420
9211020
370
50
 48
1.0
  6
ByLayer
100
AcDbLine
 10
2.0193787821516693
 20
7.5155442288938872
 30
0.0
 11
2.0914077812609548
 21
7.5155442288938872
 31
0.0
  0
LINE
  5
105
100
AcDbEntity
  8
zConcrete
 62
252
420
9211020
370
50
 48
1.0
  6
ByLayer
100
AcDbLine
 10
2.0914077812609548
 20
7.5155442288938872
 30
0.0
 11
2.0914077812609548
 21
6.8384716372665793
 31
0.0
  0
LINE
  5
106
100
AcDbEntity
  8
zConcrete
 62
252
420
9211020
370
50
 48
1.0
  6
ByLayer
100
AcDbLine
 10
2.0914077812609548
 20
6.8384716372665793
 30
0.0
 11
2.0193787821516693
 21
6.8384716372665793
 31
0.0
  0
LINE
  5
107
100
AcDbEntity
  8
zConcrete
 62
252
420
9211020
370
50
 48
1.0
  6
ByLayer
100
AcDbLine
 10
2.0193787821516693
 20
6.8384716372665793
 30
0.0
 11
2.0193787821516693
 21
7.5155442288938872
 31
0.0
  0
LINE
  5
108
100
AcDbEntity
  8
zConcrete
 62
252
420
9211020
370
50
 48
1.0
  6
ByLayer
100
AcDbLine
 10
1.7642685219312568
 20
7.5163197091047493
 30
0.0
 11
1.8362975210405494
 21
7.5163197091047493
 31
0.0
  0
LINE
  5
109
100
AcDbEntity
  8
zConcrete
 62
252
420
9211020
370
50
 48
1.0
  6
ByLayer
100
AcDbLine
 10
1.8362975210405494
 20
7.5163197091047493
 30
0.0
 11
1.8362975210405494
 21
6.8392471174774414
 31
0.0
  0
LINE
  5
10A
100
AcDbEntity
  8
zConcrete
 62
252
420
9211020
370
50
 48
1.0
  6
ByLayer
100
AcDbLine
 10
1.8362975210405494
 20
6.8392471174774414
 30
0.0
 11
1.7642685219312568
 21
6.8392471174774414
 31
0.0
  0
LINE
  5
10B
100
AcDbEntity
  8
zConcrete
 62
252
420
9211020
370
50
 48
1.0
  6
ByLayer
100
AcDbLine
 10
1.7642685219312568
 20
6.8392471174774414
 30
0.0
 11
1.7642685219312568
 21
7.5163197091047493
 31
0.0
  0
LINE
  5
10C
100
AcDbEntity
  8
zConcrete
 62
252
420
9211020
370
50
 48
1.0
  6
ByLayer
100
AcDbLine
 10
3.2137147744548855
 20
8.2522557906586229
 30
0.0
 11
3.172317177565823
 21
8.2359924490236409
 31
0.0
  0
LINE
  5
10D
100
AcDbEntity
  8
zConcrete
 62
252
420
9211020
370
50
 48
1.0
  6
ByLayer
100
AcDbLine
 10
3.172317177565823
 20
8.2359924490236409
 30
0.0
 11
3.0789462527945233
 21
8.536113278645665
 31
0.0
  0
LINE
  5
10E
100
AcDbEntity
  8
zConcrete
 62
252
420
9211020
370
50
 48
1.0
  6
ByLayer
100
AcDbLine
 10
3.0789462527945233
 20
8.536113278645665
 30
0.0
 11
3.1299781185259477
 21
8.5535521847158762
 31
0.0
  0
LINE
  5
10F
100
AcDbEntity
  8
zConcrete
 62
252
420
9211020
370
50
 48
1.0
  6
ByLayer
100
AcDbLine
 10
3.0250986848656751
 20
8.9120179640097987
 30
0.0
 11
2.977211587721456
 21
8.8969610166040596
 31
0.0
  0
LINE
  5
110
100
AcDbEntity
  8
zConcrete
 62
252
420
9211020
370
50
 48
1.0
  6
ByLayer
100
AcDbLine
 10
2.9074659523181055
 20
9.1410707405158647
 30
0.0
 11
2.9772115877214631
 21
8.8969610166040454
 31
0.0
  0
LINE
  5
111
100
AcDbEntity
  8
zConcrete
 62
252
420
9211020
370
50
 48
1.0
  6
ByLayer
100
AcDbLine
 10
2.9074659523181055
 20
9.1410707405158718
 30
0.0
 11
2.9535737739515966
 21
9.1553648411337534
 31
0.0
  0
SPLINE
  5
112
100
AcDbEntity
  8
zConcrete
 62
252
420
9211020
370
50
 48
1.0
  6
ByLayer
100
AcDbSpline
 70
8
 71
3
 72
29
 73
25
 74
0
 40
0.0
 40
0.0
 40
0.0
 40
0.0
 40
1.0
 40
2.0
 40
3.0
 40
4.0
 40
5.0
 40
6.0
 40
7.0
 40
8.0
 40
9.0
 40
10.0
 40
11.0
 40
12.0
 40
13.0
 40
14.0
 40
15.0
 40
16.0
 40
17.0
 40
18.0
 40
19.0
 40
20.0
 40
21.0
 40
22.0
 40
22.0
 40
22.0
 40
22.0
 10
2.6635989765607988
 20
9.4702906213674609
 30
0.0
 10
3.0901923367518691
 20
8.0406358338099153
 30
0.0
 10
3.0593916450385663
 20
8.0276598678146911
 30
0.0
 10
3.2596045426569091
 20
7.8539366681186564
 30
0.0
 10
3.3149228139728351
 20
7.8401071002896714
 30
0.0
 10
3.3806132611605051
 20
7.8573940600759116
 30
0.0
 10
3.4785075483194277
 20
7.8834805159655517
 30
0.0
 10
3.5431106831510633
 20
7.7536723013585274
 30
0.0
 10
3.6641194016546663
 20
7.3422426584462812
 30
0.0
 10
3.8300742156024654
 20
7.2558078595151301
 30
0.0
 10
4.0617194767379345
 20
7.3318704825745371
 30
0.0
 10
4.1599781185259488
 20
7.3735521847158765
 30
0.0
 10
4.1499781185259437
 20
7.3935521847158654
 30
0.0
 10
4.1499781185259437
 20
7.3935521847158654
 30
0.0
 10
4.0960831185998572
 20
7.5128348086275958
 30
0.0
 10
4.0857732729516352
 20
7.5367555112277964
 30
0.0
 10
4.0857732729516352
 20
7.5367555112277964
 30
0.0
 10
3.9095942306191134
 20
7.4632513769498772
 30
0.0
 10
3.8162446477734733
 20
7.4839957286933512
 30
0.0
 10
3.7499781185259451
 20
7.6935521847158768
 30
0.0
 10
3.7056081051416143
 20
7.8470218842041604
 30
0.0
 10
3.6799781185259448
 20
7.9635521847158799
 30
0.0
 10
3.729925041061577
 20
7.9775595634946797
 30
0.0
 10
3.7846732721753327
 20
7.9959979138112374
 30
0.0
 10
3.7846732721753327
 20
7.9959979138112374
 30
0.0
  0
LINE
  5
113
100
AcDbEntity
  8
zConcrete
 62
252
420
9211020
370
50
 48
1.0
  6
ByLayer
100
AcDbLine
 10
8.6114892624010295
 20
9.4724697372740465
 30
0.0
 11
8.510287317727375
 21
9.4326453070374612
 31
0.0
  0
LINE
  5
114
100
AcDbEntity
  8
zConcrete
 62
252
420
9211020
370
50
 48
1.0
  6
ByLayer
100
AcDbLine
 10
8.510287317727375
 20
9.4326453070374612
 30
0.0
 11
8.1594516256923697
 21
9.6850617455312857
 31
0.0
  0
LINE
  5
115
100
AcDbEntity
  8
zAsphalt
 62
251
420
7631988
370
35
 48
2.0
  6
Continuous
100
AcDbLine
 10
2.0276699070749942
 20
10.0485884812107358
 30
0.0
 11
2.5399781185259442
 21
9.9535521847158819
 31
0.0
  0
SPLINE
  5
116
100
AcDbEntity
  8
zConcrete
 62
252
420
9211020
370
50
 48
1.0
  6
ByLayer
100
AcDbSpline
 70
8
 71
3
 72
15
 73
11
 74
0
 40
0.0
 40
0.0
 40
0.0
 40
0.0
 40
1.0
 40
2.0
 40
3.0
 40
4.0
 40
5.0
 40
6.0
 40
7.0
 40
8.0
 40
8.0
 40
8.0
 40
8.0
 10
2.5165794604818643
 20
7.6489937761825715
 30
0.0
 10
2.5165794604818643
 20
7.7570372748465104
 30
0.0
 10
2.3701204956263169
 20
7.7786459745792911
 30
0.0
 10
2.1972508977640288
 20
7.7858488744902203
 30
0.0
 10
1.284883575713053
 20
7.8026556409490553
 30
0.0
 10
1.1499781185259437
 20
7.7935521847158711
 30
0.0
 10
1.0351830454675195
 20
7.7426314750246448
 30
0.0
 10
0.9895646793649746
 20
7.6994140755590763
 30
0.0
 10
0.9895646793649746
 20
7.640013784647671
 30
0.0
 10
0.9895646793649746
 20
7.640013784647671
 30
0.0
 10
0.9895646793649746
 20
7.640013784647671
 30
0.0
  0
LINE
  5
117
100
AcDbEntity
  8
zConcrete
 62
252
420
9211020
370
50
 48
1.0
  6
ByLayer
100
AcDbLine
 10
1.474559940034176
 20
7.7618392081204703
 30
0.0
 11
1.474559940034176
 21
7.7618392081204703
 31
0.0
  0
SPLINE
  5
118
100
AcDbEntity
  8
zConcrete
 62
252
420
9211020
370
50
 48
1.0
  6
ByLayer
100
AcDbSpline
 70
8
 71
3
 72
17
 73
13
 74
0
 40
0.0
 40
0.0
 40
0.0
 40
0.0
 40
1.0
 40
2.0
 40
3.0
 40
4.0
 40
5.0
 40
6.0
 40
7.0
 40
8.0
 40
9.0
 40
10.0
 40
10.0
 40
10.0
 40
10.0
 10
4.0000457587946912
 20
10.5001325726012027
 30
0.0
 10
3.8615783183869752
 20
10.4527689236078913
 30
0.0
 10
3.6737195983628865
 20
10.4202264681706396
 30
0.0
 10
3.5006529035375493
 20
10.4261432782501373
 30
0.0
 10
3.3749206893481869
 20
10.4305808858097606
 30
0.0
 10
3.2136876146818452
 20
10.4113512530513859
 30
0.0
 10
3.0672465652142336
 20
10.3566207598160247
 30
0.0
 10
3.045629662381395
 20
10.2483139538364885
 30
0.0
 10
3.0100000000000002
 20
10.1400000000000006
 30
0.0
 10
3.004209077450767
 20
10.0787040798852914
 30
0.0
 10
3.0529237569202294
 20
9.9690020751137212
 30
0.0
 10
3.0529237569202294
 20
9.9690020751137212
 30
0.0
 10
3.0529237569202294
 20
9.9690020751137212
 30
0.0
  0
SPLINE
  5
119
100
AcDbEntity
  8
zConcrete
 62
252
420
9211020
370
50
 48
1.0
  6
ByLayer
100
AcDbSpline
 70
8
 71
3
 72
12
 73
8
 74
0
 40
0.0
 40
0.0
 40
0.0
 40
0.0
 40
1.0
 40
2.0
 40
3.0
 40
4.0
 40
5.0
 40
5.0
 40
5.0
 40
5.0
 10
3.0529237569202294
 20
9.9690020751137212
 30
0.0
 10
2.9374854468566483
 20
9.9343277604630202
 30
0.0
 10
2.7899026897160795
 20
9.8419483680193807
 30
0.0
 10
2.7082090562760541
 20
9.7361146227998105
 30
0.0
 10
2.6708505805458387
 20
9.5971281664402781
 30
0.0
 10
2.6635989765607988
 20
9.4702906213674609
 30
0.0
 10
2.6635989765607988
 20
9.4702906213674609
 30
0.0
 10
2.6635989765607988
 20
9.4702906213674609
 30
0.0
  0
SPLINE
  5
11A
100
AcDbEntity
  8
zConcrete
 62
252
420
9211020
370
50
 48
1.0
  6
ByLayer
100
AcDbSpline
 70
8
 71
3
 72
11
 73
7
 74
0
 40
0.0
 40
0.0
 40
0.0
 40
0.0
 40
1.0
 40
2.0
 40
3.0
 40
4.0
 40
4.0
 40
4.0
 40
4.0
 10
3.0871959629279999
 20
9.8385712483180683
 30
0.0
 10
2.9264976938666436
 20
9.7867213360821808
 30
0.0
 10
2.8743530833083994
 20
9.6935135902274112
 30
0.0
 10
2.8337389155607156
 20
9.596640814427829
 30
0.0
 10
2.8836008207902637
 20
9.4080454909942404
 30
0.0
 10
2.9535737739515966
 20
9.1553648411337534
 30
0.0
 10
2.9535737739515966
 20
9.1553648411337534
 30
0.0
  0
LINE
  5
11B
100
AcDbEntity
  8
zAsphalt
 62
251
420
7631988
370
35
 48
1.0
  6
ByLayer
100
AcDbLine
 10
9.1939979441511781
 20
11.4135985410079783
 30
0.0
 11
9.4444241673516061
 21
10.6344549664509458
 31
0.0
  0
LINE
  5
11C
100
AcDbEntity
  8
zConcrete
 62
252
420
9211020
370
50
 48
1.0
  6
ByLayer
100
AcDbLine
 10
4.0223945128744845
 20
8.1946687073224851
 30
0.0
 11
4.8269023002502394
 21
8.4521236458413966
 31
0.0
  0
LINE
  5
11D
100
AcDbEntity
  8
zConcrete
 62
252
420
9211020
370
50
 48
1.0
  6
ByLayer
100
AcDbLine
 10
3.1299781185259477
 20
8.5535521847158762
 30
0.0
 11
3.0250887888365341
 21
8.9120517874933398
 31
0.0
  0
LINE
  5
11E
100
AcDbEntity
  8
zConcrete
 62
252
420
9211020
370
50
 48
1.0
  6
ByLayer
100
AcDbLine
 10
3.2999781185259494
 20
7.9535521847158819
 30
0.0
 11
3.2137147744548855
 21
8.2522557906586229
 31
0.0
  0
LINE
  5
11F
100
AcDbEntity
  8
zConcrete
 62
252
420
9211020
370
50
 48
1.0
  6
ByLayer
100
AcDbLine
 10
3.7566635809115994
 20
8.0934917699048725
 30
0.0
 11
3.2999781185259494
 21
7.9535521847158819
 31
0.0
  0
LINE
  5
120
100
AcDbEntity
  8
zConcrete
 62
252
420
9211020
370
50
 48
1.0
  6
ByLayer
100
AcDbLine
 10
3.0871959629279999
 20
9.8385712483180683
 30
0.0
 11
4.0929853083425343
 21
10.1740565258824986
 31
0.0
  0
LINE
  5
121
100
AcDbEntity
  8
zConcrete
 62
252
420
9211020
370
50
 48
1.0
  6
ByLayer
100
AcDbLine
 10
4.0929853083425343
 20
10.1740565258824986
 30
0.0
 11
4.0929853083425343
 21
10.1740565258824986
 31
0.0
  0
LINE
  5
122
100
AcDbEntity
  8
zConcrete
 62
252
420
9211020
370
50
 48
1.0
  6
ByLayer
100
AcDbLine
 10
4.0929853083425343
 20
10.1740565258824986
 30
0.0
 11
4.0000457587946912
 21
10.5001325726012027
 31
0.0
  0
LINE
  5
123
100
AcDbEntity
  8
zConcrete
 62
252
420
9211020
370
50
 48
1.0
  6
ByLayer
100
AcDbLine
 10
3.7566635809115994
 20
8.0934917699048725
 30
0.0
 11
3.7846732721753327
 21
7.9959979138112374
 31
0.0
  0
LINE
  5
124
100
AcDbEntity
  8
zConcrete
 62
252
420
9211020
370
50
 48
1.0
  6
ByLayer
100
AcDbLine
 10
5.2999781185259494
 20
10.1335521847158816
 30
0.0
 11
5.3799781185259477
 21
9.9035521847158776
 31
0.0
  0
LINE
  5
125
100
AcDbEntity
  8
zConcrete
 62
252
420
9211020
370
50
 48
1.0
  6
ByLayer
100
AcDbLine
 10
5.0013897783483685
 20
11.5770288204249425
 30
0.0
 11
5.1682834735491809
 21
11.5780464649078709
 31
0.0
  0
LINE
  5
126
100
AcDbEntity
  8
zConcrete
 62
252
420
9211020
370
50
 48
1.0
  6
ByLayer
100
AcDbLine
 10
6.6141890156070247
 20
10.5176889518336338
 30
0.0
 11
6.6695081696992276
 21
10.3374437610166936
 31
0.0
  0
LINE
  5
127
100
AcDbEntity
  8
zConcrete
 62
252
420
9211020
370
50
 48
1.0
  6
ByLayer
100
AcDbLine
 10
5.7799781185259462
 20
8.493552184715881
 30
0.0
 11
5.9199781185259468
 21
8.4835521847158759
 31
0.0
  0
LINE
  5
128
100
AcDbEntity
  8
zConcrete
 62
252
420
9211020
370
50
 48
1.0
  6
ByLayer
100
AcDbLine
 10
5.4369133610432598
 20
8.3739404158065796
 30
0.0
 11
5.3459574307857096
 21
8.6593655440300026
 31
0.0
  0
LINE
  5
129
100
AcDbEntity
  8
zConcrete
 62
252
420
9211020
370
50
 48
1.0
  6
ByLayer
100
AcDbLine
 10
5.4369133610432598
 20
8.3739404158065796
 30
0.0
 11
5.6070399941138902
 21
8.4397227139272246
 31
0.0
  0
LINE
  5
12A
100
AcDbEntity
  8
zConcrete
 62
252
420
9211020
370
50
 48
1.0
  6
ByLayer
100
AcDbLine
 10
5.6070399941138902
 20
8.4397227139272246
 30
0.0
 11
5.7799781185259462
 21
8.493552184715881
 31
0.0
  0
LINE
  5
12B
100
AcDbEntity
  8
zAsphalt
 62
251
420
7631988
370
35
 48
1.0
  6
ByLayer
100
AcDbLine
 10
3.0449355948463435
 20
10.3191500827985507
 30
0.0
 11
2.9944754686002
 21
10.1482140741457627
 31
0.0
  0
LWPOLYLINE
  5
12C
100
AcDbEntity
  8
zAsphalt
 62
251
420
7631988
370
35
 48
1.0
  6
ByLayer
100
AcDbPolyline
 90
4
 70
0
 10
2.5399781185259442
 20
9.9535521847158819
 10
2.5880004346497074
 20
10.0881727251822753
 10
2.6409287204939034
 20
10.1656748580255609
 10
2.76860997819022
 20
10.2243405545014312
  0
LWPOLYLINE
  5
12D
100
AcDbEntity
  8
zConcrete
 62
252
420
9211020
370
50
 48
1.0
  6
ByLayer
100
AcDbPolyline
 90
5
 70
0
 10
2.5399781185259442
 20
9.9535521847158748
 10
2.5086080058834099
 20
9.804628336731227
 10
2.5256206691904737
 20
9.6552949588136769
 10
2.5898907305727121
 20
9.5191936523571741
 10
2.6635989765607988
 20
9.4702906213674609
  0
HATCH
  5
12E
100
AcDbEntity
  8
zConcrete
 62
252
420
9211020
370
50
 48
1.0
  6
ByLayer
100
AcDbHatch
 10
0.0
 20
0.0
 30
0.0
210
0.0
220
0.0
230
1.0
  2
SOLID
 70
1
 71
0
 91
1
 92
1
 93
16
 72
1
 10
5.0013897783483685
 20
11.5770288204249425
 11
5.1682834735491809
 21
11.5780464649078709
 72
1
 10
5.1682834735491809
 20
11.5780464649078709
 11
5.5992866741086473
 21
10.211339140886011
 72
1
 10
5.5992866741086473
 20
10.211339140886011
 11
6.6141890156070247
 21
10.5176889518336338
 72
1
 10
6.6141890156070247
 20
10.5176889518336338
 11
6.6695081696992276
 21
10.3374437610166936
 72
4
 94
3
 73
0
 74
0
 95
17
 96
13
 40
0.0
 40
0.0
 40
0.0
 40
0.0
 40
1.0
 40
2.0
 40
3.0
 40
4.0
 40
5.0
 40
6.0
 40
7.0
 40
8.0
 40
9.0
 40
10.0
 40
10.0
 40
10.0
 40
10.0
 10
6.6695081696992276
 20
10.3374437610166936
 10
6.6523001043340457
 20
10.3292021400110201
 10
6.6528601981196331
 20
10.3269452620997058
 10
6.6828679666103668
 20
10.2402774497526465
 10
6.6953730011779484
 20
10.2319407600409207
 10
6.7523403808747133
 20
10.219435725473339
 10
6.845433415988964
 20
10.2416668980379413
 10
7.1080391419082432
 20
10.3333704848668759
 10
7.4540117649447595
 20
10.5195565550953702
 10
7.4540117649447595
 20
10.5195565550953702
 10
7.5173395720369243
 20
10.4382999298026604
 10
7.5173395720369243
 20
10.4382999298026604
 10
7.5173395720369243
 20
10.4382999298026604
 72
4
 94
3
 73
0
 74
0
 95
13
 96
9
 40
-6.0
 40
-6.0
 40
-6.0
 40
-6.0
 40
-5.0
 40
-4.0
 40
-3.0
 40
-2.0
 40
-1.0
 40
-0.0
 40
-0.0
 40
-0.0
 40
-0.0
 10
7.5173395720369243
 20
10.4382999298026604
 10
7.5173395720369243
 20
10.4382999298026604
 10
7.4499781185259337
 20
10.3935521847158654
 10
7.0983036668187438
 20
10.1727722274861705
 10
6.7499781185259451
 20
10.0935521847158753
 10
6.5962903546266531
 20
10.1146880426044348
 10
6.5499781185259494
 20
10.2935521847158711
 10
6.4499781185259337
 20
10.2935521847158711
 10
5.6600077958300048
 20
10.0494161496290815
 72
1
 10
5.6600077958300048
 20
10.0494161496290815
 11
6.0367036435457777
 21
8.8293713891167869
 72
1
 10
6.0367036435457777
 20
8.8293713891167869
 11
5.9199781185259468
 21
8.4835521847158759
 72
1
 10
5.9199781185259468
 20
8.4835521847158759
 11
5.7799781185259462
 21
8.493552184715881
 72
1
 10
5.7799781185259462
 20
8.493552184715881
 11
5.8905231653277141
 21
8.8293713891167869
 72
1
 10
5.8905231653277141
 20
8.8293713891167869
 11
5.5318187610849279
 21
9.9504632105276158
 72
1
 10
5.5318187610849279
 20
9.9504632105276158
 11
5.3799781185259477
 21
9.9035521847158776
 72
1
 10
5.3799781185259477
 20
9.9035521847158776
 11
5.2999781185259494
 21
10.1335521847158816
 72
1
 10
5.2999781185259494
 20
10.1335521847158816
 11
5.4553551263247186
 21
10.1843519756765204
 72
1
 10
5.4553551263247186
 20
10.1843519756765204
 11
5.4560651204724877
 21
10.1843563049091301
 72
1
 10
5.4560651204724877
 20
10.1843563049091301
 11
5.0013897783483685
 21
11.5770288204249425
 97
0
 75
0
 76
1
 98
0
1001
ACAD
1010
0.0
1020
0.0
1030
0
  0
HATCH
  5
12F
100
AcDbEntity
  8
zAsphalt
 62
250
420
5000268
370
35
 48
1.0
  6
ByLayer
100
AcDbHatch
 10
0.0
 20
0.0
 30
0.0
210
0.0
220
0.0
230
1.0
  2
SOLID
 70
1
 71
0
 91
1
 92
1
 93
19
 72
1
 10
2.8303968645554036
 20
10.4135481959042977
 11
3.0449355948463435
 21
10.3191500827985507
 72
1
 10
3.0449355948463435
 20
10.3191500827985507
 11
2.9944754686002
 21
10.1482140741457627
 72
1
 10
2.9944754686002
 20
10.1482140741457627
 11
2.76860997819022
 21
10.2243405545014312
 72
1
 10
2.76860997819022
 20
10.2243405545014312
 11
2.6409287204939034
 21
10.1656748580255609
 72
1
 10
2.6409287204939034
 20
10.1656748580255609
 11
2.5880004346497074
 21
10.0881727251822753
 72
1
 10
2.5880004346497074
 20
10.0881727251822753
 11
2.5399781185259442
 21
9.9535521847158819
 72
1
 10
2.5399781185259442
 20
9.9535521847158819
 11
2.0276699070749942
 21
10.0485884812107358
 72
1
 10
2.0276699070749942
 20
10.0485884812107358
 11
1.6093254802482591
 21
10.300978094089686
 72
4
 94
3
 73
0
 74
0
 95
10
 96
6
 40
0.0
 40
0.0
 40
0.0
 40
0.0
 40
1.0
 40
2.0
 40
3.0
 40
3.0
 40
3.0
 40
3.0
 10
1.6093254802482591
 20
10.300978094089686
 10
1.5874760910205268
 20
10.8480876214239288
 10
1.1499781185259437
 20
11.2935521847158711
 10
0.4465367451294142
 20
11.3234790155452174
 10
0.4465367451294142
 20
11.3234790155452174
 10
0.4465367451294142
 20
11.3234790155452174
 72
1
 10
0.4465367451294142
 20
11.3234790155452174
 11
0.4499781185259337
 21
12.1747409323741493
 72
1
 10
0.4499781185259337
 20
12.1747409323741493
 11
9.6821519607051698
 21
12.1732201744262625
 72
1
 10
9.6821519607051627
 20
12.1732201744262554
 11
9.6901337999443626
 21
10.7186439825422326
 72
1
 10
9.6901337999443626
 20
10.7186439825422326
 11
9.4444241673516061
 21
10.6344549664509458
 72
1
 10
9.4444241673516061
 20
10.6344549664509458
 11
9.1939979441511781
 21
11.4135985410079783
 72
1
 10
9.1939979441511781
 20
11.4135985410079783
 11
7.2972257385899368
 21
10.7575105675481808
 72
4
 94
3
 73
0
 74
0
 95
15
 96
11
 40
-8.0
 40
-8.0
 40
-8.0
 40
-8.0
 40
-7.0
 40
-6.0
 40
-5.0
 40
-4.0
 40
-3.0
 40
-2.0
 40
-1.0
 40
-0.0
 40
-0.0
 40
-0.0
 40
-0.0
 10
7.2972257385899368
 20
10.7575105675481808
 10
7.2972257385899368
 20
10.7575105675481808
 10
7.3199781185259454
 20
10.9135521847158756
 10
7.3199781185259454
 20
10.9135521847158756
 10
7.3199781185259454
 20
10.9135521847158756
 10
7.3335871974481677
 20
11.0473288464694477
 10
7.2957812789880307
 20
11.1758689692339246
 10
7.2903903348693788
 20
11.3963540010429867
 10
7.0582968932949939
 20
11.5484152213848148
 10
6.8499781185259394
 20
11.5935521847158753
 10
6.5552871438270799
 20
11.5930490784401314
 72
1
 10
6.5552871438270799
 20
11.5930490784401314
 11
3.0119800572129094
 21
11.5930490784401314
 72
2
 10
2.9743846777201597
 20
11.1383764936446994
 40
0.4562242561764507
 50
85.2731536363225757
 51
264.9279606627592898
 73
1
 72
2
 10
3.305096750918544
 20
10.3866356143973206
 40
0.4754621637486501
 50
141.2963216534170101
 51
176.7551531266434779
 73
1
 97
0
 75
0
 76
1
 98
0
1001
ACAD
1010
0.0
1020
0.0
1030
0
  0
HATCH
  5
130
100
AcDbEntity
  8
zConcrete
 62
252
420
9211020
370
50
 48
1.0
  6
ByLayer
100
AcDbHatch
 10
0.0
 20
0.0
 30
0.0
210
0.0
220
0.0
230
1.0
  2
SOLID
 70
1
 71
0
 91
1
 92
1
 93
16
 72
1
 10
2.9074659523181055
 20
9.1410707405158718
 11
2.9535737739515966
 21
9.1553648411337534
 72
4
 94
3
 73
0
 74
0
 95
11
 96
7
 40
-4.0
 40
-4.0
 40
-4.0
 40
-4.0
 40
-3.0
 40
-2.0
 40
-1.0
 40
-0.0
 40
-0.0
 40
-0.0
 40
-0.0
 10
2.9535737739515966
 20
9.1553648411337534
 10
2.9535737739515966
 20
9.1553648411337534
 10
2.8836008207902637
 20
9.4080454909942404
 10
2.8337389155607156
 20
9.596640814427829
 10
2.8743530833083994
 20
9.6935135902274112
 10
2.9264976938666436
 20
9.7867213360821808
 10
3.0871959629279999
 20
9.8385712483180683
 72
1
 10
3.0871959629279999
 20
9.8385712483180683
 11
4.0929853083425343
 21
10.1740565258824986
 72
1
 10
4.0929853083425343
 20
10.1740565258824986
 11
4.0000457587946912
 21
10.5001325726012027
 72
4
 94
3
 73
0
 74
0
 95
17
 96
13
 40
0.0
 40
0.0
 40
0.0
 40
0.0
 40
1.0
 40
2.0
 40
3.0
 40
4.0
 40
5.0
 40
6.0
 40
7.0
 40
8.0
 40
9.0
 40
10.0
 40
10.0
 40
10.0
 40
10.0
 10
4.0000457587946912
 20
10.5001325726012027
 10
3.8615783183869752
 20
10.4527689236078913
 10
3.6737195983628865
 20
10.4202264681706396
 10
3.5006529035375493
 20
10.4261432782501373
 10
3.3749206893481869
 20
10.4305808858097606
 10
3.2136876146818452
 20
10.4113512530513859
 10
3.0672465652142336
 20
10.3566207598160247
 10
3.0003495097508974
 20
10.2643378363223761
 10
2.9914287676790465
 20
10.1451616906982309
 10
3.004209077450767
 20
10.0787040798852914
 10
3.0529237569202294
 20
9.9690020751137212
 10
3.0529237569202294
 20
9.9690020751137212
 10
3.0529237569202294
 20
9.9690020751137212
 72
4
 94
3
 73
0
 74
0
 95
12
 96
8
 40
0.0
 40
0.0
 40
0.0
 40
0.0
 40
1.0
 40
2.0
 40
3.0
 40
4.0
 40
5.0
 40
5.0
 40
5.0
 40
5.0
 10
3.0529237569202294
 20
9.9690020751137212
 10
2.9374854468566483
 20
9.9343277604630202
 10
2.7899026897160795
 20
9.8419483680193807
 10
2.7082090562760541
 20
9.7361146227998105
 10
2.6708505805458387
 20
9.5971281664402781
 10
2.6635989765607988
 20
9.4702906213674609
 10
2.6635989765607988
 20
9.4702906213674609
 10
2.6635989765607988
 20
9.4702906213674609
 72
4
 94
3
 73
0
 74
0
 95
29
 96
25
 40
0.0
 40
0.0
 40
0.0
 40
0.0
 40
1.0
 40
2.0
 40
3.0
 40
4.0
 40
5.0
 40
6.0
 40
7.0
 40
8.0
 40
9.0
 40
10.0
 40
11.0
 40
12.0
 40
13.0
 40
14.0
 40
15.0
 40
16.0
 40
17.0
 40
18.0
 40
19.0
 40
20.0
 40
21.0
 40
22.0
 40
22.0
 40
22.0
 40
22.0
 10
2.6635989765607988
 20
9.4702906213674609
 10
3.0901923367518691
 20
8.0406358338099153
 10
3.0593916450385663
 20
8.0276598678146911
 10
3.2596045426569091
 20
7.8539366681186564
 10
3.3149228139728351
 20
7.8401071002896714
 10
3.3806132611605051
 20
7.8573940600759116
 10
3.4785075483194277
 20
7.8834805159655517
 10
3.5431106831510633
 20
7.7536723013585274
 10
3.6641194016546663
 20
7.3422426584462812
 10
3.8300742156024654
 20
7.2558078595151301
 10
4.0617194767379345
 20
7.3318704825745371
 10
4.1599781185259488
 20
7.3735521847158765
 10
4.1499781185259437
 20
7.3935521847158654
 10
4.1499781185259437
 20
7.3935521847158654
 10
4.0859212204386566
 20
7.5323992160947952
 10
4.0857759085384444
 20
7.5367566487219477
 10
4.0857759085384444
 20
7.5367566487219477
 10
3.9095942306191134
 20
7.4632513769498772
 10
3.8162446477734733
 20
7.4839957286933512
 10
3.7499781185259451
 20
7.6935521847158768
 10
3.7056081051416143
 20
7.8470218842041604
 10
3.6799781185259448
 20
7.9635521847158799
 10
3.729925041061577
 20
7.9775595634946797
 10
3.7846732721753327
 20
7.9959979138112374
 10
3.7846732721753327
 20
7.9959979138112374
 72
1
 10
3.7846732721753327
 20
7.9959979138112374
 11
3.7566635809115994
 21
8.0934917699048725
 72
1
 10
3.7566635809115994
 20
8.0934917699048725
 11
3.2999781185259494
 21
7.9535521847158819
 72
1
 10
3.2999781185259494
 20
7.9535521847158819
 11
3.2137147744548855
 21
8.2522557906586229
 72
1
 10
3.2137147744548855
 20
8.2522557906586229
 11
3.172317177565823
 21
8.2359924490236409
 72
1
 10
3.172317177565823
 20
8.2359924490236409
 11
3.0789462527945233
 21
8.536113278645665
 72
1
 10
3.0789462527945233
 20
8.536113278645665
 11
3.1299781185259477
 21
8.5535521847158762
 72
1
 10
3.1299781185259477
 20
8.5535521847158762
 11
3.0250887888365341
 21
8.9120517874933398
 72
1
 10
3.0250986848656751
 20
8.9120179640097987
 11
2.977211587721456
 21
8.8969610166040596
 72
1
 10
2.9772115877214631
 20
8.8969610166040454
 11
2.9074659523181055
 21
9.1410707405158647
 97
0
 75
0
 76
1
 98
0
1001
ACAD
1010
0.0
1020
0.0
1030
0
  0
HATCH
  5
131
100
AcDbEntity
  8
zConcrete
 62
252
420
9211020
370
50
 48
1.0
  6
ByLayer
100
AcDbHatch
 10
0.0
 20
0.0
 30
0.0
210
0.0
220
0.0
230
1.0
  2
AR-CONC
 70
0
 71
0
 91
1
 92
1
 93
4
 72
1
 10
4.0223945128744845
 20
8.1946687073224851
 11
4.101176939678524
 21
7.9388464466730255
 72
1
 10
4.101176939678524
 20
7.9388464466730255
 11
4.9081711715140486
 21
8.1970970858869094
 72
1
 10
4.9081711715140486
 20
8.1970970858869094
 11
4.8269023002502465
 21
8.4521236458414037
 72
1
 10
4.8269023002502394
 20
8.4521236458413966
 11
4.0223945128744845
 21
8.1946687073224851
 97
0
 75
0
 76
1
 52
0.0
 41
1.0
 77
0
 78
1
 53
45.0
 43
0.0
 44
0.0
 45
-0.0883883476483184
 46
0.0883883476483185
 79
0
 98
0
1001
ACAD
1010
0.0
1020
0.0
1030
0
  0
HATCH
  5
132
100
AcDbEntity
  8
zConcrete
 62
252
420
9211020
370
50
 48
1.0
  6
ByLayer
100
AcDbHatch
 10
0.0
 20
0.0
 30
0.0
210
0.0
220
0.0
230
1.0
  2
AR-CONC
 70
0
 71
0
 91
1
 92
1
 93
4
 72
1
 10
4.0223945128744845
 20
8.1946687073224851
 11
4.101176939678524
 21
7.9388464466730255
 72
1
 10
4.101176939678524
 20
7.9388464466730255
 11
4.9081711715140486
 21
8.1970970858869094
 72
1
 10
4.9081711715140486
 20
8.1970970858869094
 11
4.8269023002502465
 21
8.4521236458414037
 72
1
 10
4.8269023002502394
 20
8.4521236458413966
 11
4.0223945128744845
 21
8.1946687073224851
 97
0
 75
0
 76
1
 52
0.0
 41
1.0
 77
0
 78
1
 53
45.0
 43
0.0
 44
0.0
 45
-0.0883883476483184
 46
0.0883883476483185
 79
0
 98
0
1001
ACAD
1010
0.0
1020
0.0
1030
0
  0
HATCH
  5
133
100
AcDbEntity
  8
zConcrete
 62
252
420
9211020
370
50
 48
1.0
  6
ByLayer
100
AcDbHatch
 10
0.0
 20
0.0
 30
0.0
210
0.0
220
0.0
230
1.0
  2
SOLID
 70
1
 71
0
 91
1
 92
1
 93
4
 72
1
 10
4.0223945128744845
 20
8.1946687073224851
 11
4.101176939678524
 21
7.9388464466730255
 72
1
 10
4.101176939678524
 20
7.9388464466730255
 11
4.9081711715140486
 21
8.1970970858869094
 72
1
 10
4.9081711715140486
 20
8.1970970858869094
 11
4.8269023002502465
 21
8.4521236458414037
 72
1
 10
4.8269023002502394
 20
8.4521236458413966
 11
4.0223945128744845
 21
8.1946687073224851
 97
0
 75
0
 76
1
 98
0
1001
ACAD
1010
0.0
1020
0.0
1030
0
  0
HATCH
  5
134
100
AcDbEntity
  8
zConcrete
 62
252
420
9211020
370
50
 48
1.0
  6
ByLayer
100
AcDbHatch
 10
0.0
 20
0.0
 30
0.0
210
0.0
220
0.0
230
1.0
  2
SOLID
 70
1
 71
0
 91
1
 92
1
 93
4
 72
1
 10
5.3851810419815251
 20
8.4672463040474995
 11
5.4527070451753588
 21
8.2388184963683457
 72
1
 10
5.4527070451753588
 20
8.2388184963683457
 11
5.3126049196106777
 21
8.1944277850774583
 72
1
 10
5.3126167774826456
 20
8.1943862825255493
 11
5.24676082214188
 21
8.4248821262182574
 72
1
 10
5.24676082214188
 20
8.4248821262182574
 11
5.3853780150754673
 21
8.4665799810031572
 97
0
 75
0
 76
1
 98
0
1001
ACAD
1010
0.0
1020
0.0
1030
0
  0
CIRCLE
  5
135
100
AcDbEntity
  8
f_cov_1
 62
120
420
65455
370
35
 48
2.0
  6
Continuous
100
AcDbCircle
 10
19.2499781185259451
 20
5.5935521847158753
 30
0.0
 40
2.3525107953370372
  0
CIRCLE
  5
136
100
AcDbEntity
  8
f_cov_10
 62
200
420
13566207
370
35
 48
2.0
  6
Continuous
100
AcDbCircle
 10
14.4325725630663086
 20
4.7103450818169179
 30
0.0
 40
2.3500000000000001
  0
CIRCLE
  5
137
100
AcDbEntity
  8
f_cov_6
 62
143
420
5411237
370
35
 48
2.0
  6
Continuous
100
AcDbCircle
 10
10.761401284935495
 20
4.3047139876351395
 30
0.0
 40
1.3886216938491509
  0
ARC
  5
138
100
AcDbEntity
  8
f_cov_10
 62
200
420
13566207
370
35
 48
2.0
  6
Continuous
100
AcDbCircle
 10
22.5803576801934938
 20
4.8844625733402154
 30
0.0
 40
1.0304196534117429
100
AcDbArc
 50
90.0
 51
310.6736012822527755
  0
ARC
  5
139
100
AcDbEntity
  8
f_cov_12
 62
30
420
16744192
370
35
 48
2.0
  6
Continuous
100
AcDbCircle
 10
22.3695431506302853
 20
11.2389336521734506
 30
0.0
 40
0.984251968503937
100
AcDbArc
 50
90.0
 51
270.0
  0
ARC
  5
13A
100
AcDbEntity
  8
f_cov_12
 62
30
420
16744192
370
35
 48
2.0
  6
Continuous
100
AcDbCircle
 10
22.2499781185259451
 20
8.0935521847158753
 30
0.0
 40
0.9000000000000057
100
AcDbArc
 50
90.0
 51
270.0
  0
CIRCLE
  5
13B
100
AcDbEntity
  8
f_cov_1
 62
120
420
65455
370
35
 48
2.0
  6
Continuous
100
AcDbCircle
 10
21.6499781185259437
 20
6.5935521847158753
 30
0.0
 40
0.95
  0
CIRCLE
  5
13C
100
AcDbEntity
  8
f_cov_8
 62
240
420
16711765
370
35
 48
2.0
  6
Continuous
100
AcDbCircle
 10
22.0710136894283337
 20
3.3339757902841001
 30
0.0
 40
0.95
  0
CIRCLE
  5
13D
100
AcDbEntity
  8
f_cov_8
 62
240
420
16711765
370
35
 48
2.0
  6
Continuous
100
AcDbCircle
 10
16.8499781185259394
 20
3.1935521847158768
 30
0.0
 40
0.95
  0
CIRCLE
  5
13E
100
AcDbEntity
  8
f_cov_8
 62
240
420
16711765
370
35
 48
2.0
  6
Continuous
100
AcDbCircle
 10
18.4629037189813943
 20
3.2302228113705809
 30
0.0
 40
0.95
  0
CIRCLE
  5
13F
100
AcDbEntity
  8
f_cov_8
 62
240
420
16711765
370
35
 48
2.0
  6
Continuous
100
AcDbCircle
 10
20.2499781185259451
 20
3.2935521847158782
 30
0.0
 40
0.95
  0
CIRCLE
  5
140
100
AcDbEntity
  8
f_cov_7
 62
81
420
10354484
370
35
 48
2.0
  6
Continuous
100
AcDbCircle
 10
14.6786943770610137
 20
11.0288228351635453
 30
0.0
 40
0.95
  0
CIRCLE
  5
141
100
AcDbEntity
  8
f_cov_7
 62
81
420
10354484
370
35
 48
2.0
  6
Continuous
100
AcDbCircle
 10
13.4499781185259337
 20
10.993552184715881
 30
0.0
 40
0.95
  0
ARC
  5
142
100
AcDbEntity
  8
f_cov_11
 62
92
420
42240
370
35
 48
2.0
  6
Continuous
100
AcDbCircle
 10
12.0764620254593353
 20
7.8056205422766851
 30
0.0
 40
0.925
100
AcDbArc
 50
158.7875108478195898
 51
49.9985925980484822
  0
CIRCLE
  5
143
100
AcDbEntity
  8
f_cov_11
 62
92
420
42240
370
35
 48
2.0
  6
Continuous
100
AcDbCircle
 10
10.713789727252319
 20
7.5323183138266714
 30
0.0
 40
0.925
  0
CIRCLE
  5
144
100
AcDbEntity
  8
f_cov_4
 62
253
420
12237498
370
35
 48
2.0
  6
Continuous
100
AcDbCircle
 10
9.7099673516508247
 20
6.8451143544039681
 30
0.0
 40
0.925
  0
CIRCLE
  5
145
100
AcDbEntity
  8
f_cov_4
 62
253
420
12237498
370
35
 48
2.0
  6
Continuous
100
AcDbCircle
 10
9.3316684986454348
 20
5.4337239675444451
 30
0.0
 40
0.925
  0
CIRCLE
  5
146
100
AcDbEntity
  8
f_cov_4
 62
253
420
12237498
370
35
 48
2.0
  6
Continuous
100
AcDbCircle
 10
10.6499781185259437
 20
5.693552184715891
 30
0.0
 40
0.925
  0
CIRCLE
  5
147
100
AcDbEntity
  8
f_cov_6
 62
143
420
5411237
370
35
 48
2.0
  6
Continuous
100
AcDbCircle
 10
8.1847688099532334
 20
3.92076406007412
 30
0.0
 40
0.9
  0
CIRCLE
  5
148
100
AcDbEntity
  8
f_cov_6
 62
143
420
5411237
370
35
 48
2.0
  6
Continuous
100
AcDbCircle
 10
9.3499781185259181
 20
3.993552184715881
 30
0.0
 40
0.7999999999999972
  0
CIRCLE
  5
149
100
AcDbEntity
  8
f_cov_11
 62
92
420
42240
370
35
 48
2.0
  6
Continuous
100
AcDbCircle
 10
8.3771050245437877
 20
6.4203319093730258
 30
0.0
 40
0.9
  0
CIRCLE
  5
14A
100
AcDbEntity
  8
f_cov_11
 62
92
420
42240
370
35
 48
2.0
  6
Continuous
100
AcDbCircle
 10
7.0991467892567286
 20
5.9004686545642855
 30
0.0
 40
0.9
  0
ARC
  5
14B
100
AcDbEntity
  8
f_cov_11
 62
92
420
42240
370
35
 48
2.0
  6
Continuous
100
AcDbCircle
 10
7.2214995574092953
 20
6.7371629195972886
 30
0.0
 40
0.7874015748031495
100
AcDbArc
 50
190.5443418529906126
 51
16.3995193259780514
  0
ARC
  5
14C
100
AcDbEntity
  8
f_cov_2
 62
30
420
15765248
370
35
 48
2.0
  6
Continuous
100
AcDbCircle
 10
8.6191461405455243
 20
8.0334330157037712
 30
0.0
 40
0.984251968503937
100
AcDbArc
 50
211.290460324007114
 51
25.9680310514307777
  0
ARC
  5
14D
100
AcDbEntity
  8
f_cov_2
 62
30
420
15765248
370
35
 48
2.0
  6
Continuous
100
AcDbCircle
 10
9.969795344053793
 20
8.8411054935082092
 30
0.0
 40
0.984251968503937
100
AcDbArc
 50
207.3473237784093044
 51
12.9229433498030097
  0
CIRCLE
  5
14E
100
AcDbEntity
  8
f_cov_11
 62
92
420
42240
370
35
 48
2.0
  6
Continuous
100
AcDbCircle
 10
7.1041499868252558
 20
4.6503736375567257
 30
0.0
 40
0.9
  0
CIRCLE
  5
14F
100
AcDbEntity
  8
f_cov_6
 62
143
420
5411237
370
35
 48
2.0
  6
Continuous
100
AcDbCircle
 10
6.4289936118845432
 20
3.7142249025209964
 30
0.0
 40
0.9
  0
CIRCLE
  5
150
100
AcDbEntity
  8
f_cov_11
 62
92
420
42240
370
35
 48
2.0
  6
Continuous
100
AcDbCircle
 10
5.7891773286582691
 20
5.8530600795870313
 30
0.0
 40
0.85
  0
CIRCLE
  5
151
100
AcDbEntity
  8
f_cov_4
 62
253
420
12237498
370
35
 48
2.0
  6
Continuous
100
AcDbCircle
 10
5.6963236070159837
 20
4.7353051749208603
 30
0.0
 40
0.85
  0
CIRCLE
  5
152
100
AcDbEntity
  8
f_cov_4
 62
253
420
12237498
370
35
 48
2.0
  6
Continuous
100
AcDbCircle
 10
4.7499781185259451
 20
4.493552184715881
 30
0.0
 40
0.85
  0
CIRCLE
  5
153
100
AcDbEntity
  8
f_cov_2
 62
30
420
15765248
370
35
 48
2.0
  6
Continuous
100
AcDbCircle
 10
4.3499781185259465
 20
5.5935521847158753
 30
0.0
 40
0.85
  0
CIRCLE
  5
154
100
AcDbEntity
  8
f_cov_2
 62
30
420
15765248
370
35
 48
2.0
  6
Continuous
100
AcDbCircle
 10
3.1598771107309958
 20
5.537783192571041
 30
0.0
 40
0.85
  0
CIRCLE
  5
155
100
AcDbEntity
  8
f_cov_2
 62
30
420
15765248
370
35
 48
2.0
  6
Continuous
100
AcDbCircle
 10
3.3499781185259465
 20
4.493552184715881
 30
0.0
 40
0.85
  0
CIRCLE
  5
156
100
AcDbEntity
  8
f_cov_6
 62
143
420
5411237
370
35
 48
2.0
  6
Continuous
100
AcDbCircle
 10
3.6507606029246347
 20
3.3696800280381325
 30
0.0
 40
0.8546186985321456
  0
CIRCLE
  5
157
100
AcDbEntity
  8
f_cov_6
 62
143
420
5411237
370
35
 48
2.0
  6
Continuous
100
AcDbCircle
 10
3.199080892748841
 20
2.6994080120054664
 30
0.0
 40
0.5897018804168735
  0
CIRCLE
  5
158
100
AcDbEntity
  8
f_cov_6
 62
143
420
5411237
370
35
 48
2.0
  6
Continuous
100
AcDbCircle
 10
2.9766659767212591
 20
1.7509756252851492
 30
0.0
 40
0.974162402811541
  0
CIRCLE
  5
159
100
AcDbEntity
  8
f_cov_5
 62
40
420
16764672
370
35
 48
2.0
  6
Continuous
100
AcDbCircle
 10
7.131122210709897
 20
2.7598048310090704
 30
0.0
 40
0.95
  0
CIRCLE
  5
15A
100
AcDbEntity
  8
f_cov_4
 62
253
420
12237498
370
35
 48
2.0
  6
Continuous
100
AcDbCircle
 10
5.1499781185259437
 20
3.8935521847158725
 30
0.0
 40
0.7999999999999972
  0
CIRCLE
  5
15B
100
AcDbEntity
  8
f_cov_3
 62
81
420
10485631
370
35
 48
2.0
  6
Continuous
100
AcDbCircle
 10
6.7561916613583648
 20
1.3191224385459108
 30
0.0
 40
0.6814442362797808
  0
CIRCLE
  5
15C
100
AcDbEntity
  8
f_cov_3
 62
81
420
10485631
370
35
 48
2.0
  6
Continuous
100
AcDbCircle
 10
5.4499781185259337
 20
1.3935521847158654
 30
0.0
 40
0.85
  0
ARC
  5
15D
100
AcDbEntity
  8
f_cov_3
 62
81
420
10485631
370
35
 48
2.0
  6
Continuous
100
AcDbCircle
 10
4.9499781185259337
 20
2.0858904196623911
 30
0.0
 40
0.8540095032075775
100
AcDbArc
 50
90.0
 51
270.0
  0
CIRCLE
  5
15E
100
AcDbEntity
  8
f_cov_3
 62
81
420
10485631
370
35
 48
2.0
  6
Continuous
100
AcDbCircle
 10
3.9511851903740483
 20
1.2164701714093691
 30
0.0
 40
0.85
  0
ARC
  5
15F
100
AcDbEntity
  8
f_cov_2
 62
30
420
15765248
370
35
 48
2.0
  6
Continuous
100
AcDbCircle
 10
4.9814628064129138
 20
6.3611833389148913
 30
0.0
 40
0.9375590281902159
100
AcDbArc
 50
117.4013921636331617
 51
83.9684326363710056
  0
CIRCLE
  5
160
100
AcDbEntity
  8
f_cov_2
 62
30
420
15765248
370
35
 48
2.0
  6
Continuous
100
AcDbCircle
 10
1.9499781185259337
 20
4.7935521847158782
 30
0.0
 40
0.9
  0
CIRCLE
  5
161
100
AcDbEntity
  8
f_cov_4
 62
253
420
12237498
370
35
 48
2.0
  6
Continuous
100
AcDbCircle
 10
7.960199873276224
 20
5.135846734833919
 30
0.0
 40
0.925
  0
CIRCLE
  5
162
100
AcDbEntity
  8
f_cov_11
 62
92
420
42240
370
35
 48
2.0
  6
Continuous
100
AcDbCircle
 10
16.2499781185259451
 20
7.7935521847158711
 30
0.0
 40
0.95
  0
CIRCLE
  5
163
100
AcDbEntity
  8
f_cov_11
 62
92
420
42240
370
35
 48
2.0
  6
Continuous
100
AcDbCircle
 10
17.6037231467709034
 20
7.8778284181744809
 30
0.0
 40
0.95
  0
CIRCLE
  5
164
100
AcDbEntity
  8
f_cov_12
 62
30
420
16744192
370
35
 48
2.0
  6
Continuous
100
AcDbCircle
 10
20.849655568026634
 20
11.2212056695466416
 30
0.0
 40
0.95
  0
CIRCLE
  5
165
100
AcDbEntity
  8
f_cov_12
 62
30
420
16744192
370
35
 48
2.0
  6
Continuous
100
AcDbCircle
 10
21.399782621253749
 20
9.7491554579558155
 30
0.0
 40
0.95
  0
CIRCLE
  5
166
100
AcDbEntity
  8
f_cov_12
 62
30
420
16744192
370
35
 48
2.0
  6
Continuous
100
AcDbCircle
 10
19.6313084427111875
 20
7.9917473019652192
 30
0.0
 40
0.95
  0
CIRCLE
  5
167
100
AcDbEntity
  8
f_cov_12
 62
30
420
16744192
370
35
 48
2.0
  6
Continuous
100
AcDbCircle
 10
21.0932673410156397
 20
8.0481052978780809
 30
0.0
 40
0.95
  0
CIRCLE
  5
168
100
AcDbEntity
  8
f_cov_7
 62
81
420
10354484
370
35
 48
2.0
  6
Continuous
100
AcDbCircle
 10
16.0843117012929682
 20
11.1050364955635601
 30
0.0
 40
0.95
  0
CIRCLE
  5
169
100
AcDbEntity
  8
f_cov_11
 62
92
420
42240
370
35
 48
2.0
  6
Continuous
100
AcDbCircle
 10
13.9347777263186785
 20
7.6648543824454265
 30
0.0
 40
0.95
  0
CIRCLE
  5
16A
100
AcDbEntity
  8
f_cov_7
 62
81
420
10354484
370
35
 48
2.0
  6
Continuous
100
AcDbCircle
 10
15.3744216122921387
 20
9.3586985436453816
 30
0.0
 40
0.95
  0
CIRCLE
  5
16B
100
AcDbEntity
  8
f_cov_7
 62
81
420
10354484
370
35
 48
2.0
  6
Continuous
100
AcDbCircle
 10
16.8499781185259678
 20
9.493552184715881
 30
0.0
 40
0.95
  0
CIRCLE
  5
16C
100
AcDbEntity
  8
f_cov_7
 62
81
420
10354484
370
35
 48
2.0
  6
Continuous
100
AcDbCircle
 10
18.3532858955837455
 20
9.6351802506155479
 30
0.0
 40
0.95
  0
CIRCLE
  5
16D
100
AcDbEntity
  8
f_cov_7
 62
81
420
10354484
370
35
 48
2.0
  6
Continuous
100
AcDbCircle
 10
17.4262081056068396
 20
11.1704406205217808
 30
0.0
 40
0.95
  0
CIRCLE
  5
16E
100
AcDbEntity
  8
f_cov_12
 62
30
420
16744192
370
35
 48
2.0
  6
Continuous
100
AcDbCircle
 10
19.2657829392011237
 20
11.2027313647570708
 30
0.0
 40
0.95
  0
ARC
  5
16F
100
AcDbEntity
  8
f_cov_7
 62
81
420
10354484
370
35
 48
2.0
  6
Continuous
100
AcDbCircle
 10
12.1401754304193972
 20
9.7277292367205206
 30
0.0
 40
0.9333126314390064
100
AcDbArc
 50
296.1633096703184265
 51
101.7686944373979969
  0
CIRCLE
  5
170
100
AcDbEntity
  8
f_cov_11
 62
92
420
42240
370
35
 48
2.0
  6
Continuous
100
AcDbCircle
 10
15.0128926438462287
 20
7.712741711240696
 30
0.0
 40
0.95
  0
CIRCLE
  5
171
100
AcDbEntity
  8
f_cov_1
 62
120
420
65455
370
35
 48
2.0
  6
Continuous
100
AcDbCircle
 10
16.1396424214308851
 20
5.9730279944576949
 30
0.0
 40
0.9105670342107148
  0
CIRCLE
  5
172
100
AcDbEntity
  8
f_cov_7
 62
81
420
10354484
370
35
 48
2.0
  6
Continuous
100
AcDbCircle
 10
14.099863302812949
 20
9.2993112821248971
 30
0.0
 40
0.95
  0
CIRCLE
  5
173
100
AcDbEntity
  8
f_cov_12
 62
30
420
16744192
370
35
 48
2.0
  6
Continuous
100
AcDbCircle
 10
19.9499781185259337
 20
9.6935521847158768
 30
0.0
 40
0.95
  0
CIRCLE
  5
174
100
AcDbEntity
  8
f_cov_4
 62
253
420
12237498
370
35
 48
2.0
  6
Continuous
100
AcDbCircle
 10
12.064780976016614
 20
6.185532856820565
 30
0.0
 40
0.925
  0
ARC
  5
175
100
AcDbEntity
  8
f_cov_2
 62
30
420
15765248
370
35
 48
1.0
  6
Continuous
100
AcDbCircle
 10
0.9524796916998355
 20
5.344212556668495
 30
0.0
 40
0.6992413419705374
100
AcDbArc
 50
186.6391165143383546
 51
4.0462475919266767
  0
ARC
  5
176
100
AcDbEntity
  8
f_cov_3
 62
81
420
10485631
370
35
 48
1.0
  6
Continuous
100
AcDbCircle
 10
2.9499781185259337
 20
-0.006447815284119
 30
0.0
 40
0.9500000000000028
100
AcDbArc
 50
359.6111205902287224
 51
179.611120590228694
  0
ARC
  5
177
100
AcDbEntity
  8
f_cov_3
 62
81
420
10485631
370
35
 48
1.0
  6
Continuous
100
AcDbCircle
 10
4.5499781185259494
 20
-0.006447815284119
 30
0.0
 40
0.9500000000000028
100
AcDbArc
 50
359.6111205902287224
 51
179.611120590228694
  0
ARC
  5
178
100
AcDbEntity
  8
f_cov_3
 62
81
420
10485631
370
35
 48
1.0
  6
Continuous
100
AcDbCircle
 10
5.9858797736496143
 20
-0.0168056814060833
 30
0.0
 40
0.9500000000000028
100
AcDbArc
 50
359.6111205902287224
 51
179.611120590228694
  0
ARC
  5
179
100
AcDbEntity
  8
f_cov_5
 62
40
420
16764672
370
35
 48
1.0
  6
Continuous
100
AcDbCircle
 10
8.5502502249695596
 20
2.6260410495764361
 30
0.0
 40
0.9500000000000028
100
AcDbArc
 50
359.6111205902287224
 51
179.611120590228694
  0
ARC
  5
17A
100
AcDbEntity
  8
f_cov_5
 62
40
420
16764672
370
35
 48
1.0
  6
Continuous
100
AcDbCircle
 10
9.8919914455229758
 20
2.6248344423143948
 30
0.0
 40
0.9500000000000028
100
AcDbArc
 50
359.6111205902287224
 51
179.611120590228694
  0
ARC
  5
17B
100
AcDbEntity
  8
f_cov_5
 62
40
420
16764672
370
35
 48
1.0
  6
Continuous
100
AcDbCircle
 10
11.3499671777889048
 20
2.5829220573420457
 30
0.0
 40
0.9500000000000028
100
AcDbArc
 50
359.6111205902287224
 51
179.611120590228694
  0
ARC
  5
17C
100
AcDbEntity
  8
f_cov_5
 62
40
420
16764672
370
35
 48
1.0
  6
Continuous
100
AcDbCircle
 10
12.9499781185259337
 20
2.5935521847158753
 30
0.0
 40
0.9500000000000028
100
AcDbArc
 50
359.6111205902287224
 51
179.611120590228694
  0
ARC
  5
17D
100
AcDbEntity
  8
f_cov_5
 62
40
420
16764672
370
35
 48
1.0
  6
Continuous
100
AcDbCircle
 10
7.7055950440802548
 20
1.5242278494649284
 30
0.0
 40
0.7692833791857082
100
AcDbArc
 50
90.378184471509627
 51
270.3781844715095986
  0
ARC
  5
17E
100
AcDbEntity
  8
f_cov_5
 62
40
420
16764672
370
35
 48
1.0
  6
Continuous
100
AcDbCircle
 10
7.6499781185259437
 20
-0.006447815284119
 30
0.0
 40
1.199999999999992
100
AcDbArc
 50
89.9999999999993463
 51
178.3309934160018884
  0
ARC
  5
17F
100
AcDbEntity
  8
f_cov_5
 62
40
420
16764672
370
35
 48
1.0
  6
Continuous
100
AcDbCircle
 10
5.602510222336619
 20
2.8767415583906555
 30
0.0
 40
0.95
100
AcDbArc
 50
261.9883330628670137
 51
180.0
  0
SPLINE
  5
180
100
AcDbEntity
  8
field_pipes
 62
92
420
42240
370
50
 48
1.0
  6
Continuous
100
AcDbSpline
 70
8
 71
3
 72
11
 73
7
 74
0
 40
0.0
 40
0.0
 40
0.0
 40
0.0
 40
1.0
 40
2.0
 40
3.0
 40
4.0
 40
4.0
 40
4.0
 40
4.0
 10
4.5499781185259494
 20
4.2935521847158782
 30
0.0
 10
4.5499781185259494
 20
3.8935521847158654
 30
0.0
 10
4.9499781185259337
 20
3.5935521847158753
 30
0.0
 10
5.4499781185259337
 20
3.3935521847158654
 30
0.0
 10
5.4342681765228988
 20
2.8311584897674109
 30
0.0
 10
5.4342681765228988
 20
2.8311584897674109
 30
0.0
 10
5.4342681765228988
 20
2.8311584897674109
 30
0.0
  0
SPLINE
  5
181
100
AcDbEntity
  8
yd_pipes
 62
256
370
70
 48
1.0
  6
ByLayer
100
AcDbSpline
 70
8
 71
3
 72
10
 73
6
 74
0
 40
0.0
 40
0.0
 40
0.0
 40
0.0
 40
1.0
 40
2.0
 40
3.0
 40
3.0
 40
3.0
 40
3.0
 10
6.7202701845288786
 20
10.8306257285829872
 30
0.0
 10
6.1499781185259437
 20
10.6935521847158768
 30
0.0
 10
5.7499781185259451
 20
10.7935521847158711
 30
0.0
 10
5.6499781185259437
 20
11.0935521847158753
 30
0.0
 10
5.1768904148143591
 20
11.1376421343864109
 30
0.0
 10
4.2249684445502069
 20
10.8493825389549414
 30
0.0
  0
SPLINE
  5
182
100
AcDbEntity
  8
yd_pipes
 62
256
370
70
 48
1.0
  6
ByLayer
100
AcDbSpline
 70
8
 71
3
 72
10
 73
6
 74
0
 40
0.0
 40
0.0
 40
0.0
 40
0.0
 40
1.0
 40
2.0
 40
3.0
 40
3.0
 40
3.0
 40
3.0
 10
6.2472989647776487
 20
10.7352017105629969
 30
0.0
 10
6.2499781185259451
 20
9.7935521847158711
 30
0.0
 10
6.5499781185259494
 20
8.5935521847158753
 30
0.0
 10
6.8862249984766777
 20
8.5155560740111866
 30
0.0
 10
7.3668718379057836
 20
8.493552184715881
 30
0.0
 10
7.3668718379057836
 20
8.493552184715881
 30
0.0
  0
SPLINE
  5
183
100
AcDbEntity
  8
yd_pipes
 62
211
420
16744447
370
70
 48
1.0
  6
ByLayer
100
AcDbSpline
 70
8
 71
3
 72
20
 73
16
 74
0
 40
0.0
 40
0.0
 40
0.0
 40
0.0
 40
1.0
 40
2.0
 40
3.0
 40
4.0
 40
5.0
 40
6.0
 40
7.0
 40
8.0
 40
9.0
 40
10.0
 40
11.0
 40
12.0
 40
13.0
 40
13.0
 40
13.0
 40
13.0
 10
6.4399781185259499
 20
10.5835521847158773
 30
0.0
 10
6.1306456272770191
 20
10.4835392609657916
 30
0.0
 10
5.8045669887386637
 20
10.8306828092541281
 30
0.0
 10
5.8093155671984746
 20
10.6107142491964908
 30
0.0
 10
5.7828607420387783
 20
10.4272233814861508
 30
0.0
 10
5.7684549422169198
 20
10.0214600198371713
 30
0.0
 10
5.7732568754908797
 20
9.906213621262296
 30
0.0
 10
5.5235563452453391
 20
9.807773989146277
 30
0.0
 10
5.5235563452453391
 20
9.807773989146277
 30
0.0
 10
5.1009862171375175
 20
11.0106582742713783
 30
0.0
 10
5.0154692954410933
 20
11.1012806417103747
 30
0.0
 10
5.0154692954410933
 20
11.1012806417103747
 30
0.0
 10
5.4611312126839593
 20
11.1403104726681264
 30
0.0
 10
5.655609510279028
 20
11.4428322689271411
 30
0.0
 10
5.6412037104571695
 20
11.5532767342280351
 30
0.0
 10
5.6412037104571695
 20
11.5532767342280351
 30
0.0
  0
SPLINE
  5
184
100
AcDbEntity
  8
yd_pipes
 62
211
420
16744447
370
70
 48
1.0
  6
ByLayer
100
AcDbSpline
 70
8
 71
3
 72
8
 73
4
 74
0
 40
0.0
 40
0.0
 40
0.0
 40
0.0
 40
1.0
 40
1.0
 40
1.0
 40
1.0
 10
5.5235563452453391
 20
9.807773989146277
 30
0.0
 10
5.523557025967726
 20
9.8077742282848206
 30
0.0
 10
5.5194650980959139
 20
9.7156729089518805
 30
0.0
 10
5.8051801278960937
 20
8.8297162199076382
 30
0.0
  0
SPLINE
  5
185
100
AcDbEntity
  8
yd_pipes
 62
161
420
8364031
370
70
 48
1.0
  6
ByLayer
100
AcDbSpline
 70
8
 71
3
 72
8
 73
4
 74
0
 40
0.0
 40
0.0
 40
0.0
 40
0.0
 40
1.0
 40
1.0
 40
1.0
 40
1.0
 10
6.6801776527451793
 20
10.2963618642137149
 30
0.0
 10
6.5886030118834853
 20
10.5479611221758987
 30
0.0
 10
6.5886030118834853
 20
10.5479611221758987
 30
0.0
 10
6.5886030118834853
 20
10.5479611221758987
 30
0.0
  0
SPLINE
  5
186
100
AcDbEntity
  8
yd_pipes
 62
161
420
8364031
370
70
 48
1.0
  6
ByLayer
100
AcDbSpline
 70
8
 71
3
 72
12
 73
8
 74
0
 40
0.0
 40
0.0
 40
0.0
 40
0.0
 40
1.0
 40
2.0
 40
3.0
 40
4.0
 40
5.0
 40
5.0
 40
5.0
 40
5.0
 10
6.6801776527451793
 20
10.2963618642137149
 30
0.0
 10
6.6873805526561085
 20
10.0730719669749291
 30
0.0
 10
6.752206651854479
 20
10.0226516675984314
 30
0.0
 10
6.752206651854479
 20
10.0226516675984314
 30
0.0
 10
6.8606997776433047
 20
9.4281790975940751
 30
0.0
 10
6.8499781185259394
 20
9.2935521847158711
 30
0.0
 10
6.7499781185259451
 20
9.2935521847158711
 30
0.0
 10
6.7499781185259451
 20
9.2935521847158711
 30
0.0
  0
SPLINE
  5
187
100
AcDbEntity
  8
yd_pipes
 62
161
420
8364031
370
70
 48
1.0
  6
ByLayer
100
AcDbSpline
 70
8
 71
3
 72
9
 73
5
 74
0
 40
0.0
 40
0.0
 40
0.0
 40
0.0
 40
1.0
 40
2.0
 40
2.0
 40
2.0
 40
2.0
 10
6.3609700524558193
 20
10.7011633140171654
 30
0.0
 10
6.2499781185259451
 20
11.2935521847158711
 30
0.0
 10
6.3944626229450137
 20
11.5352606488935194
 30
0.0
 10
6.3974772888764093
 20
11.527870094523621
 30
0.0
 10
6.3974772888764093
 20
11.527870094523621
 30
0.0
  0
SPLINE
  5
188
100
AcDbEntity
  8
yd_pipes
 62
211
420
16744447
370
70
 48
1.0
  6
ByLayer
100
AcDbSpline
 70
8
 71
3
 72
10
 73
6
 74
0
 40
0.0
 40
0.0
 40
0.0
 40
0.0
 40
1.0
 40
2.0
 40
3.0
 40
3.0
 40
3.0
 40
3.0
 10
7.36953954017428
 20
10.137888892695905
 30
0.0
 10
7.4848046213894648
 20
9.9336376994211975
 30
0.0
 10
7.5511865469685873
 20
9.7469385337299315
 30
0.0
 10
7.5486307549450089
 20
9.7463779783986411
 30
0.0
 10
8.0098893791087136
 20
9.2107015973922159
 30
0.0
 10
8.0098893791087136
 20
9.2107015973922159
 30
0.0
  0
SPLINE
  5
189
100
AcDbEntity
  8
yd_pipes
 62
43
420
10850642
370
70
 48
1.0
  6
ByLayer
100
AcDbSpline
 70
8
 71
3
 72
9
 73
5
 74
0
 40
0.0
 40
0.0
 40
0.0
 40
0.0
 40
1.0
 40
2.0
 40
2.0
 40
2.0
 40
2.0
 10
0.6366933027779353
 20
11.2284007367209568
 30
0.0
 10
1.1192875968101532
 20
11.128360460180275
 30
0.0
 10
1.4499781185259337
 20
10.8935521847158654
 30
0.0
 10
1.4860000512517075
 20
10.6001663260226664
 30
0.0
 10
1.4860000512517075
 20
10.6001663260226664
 30
0.0
  0
SPLINE
  5
18A
100
AcDbEntity
  8
yd_pipes
 62
43
420
10850642
370
70
 48
1.0
  6
ByLayer
100
AcDbSpline
 70
8
 71
3
 72
8
 73
4
 74
0
 40
0.0
 40
0.0
 40
0.0
 40
0.0
 40
1.0
 40
1.0
 40
1.0
 40
1.0
 10
1.4599781185259459
 20
10.6935521847158768
 30
0.0
 10
1.1499781185259437
 20
10.5935521847158753
 30
0.0
 10
1.2283848530536474
 20
10.3996537471544457
 30
0.0
 10
1.2283848530536474
 20
10.3996537471544457
 30
0.0
  0
SPLINE
  5
18B
100
AcDbEntity
  8
yd_pipes
 62
43
420
10850642
370
70
 48
1.0
  6
ByLayer
100
AcDbSpline
 70
8
 71
3
 72
8
 73
4
 74
0
 40
0.0
 40
0.0
 40
0.0
 40
0.0
 40
1.0
 40
1.0
 40
1.0
 40
1.0
 10
0.7299781185259491
 20
11.2035521847158748
 30
0.0
 10
0.7499781185259451
 20
11.0935521847158753
 30
0.0
 10
0.85529019948833
 20
10.4671920494056963
 30
0.0
 10
0.85529019948833
 20
10.4671920494056963
 30
0.0
  0
SPLINE
  5
18C
100
AcDbEntity
  8
yd_pipes
 62
160
420
16383
370
70
 48
1.0
  6
ByLayer
100
AcDbSpline
 70
8
 71
3
 72
17
 73
13
 74
0
 40
0.0
 40
0.0
 40
0.0
 40
0.0
 40
1.0
 40
2.0
 40
3.0
 40
4.0
 40
5.0
 40
6.0
 40
7.0
 40
8.0
 40
9.0
 40
10.0
 40
10.0
 40
10.0
 40
10.0
 10
4.767656480711608
 20
11.5489837656673799
 30
0.0
 10
3.0375775453058083
 20
11.5406860249700003
 30
0.0
 10
2.7499781185259451
 20
11.493552184715881
 30
0.0
 10
2.7499781185259451
 20
11.493552184715881
 30
0.0
 10
2.7499781185259451
 20
11.493552184715881
 30
0.0
 10
2.5977972883441396
 20
11.3042004150943782
 30
0.0
 10
2.5894995476467599
 20
11.0677148052187704
 30
0.0
 10
2.6499781185259437
 20
10.8935521847158654
 30
0.0
 10
2.8923670831014832
 20
10.7565495290666391
 30
0.0
 10
3.2499781185259451
 20
10.6935521847158768
 30
0.0
 10
3.5499781185259494
 20
10.6935521847158768
 30
0.0
 10
3.9254357999265395
 20
10.5325105302371114
 30
0.0
 10
3.9338269595502595
 20
10.5079675607969847
 30
0.0
  0
SPLINE
  5
18D
100
AcDbEntity
  8
yd_pipes
 62
160
420
16383
370
70
 48
1.0
  6
ByLayer
100
AcDbSpline
 70
8
 71
3
 72
16
 73
12
 74
0
 40
0.0
 40
0.0
 40
0.0
 40
0.0
 40
1.0
 40
2.0
 40
3.0
 40
4.0
 40
5.0
 40
6.0
 40
7.0
 40
8.0
 40
9.0
 40
9.0
 40
9.0
 40
9.0
 10
4.0848770581622986
 20
10.8539914261579682
 30
0.0
 10
3.9915061333909989
 20
10.8173099914263915
 30
0.0
 10
3.9920916323687834
 20
10.8159414113561851
 30
0.0
 10
3.99500833287982
 20
10.8117849005945104
 30
0.0
 10
3.9499781185259337
 20
10.993552184715881
 30
0.0
 10
3.9499781185259337
 20
10.993552184715881
 30
0.0
 10
3.9499781185259337
 20
10.993552184715881
 30
0.0
 10
3.6913853037689535
 20
11.1044922786158367
 30
0.0
 10
3.5181541506813687
 20
11.1668960454646609
 30
0.0
 10
3.298065542291873
 20
11.0785271345203995
 30
0.0
 10
2.5911142547377466
 20
11.1602266936952859
 30
0.0
 10
2.5911142547377466
 20
11.1602266936952859
 30
0.0
  0
SPLINE
  5
18E
100
AcDbEntity
  8
yd_pipes
 62
160
420
16383
370
70
 48
1.0
  6
ByLayer
100
AcDbSpline
 70
8
 71
3
 72
8
 73
4
 74
0
 40
0.0
 40
0.0
 40
0.0
 40
0.0
 40
1.0
 40
1.0
 40
1.0
 40
1.0
 10
3.9445907682185037
 20
10.9958634366721171
 30
0.0
 10
4.3854714334249181
 20
11.0233865135425617
 30
0.0
 10
4.6996331995194893
 20
11.1463332947749905
 30
0.0
 10
4.6996331995194893
 20
11.1463332947749905
 30
0.0
  0
SPLINE
  5
18F
100
AcDbEntity
  8
yd_pipes
 62
160
420
16383
370
70
 48
1.0
  6
ByLayer
100
AcDbSpline
 70
8
 71
3
 72
8
 73
4
 74
0
 40
0.0
 40
0.0
 40
0.0
 40
0.0
 40
1.0
 40
1.0
 40
1.0
 40
1.0
 10
3.931653960382846
 20
10.8743189937328779
 30
0.0
 10
3.973181975247897
 20
10.8980768004433983
 30
0.0
 10
3.9732240185719689
 20
10.8980983781446952
 30
0.0
 10
3.9769736689827937
 20
10.8927548530805964
 30
0.0
  0
SPLINE
  5
190
100
AcDbEntity
  8
yd_pipes
 62
181
420
10452991
370
70
 48
1.0
  6
ByLayer
100
AcDbSpline
 70
8
 71
3
 72
18
 73
14
 74
0
 40
0.0
 40
0.0
 40
0.0
 40
0.0
 40
1.0
 40
2.0
 40
3.0
 40
4.0
 40
5.0
 40
6.0
 40
7.0
 40
8.0
 40
9.0
 40
10.0
 40
11.0
 40
11.0
 40
11.0
 40
11.0
 10
4.096835937043366
 20
10.8153254047710305
 30
0.0
 10
3.8258935214123539
 20
10.6856435648108814
 30
0.0
 10
3.601266048624268
 20
10.5131204027210572
 30
0.0
 10
3.5185181601411699
 20
10.3115641985785871
 30
0.0
 10
3.2864247185667992
 20
10.1254892842129252
 30
0.0
 10
2.3200356471838433
 20
9.5712661521775786
 30
0.0
 10
2.0499781185259494
 20
9.2935521847158711
 30
0.0
 10
1.8547228846664936
 20
8.9480050970238594
 30
0.0
 10
1.3255760276741739
 20
9.2015548567732992
 30
0.0
 10
1.3255760276741739
 20
9.2015548567732992
 30
0.0
 10
1.3255760276741739
 20
9.2015548567732992
 30
0.0
 10
1.1987255897562434
 20
8.7243643025526794
 30
0.0
 10
1.4282495068257646
 20
8.4764418957415657
 30
0.0
 10
1.4282495068257646
 20
8.4764418957415657
 30
0.0
  0
SPLINE
  5
191
100
AcDbEntity
  8
yd_pipes
 62
181
420
10452991
370
70
 48
1.0
  6
ByLayer
100
AcDbSpline
 70
8
 71
3
 72
14
 73
10
 74
0
 40
0.0
 40
0.0
 40
0.0
 40
0.0
 40
1.0
 40
2.0
 40
3.0
 40
4.0
 40
5.0
 40
6.0
 40
7.0
 40
7.0
 40
7.0
 40
7.0
 10
1.3255760276741739
 20
9.2015548567732992
 30
0.0
 10
1.3499781185259465
 20
9.2935521847158711
 30
0.0
 10
1.39998630513346
 20
9.3207314565525294
 30
0.0
 10
1.4715611208765793
 20
9.854330818498326
 30
0.0
 10
1.4715611208765793
 20
9.854330818498326
 30
0.0
 10
0.9785092832699647
 20
9.9060583108216491
 30
0.0
 10
0.9785092832699647
 20
9.9060583108216491
 30
0.0
 10
0.9785092832699647
 20
9.9060583108216491
 30
0.0
 10
0.8881258704006854
 20
9.2938480142986677
 30
0.0
 10
0.8817761615464335
 20
9.0802071958371258
 30
0.0
  0
SPLINE
  5
192
100
AcDbEntity
  8
yd_pipes
 62
20
420
16727808
370
70
 48
1.0
  6
ByLayer
100
AcDbSpline
 70
8
 71
3
 72
19
 73
15
 74
0
 40
0.0
 40
0.0
 40
0.0
 40
0.0
 40
1.0
 40
2.0
 40
3.0
 40
4.0
 40
5.0
 40
6.0
 40
7.0
 40
8.0
 40
9.0
 40
10.0
 40
11.0
 40
12.0
 40
12.0
 40
12.0
 40
12.0
 10
0.9048254412613943
 20
8.2619577659556285
 30
0.0
 10
1.5467425390859333
 20
8.0356146494440495
 30
0.0
 10
1.5467425390859333
 20
8.0356146494440495
 30
0.0
 10
1.5701795265851999
 20
8.0445885785955369
 30
0.0
 10
1.8499781185259465
 20
8.1935521847158768
 30
0.0
 10
1.8499781185259465
 20
8.1935521847158768
 30
0.0
 10
2.4499781185259337
 20
8.3935521847158654
 30
0.0
 10
2.618879043905558
 20
8.4643649571589563
 30
0.0
 10
2.7530826899123042
 20
8.5390116349258989
 30
0.0
 10
2.6090246916937261
 20
9.1612621550089059
 30
0.0
 10
2.4482024697212239
 20
9.3954071463802791
 30
0.0
 10
2.6499781185259437
 20
9.6935521847158768
 30
0.0
 10
2.7499781185259451
 20
9.7935521847158711
 30
0.0
 10
3.4499781185259337
 20
10.1935521847158768
 30
0.0
 10
3.4499781185259337
 20
10.1935521847158768
 30
0.0
  0
SPLINE
  5
193
100
AcDbEntity
  8
yd_pipes
 62
181
420
10452991
370
70
 48
1.0
  6
ByLayer
100
AcDbSpline
 70
8
 71
3
 72
8
 73
4
 74
0
 40
0.0
 40
0.0
 40
0.0
 40
0.0
 40
1.0
 40
1.0
 40
1.0
 40
1.0
 10
2.2061897137761335
 20
9.6735594287276072
 30
0.0
 10
2.2884946563159545
 20
9.6342589332044852
 30
0.0
 10
2.2999155948683736
 20
9.5277715259985456
 30
0.0
 10
2.2999155948683736
 20
9.5277715259985456
 30
0.0
  0
SPLINE
  5
194
100
AcDbEntity
  8
yd_pipes
 62
20
420
16727808
370
70
 48
1.0
  6
ByLayer
100
AcDbSpline
 70
8
 71
3
 72
9
 73
5
 74
0
 40
0.0
 40
0.0
 40
0.0
 40
0.0
 40
1.0
 40
2.0
 40
2.0
 40
2.0
 40
2.0
 10
2.269044665182399
 20
8.3295066149312049
 30
0.0
 10
2.2442378273158283
 20
8.017105513824248
 30
0.0
 10
2.2299781185259491
 20
7.5235521847158751
 30
0.0
 10
2.2299781185259491
 20
7.5235521847158751
 30
0.0
 10
2.2299781185259491
 20
7.5235521847158751
 30
0.0
  0
SPLINE
  5
195
100
AcDbEntity
  8
yd_pipes
 62
20
420
16727808
370
70
 48
1.0
  6
ByLayer
100
AcDbSpline
 70
8
 71
3
 72
8
 73
4
 74
0
 40
0.0
 40
0.0
 40
0.0
 40
0.0
 40
1.0
 40
1.0
 40
1.0
 40
1.0
 10
2.2418771280950196
 20
7.8297564811440594
 30
0.0
 10
2.0041411636181934
 20
7.8154243163182358
 30
0.0
 10
2.0041411636181934
 20
7.8154243163182358
 30
0.0
 10
2.0041411636181934
 20
7.8154243163182358
 30
0.0
  0
SPLINE
  5
196
100
AcDbEntity
  8
yd_pipes
 62
52
420
10855680
370
70
 48
1.0
  6
ByLayer
100
AcDbSpline
 70
8
 71
3
 72
18
 73
14
 74
0
 40
0.0
 40
0.0
 40
0.0
 40
0.0
 40
1.0
 40
2.0
 40
3.0
 40
4.0
 40
5.0
 40
6.0
 40
7.0
 40
8.0
 40
9.0
 40
10.0
 40
11.0
 40
11.0
 40
11.0
 40
11.0
 10
3.8326501272734461
 20
8.1135731520090957
 30
0.0
 10
3.882670265543787
 20
7.9835207925062264
 30
0.0
 10
3.9607016812455171
 20
7.873476488311475
 30
0.0
 10
4.0807500130943239
 20
7.7914434615481269
 30
0.0
 10
4.6089626732290938
 20
7.9695151537905247
 30
0.0
 10
5.0811527785010995
 20
8.1355820128480616
 30
0.0
 10
5.0931576116859887
 20
8.1355820128480616
 30
0.0
 10
5.0951584172167941
 20
8.1355820128480616
 30
0.0
 10
5.0491398900080853
 20
8.2596319557585005
 30
0.0
 10
5.0491398900080853
 20
8.2596319557585005
 30
0.0
 10
5.0551423066005299
 20
8.2596319557585005
 30
0.0
 10
4.9571028355906535
 20
8.2516287336352505
 30
0.0
 10
4.8790714198889233
 20
8.4557108977782249
 30
0.0
 10
4.8810722254197501
 20
8.4557108977782249
 30
0.0
  0
SPLINE
  5
197
100
AcDbEntity
  8
yd_pipes
 62
52
420
10855680
370
70
 48
1.0
  6
ByLayer
100
AcDbSpline
 70
8
 71
3
 72
9
 73
5
 74
0
 40
0.0
 40
0.0
 40
0.0
 40
0.0
 40
1.0
 40
2.0
 40
2.0
 40
2.0
 40
2.0
 10
5.0491398900080853
 20
8.2596319557585005
 30
0.0
 10
5.1499781185259437
 20
8.2935521847158711
 30
0.0
 10
5.2032019158807259
 20
8.3896843152613769
 30
0.0
 10
5.1311729167714333
 20
8.5437463411340175
 30
0.0
 10
5.1311729167714333
 20
8.5437463411340175
 30
0.0
  0
SPLINE
  5
198
100
AcDbEntity
  8
yd_pipes
 62
52
420
10855680
370
70
 48
1.0
  6
ByLayer
100
AcDbSpline
 70
8
 71
3
 72
8
 73
4
 74
0
 40
0.0
 40
0.0
 40
0.0
 40
0.0
 40
1.0
 40
1.0
 40
1.0
 40
1.0
 10
5.1091640559324887
 20
8.2916448442515147
 30
0.0
 10
5.1771914439801492
 20
8.203609400895715
 30
0.0
 10
5.1771914439801492
 20
8.203609400895715
 30
0.0
 10
5.1771914439801492
 20
8.203609400895715
 30
0.0
  0
SPLINE
  5
199
100
AcDbEntity
  8
yd_pipes
 62
52
420
10855680
370
70
 48
1.0
  6
ByLayer
100
AcDbSpline
 70
8
 71
3
 72
8
 73
4
 74
0
 40
0.0
 40
0.0
 40
0.0
 40
0.0
 40
1.0
 40
1.0
 40
1.0
 40
1.0
 10
4.9791116964296194
 20
8.273637594474188
 30
0.0
 10
4.9410963913441535
 20
8.211612623018965
 30
0.0
 10
4.9298320656402552
 20
8.2093828858598314
 30
0.0
 10
4.9298320656402552
 20
8.2093828858598314
 30
0.0
  0
SPLINE
  5
19A
100
AcDbEntity
  8
yd_pipes
 62
52
420
10855680
370
70
 48
1.0
  6
ByLayer
100
AcDbSpline
 70
8
 71
3
 72
8
 73
4
 74
0
 40
0.0
 40
0.0
 40
0.0
 40
0.0
 40
1.0
 40
1.0
 40
1.0
 40
1.0
 10
4.6089626732290938
 20
7.9695151537905247
 30
0.0
 10
4.5789505902668992
 20
8.0675546248004011
 30
0.0
 10
4.5786776089767542
 20
8.0696763532984406
 30
0.0
 10
4.5786776089767542
 20
8.0696763532984406
 30
0.0
  0
SPLINE
  5
19B
100
AcDbEntity
  8
yd_pipes
 62
52
420
10855680
370
70
 48
1.0
  6
ByLayer
100
AcDbSpline
 70
8
 71
3
 72
8
 73
4
 74
0
 40
0.0
 40
0.0
 40
0.0
 40
0.0
 40
1.0
 40
1.0
 40
1.0
 40
1.0
 10
4.1347717624262899
 20
7.8334603776952108
 30
0.0
 10
4.1287693458338595
 20
7.9174942099893784
 30
0.0
 10
4.1260394516187588
 20
7.9303192536580909
 30
0.0
 10
4.1260394516187588
 20
7.9303192536580909
 30
0.0
  0
SPLINE
  5
19C
100
AcDbEntity
  8
yd_pipes
 62
52
420
10855680
370
70
 48
1.0
  6
ByLayer
100
AcDbSpline
 70
8
 71
3
 72
18
 73
14
 74
0
 40
0.0
 40
0.0
 40
0.0
 40
0.0
 40
1.0
 40
2.0
 40
3.0
 40
4.0
 40
5.0
 40
6.0
 40
7.0
 40
8.0
 40
9.0
 40
10.0
 40
11.0
 40
11.0
 40
11.0
 40
11.0
 10
5.0929491944431859
 20
8.1381663866586891
 30
0.0
 10
5.14117694442551
 20
8.0435449584306298
 30
0.0
 10
5.14117694442551
 20
8.0435449584306298
 30
0.0
 10
5.14117694442551
 20
8.0435449584306298
 30
0.0
 10
4.8790714198889233
 20
7.8514676274725304
 30
0.0
 10
4.3068410380762572
 20
7.6253766024906113
 30
0.0
 10
3.7266074341403268
 20
7.5893621029359579
 30
0.0
 10
3.3004358560770299
 20
7.4953242429877207
 30
0.0
 10
3.1543770523276393
 20
7.5193339093574778
 30
0.0
 10
3.0703432200334646
 20
7.6453846577987363
 30
0.0
 10
3.0757020946413789
 20
7.6466472361197688
 30
0.0
 10
3.0499781185259494
 20
7.3535521847158805
 30
0.0
 10
3.0499781185259494
 20
7.3535521847158805
 30
0.0
 10
3.0499781185259494
 20
7.3535521847158805
 30
0.0
  0
SPLINE
  5
19D
100
AcDbEntity
  8
yd_pipes
 62
52
420
10855680
370
70
 48
1.0
  6
ByLayer
100
AcDbSpline
 70
8
 71
3
 72
9
 73
5
 74
0
 40
0.0
 40
0.0
 40
0.0
 40
0.0
 40
1.0
 40
2.0
 40
2.0
 40
2.0
 40
2.0
 10
3.0757020946413789
 20
7.6466472361197688
 30
0.0
 10
3.4785075483194277
 20
7.8834805159655517
 30
0.0
 10
3.7930844382720039
 20
7.8679300895902955
 30
0.0
 10
3.7930844382720039
 20
7.8679300895902955
 30
0.0
 10
3.7930844382720039
 20
7.8679300895902955
 30
0.0
  0
SPLINE
  5
19E
100
AcDbEntity
  8
yd_pipes
 62
52
420
10855680
370
70
 48
1.0
  6
ByLayer
100
AcDbSpline
 70
8
 71
3
 72
10
 73
6
 74
0
 40
0.0
 40
0.0
 40
0.0
 40
0.0
 40
1.0
 40
2.0
 40
3.0
 40
3.0
 40
3.0
 40
3.0
 10
3.1083585251189234
 20
7.6653927131068684
 30
0.0
 10
2.9478090808553645
 20
7.8205576305705051
 30
0.0
 10
2.9177043680074775
 20
7.8298206191390847
 30
0.0
 10
2.8851727521546096
 20
7.8301448237389906
 30
0.0
 10
2.8191461696377687
 20
7.8881681841325815
 30
0.0
 10
2.8191461696377687
 20
7.8881681841325815
 30
0.0
  0
SPLINE
  5
19F
100
AcDbEntity
  8
yd_pipes
 62
20
420
16727808
370
70
 48
1.0
  6
ByLayer
100
AcDbSpline
 70
8
 71
3
 72
8
 73
4
 74
0
 40
0.0
 40
0.0
 40
0.0
 40
0.0
 40
1.0
 40
1.0
 40
1.0
 40
1.0
 10
2.7041134420399686
 20
8.6848660534206203
 30
0.0
 10
3.1499081556207571
 20
8.4433425955336148
 30
0.0
 10
3.1499081556207571
 20
8.4433425955336148
 30
0.0
 10
3.1499081556207571
 20
8.4433425955336148
 30
0.0
  0
SPLINE
  5
1A0
100
AcDbEntity
  8
yd_pipes
 62
20
420
16727808
370
70
 48
1.0
  6
ByLayer
100
AcDbSpline
 70
8
 71
3
 72
8
 73
4
 74
0
 40
0.0
 40
0.0
 40
0.0
 40
0.0
 40
1.0
 40
1.0
 40
1.0
 40
1.0
 10
2.7145325143525838
 20
8.6946841191550206
 30
0.0
 10
2.969978118525944
 20
9.0535521847158762
 30
0.0
 10
2.969978118525944
 20
9.0535521847158762
 30
0.0
 10
2.969978118525944
 20
9.0535521847158762
 30
0.0
  0
SPLINE
  5
1A1
100
AcDbEntity
  8
yd_pipes
 62
6
420
16711935
370
70
 48
1.0
  6
ByLayer
100
AcDbSpline
 70
8
 71
3
 72
32
 73
28
 74
0
 40
0.0
 40
0.0
 40
0.0
 40
0.0
 40
1.0
 40
2.0
 40
3.0
 40
4.0
 40
5.0
 40
6.0
 40
7.0
 40
8.0
 40
9.0
 40
10.0
 40
11.0
 40
12.0
 40
13.0
 40
14.0
 40
15.0
 40
16.0
 40
17.0
 40
18.0
 40
19.0
 40
20.0
 40
21.0
 40
22.0
 40
23.0
 40
24.0
 40
25.0
 40
25.0
 40
25.0
 40
25.0
 10
1.382864699043779
 20
6.9351771846351014
 30
0.0
 10
1.7235018749773801
 20
6.8293672702706516
 30
0.0
 10
1.7235018749773801
 20
6.8293672702706516
 30
0.0
 10
1.7211009083403965
 20
6.8269663036336752
 30
0.0
 10
2.5998546974737096
 20
6.8341692035446115
 30
0.0
 10
2.6070575973846388
 20
6.8293672702706516
 30
0.0
 10
2.743912695692309
 20
6.8173624370857482
 30
0.0
 10
2.743912695692309
 20
6.8173624370857482
 30
0.0
 10
3.706120653138953
 20
6.867697945449315
 30
0.0
 10
3.706120653138953
 20
6.867697945449315
 30
0.0
 10
4.3499781185259465
 20
6.993552184715881
 30
0.0
 10
5.9708118557883836
 20
7.2807489980221689
 30
0.0
 10
5.9698290636073352
 20
7.2814899619162787
 30
0.0
 10
6.1359684991251555
 20
7.316666489803211
 30
0.0
 10
6.3160409968983799
 20
7.3286713229880789
 30
0.0
 10
6.6499781185259437
 20
7.3935521847158654
 30
0.0
 10
7.2716257184149242
 20
7.3574829226317959
 30
0.0
 10
7.2716257184149242
 20
7.3574829226317959
 30
0.0
 10
7.7619329669726937
 20
7.422406029603799
 30
0.0
 10
7.8435658326298991
 20
7.5616620945484314
 30
0.0
 10
7.901189031917319
 20
7.8689858240813848
 30
0.0
 10
7.985222864211508
 20
8.4380149170447467
 30
0.0
 10
7.9499781185259337
 20
8.6935521847158768
 30
0.0
 10
7.7499781185259451
 20
8.8935521847158654
 30
0.0
 10
7.5240747178824279
 20
8.7706039710891659
 30
0.0
 10
7.5074305034532358
 20
8.6492999810986575
 30
0.0
 10
7.495446650343446
 20
8.5398184000808399
 30
0.0
 10
7.495446650343446
 20
8.5398184000808399
 30
0.0
  0
SPLINE
  5
1A2
100
AcDbEntity
  8
yd_pipes
 62
52
420
10855680
370
70
 48
1.0
  6
ByLayer
100
AcDbSpline
 70
8
 71
3
 72
28
 73
24
 74
0
 40
0.0
 40
0.0
 40
0.0
 40
0.0
 40
1.0
 40
2.0
 40
3.0
 40
4.0
 40
5.0
 40
6.0
 40
7.0
 40
8.0
 40
9.0
 40
10.0
 40
11.0
 40
12.0
 40
13.0
 40
14.0
 40
15.0
 40
16.0
 40
17.0
 40
18.0
 40
19.0
 40
20.0
 40
21.0
 40
21.0
 40
21.0
 40
21.0
 10
7.5383173065806233
 20
8.5449727946340985
 30
0.0
 10
7.5499781185259494
 20
8.6935521847158768
 30
0.0
 10
7.5791337394092295
 20
8.7394510922291815
 30
0.0
 10
7.6943801379840835
 20
8.7898713916056792
 30
0.0
 10
7.7856168701891733
 20
8.7370501255922051
 30
0.0
 10
7.8624478025724187
 20
8.662620159845936
 30
0.0
 10
7.9032642354010179
 20
8.444132195881096
 30
0.0
 10
7.8912594022161358
 20
8.1151997666153548
 30
0.0
 10
7.8408391028396238
 20
7.8414895700000571
 30
0.0
 10
7.7952207367370789
 20
7.601392906302415
 30
0.0
 10
7.7279936709017463
 20
7.514958107371271
 30
0.0
 10
7.629554038785713
 20
7.3805039757005986
 30
0.0
 10
7.4614863741973778
 20
7.3564943093308415
 30
0.0
 10
7.0326655122588093
 20
7.2267582924705565
 30
0.0
 10
6.5140567186719238
 20
7.2267582924705565
 30
0.0
 10
6.1060844677169257
 20
7.1472382774539085
 30
0.0
 10
5.7499781185259451
 20
7.1935521847158768
 30
0.0
 10
5.4560947797547144
 20
7.2475026442140305
 30
0.0
 10
5.4499781185259337
 20
7.2935521847158711
 30
0.0
 10
5.3834895486525483
 20
7.4100000662045886
 30
0.0
 10
5.3222251006515435
 20
7.707035438329406
 30
0.0
 10
5.14117694442551
 20
8.0435449584306298
 30
0.0
 10
5.14117694442551
 20
8.0435449584306298
 30
0.0
 10
5.14117694442551
 20
8.0435449584306298
 30
0.0
  0
SPLINE
  5
1A3
100
AcDbEntity
  8
yd_pipes
 62
161
420
8364031
370
70
 48
1.0
  6
ByLayer
100
AcDbSpline
 70
8
 71
3
 72
15
 73
11
 74
0
 40
0.0
 40
0.0
 40
0.0
 40
0.0
 40
1.0
 40
2.0
 40
3.0
 40
4.0
 40
5.0
 40
6.0
 40
7.0
 40
8.0
 40
8.0
 40
8.0
 40
8.0
 10
7.8499781185259394
 20
7.0935521847158753
 30
0.0
 10
7.7499781185259451
 20
6.993552184715881
 30
0.0
 10
7.750908438858005
 20
6.9923721490636908
 30
0.0
 10
7.4001176669562696
 20
6.9300826346039415
 30
0.0
 10
6.4499781185259337
 20
6.7935521847158711
 30
0.0
 10
6.0551921955876438
 20
6.7295539010836904
 30
0.0
 10
3.3065655895772466
 20
6.114138132693931
 30
0.0
 10
3.2996508056627434
 20
6.1210529166084058
 30
0.0
 10
1.6159009224840588
 20
5.7511119771831147
 30
0.0
 10
1.6159009224840588
 20
5.7511119771831147
 30
0.0
 10
1.6159009224840588
 20
5.7511119771831147
 30
0.0
  0
SPLINE
  5
1A4
100
AcDbEntity
  8
yd_pipes
 62
94
420
32512
370
70
 48
1.0
  6
ByLayer
100
AcDbSpline
 70
8
 71
3
 72
26
 73
22
 74
0
 40
0.0
 40
0.0
 40
0.0
 40
0.0
 40
1.0
 40
2.0
 40
3.0
 40
4.0
 40
5.0
 40
6.0
 40
7.0
 40
8.0
 40
9.0
 40
10.0
 40
11.0
 40
12.0
 40
13.0
 40
14.0
 40
15.0
 40
16.0
 40
17.0
 40
18.0
 40
19.0
 40
19.0
 40
19.0
 40
19.0
 10
7.4394821488247089
 20
8.547179532674086
 30
0.0
 10
7.4748304475345861
 20
8.6986594504356347
 30
0.0
 10
7.4786189038095188
 20
8.7717492795844478
 30
0.0
 10
7.5420135764590768
 20
8.8519331163468706
 30
0.0
 10
7.6230647264341656
 20
8.861196104915436
 30
0.0
 10
7.7804979547114996
 20
8.9261866091652351
 30
0.0
 10
8.2499781185259451
 20
8.8935521847158654
 30
0.0
 10
8.4176511734135957
 20
9.4431247159606073
 30
0.0
 10
8.6427417956301085
 20
9.4139463019695881
 30
0.0
 10
9.1643361622760295
 20
9.6253664390610396
 30
0.0
 10
9.1643361622760295
 20
9.6253664390610396
 30
0.0
 10
9.3834110382253542
 20
9.5114983898268406
 30
0.0
 10
9.3834110382253542
 20
9.5114983898268406
 30
0.0
 10
9.4711377452447536
 20
9.4623714338959672
 30
0.0
 10
9.4711377452447536
 20
9.4623714338959672
 30
0.0
 10
9.6499781185259437
 20
9.3935521847158654
 30
0.0
 10
9.889348621181874
 20
9.1120574728883881
 30
0.0
 10
9.889348621181874
 20
9.1120574728883881
 30
0.0
 10
9.889348621181874
 20
9.1060550562959506
 30
0.0
 10
9.889348621181874
 20
9.1060550562959506
 30
0.0
 10
9.889348621181874
 20
9.1060550562959506
 30
0.0
 10
9.889348621181874
 20
9.1060550562959506
 30
0.0
  0
SPLINE
  5
1A5
100
AcDbEntity
  8
yd_pipes
 62
161
420
8364031
370
70
 48
1.0
  6
ByLayer
100
AcDbSpline
 70
8
 71
3
 72
9
 73
5
 74
0
 40
0.0
 40
0.0
 40
0.0
 40
0.0
 40
1.0
 40
2.0
 40
2.0
 40
2.0
 40
2.0
 10
7.8754577799170491
 20
7.1271008998052992
 30
0.0
 10
8.3989020814950237
 20
6.9894018948559591
 30
0.0
 10
8.7499781185259451
 20
7.0935521847158753
 30
0.0
 10
8.7461681600696437
 20
7.1009026136672801
 30
0.0
 10
8.7421268515799042
 20
7.0983160822999949
 30
0.0
  0
SPLINE
  5
1A6
100
AcDbEntity
  8
yd_pipes
 62
211
420
16744447
370
70
 48
1.0
  6
ByLayer
100
AcDbSpline
 70
8
 71
3
 72
9
 73
5
 74
0
 40
0.0
 40
0.0
 40
0.0
 40
0.0
 40
1.0
 40
2.0
 40
2.0
 40
2.0
 40
2.0
 10
7.4799781185259491
 20
8.8335521847158773
 30
0.0
 10
7.5399781185259442
 20
8.9035521847158776
 30
0.0
 10
7.8299781185259434
 20
9.1235521847158765
 30
0.0
 10
8.0098893791087136
 20
9.2107015973922159
 30
0.0
 10
8.0098893791087136
 20
9.2107015973922159
 30
0.0
  0
SPLINE
  5
1A7
100
AcDbEntity
  8
yd_pipes
 62
211
420
16744447
370
70
 48
1.0
  6
ByLayer
100
AcDbSpline
 70
8
 71
3
 72
11
 73
7
 74
0
 40
0.0
 40
0.0
 40
0.0
 40
0.0
 40
1.0
 40
2.0
 40
3.0
 40
4.0
 40
4.0
 40
4.0
 40
4.0
 10
7.4799781185259491
 20
8.8335521847158773
 30
0.0
 10
7.4524091274746453
 20
8.7814848776385617
 30
0.0
 10
7.4292516560531894
 20
8.6876971183816707
 30
0.0
 10
7.4153571732003201
 20
8.6170668305462357
 30
0.0
 10
7.4079499019545594
 20
8.5493957935613594
 30
0.0
 10
7.4079499019545594
 20
8.5493957935613594
 30
0.0
 10
7.4079499019545594
 20
8.5493957935613594
 30
0.0
  0
SPLINE
  5
1A8
100
AcDbEntity
  8
yd_pipes
 62
34
420
8339200
370
70
 48
1.0
  6
ByLayer
100
AcDbSpline
 70
8
 71
3
 72
17
 73
13
 74
0
 40
0.0
 40
0.0
 40
0.0
 40
0.0
 40
1.0
 40
2.0
 40
3.0
 40
4.0
 40
5.0
 40
6.0
 40
7.0
 40
8.0
 40
9.0
 40
10.0
 40
10.0
 40
10.0
 40
10.0
 10
7.3699781185259496
 20
8.5535521847158762
 30
0.0
 10
7.3783052189259948
 20
8.6193825776883912
 30
0.0
 10
7.3774019319573938
 20
8.6210269747825095
 30
0.0
 10
7.3774019319573938
 20
8.6210269747825095
 30
0.0
 10
7.2984119425219731
 20
8.624014071972681
 30
0.0
 10
7.302749483224666
 20
8.6177691528028575
 30
0.0
 10
7.302749483224666
 20
8.6177691528028575
 30
0.0
 10
7.2787280918137398
 20
8.4028602198978106
 30
0.0
 10
7.284463146982894
 20
8.3977083108480599
 30
0.0
 10
7.284463146982894
 20
8.3977083108480599
 30
0.0
 10
7.6214586688512398
 20
8.3773870013342204
 30
0.0
 10
7.6247991065387879
 20
8.3714133833157405
 30
0.0
 10
7.6247991065387879
 20
8.3714133833157405
 30
0.0
  0
SPLINE
  5
1A9
100
AcDbEntity
  8
yd_pipes
 62
34
420
8339200
370
70
 48
1.0
  6
ByLayer
100
AcDbSpline
 70
8
 71
3
 72
12
 73
8
 74
0
 40
0.0
 40
0.0
 40
0.0
 40
0.0
 40
1.0
 40
2.0
 40
3.0
 40
4.0
 40
5.0
 40
5.0
 40
5.0
 40
5.0
 10
7.284463146982894
 20
8.3977083108480599
 30
0.0
 10
5.9499781185259337
 20
8.493552184715881
 30
0.0
 10
5.9504940733802272
 20
8.4903897285373375
 30
0.0
 10
5.9504940733802272
 20
8.4903897285373375
 30
0.0
 10
6.0154880257734789
 20
8.6830656240973951
 30
0.0
 10
6.0124173227311033
 20
8.688789045237705
 30
0.0
 10
6.0499781185259494
 20
8.7935521847158711
 30
0.0
 10
6.0499781185259494
 20
8.7935521847158711
 30
0.0
  0
SPLINE
  5
1AA
100
AcDbEntity
  8
yd_pipes
 62
211
420
16744447
370
70
 48
1.0
  6
ByLayer
100
AcDbSpline
 70
8
 71
3
 72
11
 73
7
 74
0
 40
0.0
 40
0.0
 40
0.0
 40
0.0
 40
1.0
 40
2.0
 40
3.0
 40
4.0
 40
4.0
 40
4.0
 40
4.0
 10
7.590931563724638
 20
8.941321450584887
 30
0.0
 10
7.6725644293818291
 20
8.9053069510302407
 30
0.0
 10
7.679649121813469
 20
8.3985605343054175
 30
0.0
 10
7.6499781185259437
 20
8.1935521847158768
 30
0.0
 10
7.6653824048777039
 20
8.1924857341223003
 30
0.0
 10
7.6221441300053172
 20
7.7960603647472198
 30
0.0
 10
7.6218081010851293
 20
7.7966277666460968
 30
0.0
  0
SPLINE
  5
1AB
100
AcDbEntity
  8
yd_pipes
 62
12
420
10813440
370
70
 48
1.0
  6
ByLayer
100
AcDbSpline
 70
8
 71
3
 72
8
 73
4
 74
0
 40
0.0
 40
0.0
 40
0.0
 40
0.0
 40
1.0
 40
1.0
 40
1.0
 40
1.0
 10
1.0499781185259494
 20
12.2935521847158711
 30
0.0
 10
10.0499781185259494
 20
12.2935521847158711
 30
0.0
 10
10.0499781185259494
 20
12.2935521847158711
 30
0.0
 10
10.0499781185259494
 20
12.2935521847158711
 30
0.0
  0
SPLINE
  5
1AC
100
AcDbEntity
  8
yd_pipes
 62
161
420
8364031
370
70
 48
1.0
  6
ByLayer
100
AcDbSpline
 70
8
 71
3
 72
10
 73
6
 74
0
 40
0.0
 40
0.0
 40
0.0
 40
0.0
 40
1.0
 40
2.0
 40
3.0
 40
3.0
 40
3.0
 40
3.0
 10
6.3609700524558193
 20
10.7011633140171654
 30
0.0
 10
6.5230723524059968
 20
10.716215670441116
 30
0.0
 10
6.5216968813838676
 20
10.7139738233950013
 30
0.0
 10
6.5499781185259494
 20
10.6935521847158768
 30
0.0
 10
6.5886030118834853
 20
10.5479611221758987
 30
0.0
 10
6.5886030118834853
 20
10.5479611221758987
 30
0.0
  0
SPLINE
  5
1AD
100
AcDbEntity
  8
yd_pipes
 62
12
420
10813440
370
70
 48
1.0
  6
ByLayer
100
AcDbSpline
 70
8
 71
3
 72
17
 73
13
 74
0
 40
0.0
 40
0.0
 40
0.0
 40
0.0
 40
1.0
 40
2.0
 40
3.0
 40
4.0
 40
5.0
 40
6.0
 40
7.0
 40
8.0
 40
9.0
 40
10.0
 40
10.0
 40
10.0
 40
10.0
 10
6.3242087167619232
 20
10.5983110380033452
 30
0.0
 10
6.3242087167619232
 20
10.5983110380033452
 30
0.0
 10
6.3068406131958241
 20
10.6272578772801651
 30
0.0
 10
6.2952618774851032
 20
10.6920987972602362
 30
0.0
 10
6.3010512453404672
 20
10.8159912693650071
 30
0.0
 10
6.2499781185259451
 20
11.2935521847158711
 30
0.0
 10
6.3042932913394694
 20
11.4062437217367147
 30
0.0
 10
4.8460573119028396
 20
12.2252423421337468
 30
0.0
 10
4.8374138320097231
 20
12.2367669819912308
 30
0.0
 10
4.8374138320097231
 20
12.2367669819912308
 30
0.0
 10
4.8374138320097231
 20
12.2969040694489706
 30
0.0
 10
4.8374138320097231
 20
12.2969040694489706
 30
0.0
 10
4.8374138320097231
 20
12.2969040694489706
 30
0.0
  0
SPLINE
  5
1AE
100
AcDbEntity
  8
yd_pipes
 62
12
420
10813440
370
70
 48
1.0
  6
ByLayer
100
AcDbSpline
 70
8
 71
3
 72
8
 73
4
 74
0
 40
0.0
 40
0.0
 40
0.0
 40
0.0
 40
1.0
 40
1.0
 40
1.0
 40
1.0
 10
6.3242087167619232
 20
10.5983110380033452
 30
0.0
 10
6.4373304664845676
 20
10.6328485095563963
 30
0.0
 10
6.4373304664845676
 20
10.6328485095563963
 30
0.0
 10
6.4373304664845676
 20
10.6328485095563963
 30
0.0
  0
LINE
  5
1AF
100
AcDbEntity
  8
yd_pipes
 62
56
420
5000192
370
70
 48
1.0
  6
ByLayer
100
AcDbLine
 10
6.3899781185259457
 20
10.7035521847158748
 30
0.0
 11
6.3609700524558193
 21
10.7011633140171654
 31
0.0
  0
LINE
  5
1B0
100
AcDbEntity
  8
yd_pipes
 62
56
420
5000192
370
70
 48
1.0
  6
ByLayer
100
AcDbLine
 10
6.4214895115785779
 20
10.5256774817592955
 30
0.0
 11
6.3935918074573763
 21
10.5165836842718647
 31
0.0
  0
LINE
  5
1B1
100
AcDbEntity
  8
yd_pipes
 62
56
420
5000192
370
70
 48
1.0
  6
ByLayer
100
AcDbLine
 10
6.4373304664845676
 20
10.6328485095563963
 30
0.0
 11
6.3285530360955988
 21
10.5996417086650681
 31
0.0
  0
LINE
  5
1B2
100
AcDbEntity
  8
yd_pipes
 62
56
420
5000192
370
70
 48
1.0
  6
ByLayer
100
AcDbLine
 10
6.4464349690215883
 20
10.5868453146303381
 30
0.0
 11
6.3399781185259485
 21
10.5535521847158762
 31
0.0
  0
LINE
  5
1B3
100
AcDbEntity
  8
yd_pipes
 62
56
420
5000192
370
70
 48
1.0
  6
ByLayer
100
AcDbLine
 10
6.3609700524558193
 20
10.7011633140171654
 30
0.0
 11
6.3649795850945452
 21
10.6705758388922405
 31
0.0
  0
LINE
  5
1B4
100
AcDbEntity
  8
yd_pipes
 62
56
420
5000192
370
70
 48
1.0
  6
ByLayer
100
AcDbLine
 10
6.3919761011398535
 20
10.529778619198261
 30
0.0
 11
6.3959856337785865
 21
10.4991911440733148
 31
0.0
  0
LINE
  5
1B5
100
AcDbEntity
  8
yd_pipes
 62
256
370
70
 48
1.0
  6
ByLayer
100
AcDbLine
 10
6.7105573092693476
 20
11.2991059102313898
 30
0.0
 11
6.8085967802792098
 21
11.2270769111221114
 31
0.0
  0
LINE
  5
1B6
100
AcDbEntity
  8
yd_pipes
 62
256
370
70
 48
1.0
  6
ByLayer
100
AcDbLine
 10
6.8085967802792098
 20
11.2270769111221114
 30
0.0
 11
6.7105573092693476
 21
11.2270769111221114
 31
0.0
  0
LINE
  5
1B7
100
AcDbEntity
  8
yd_pipes
 62
256
370
70
 48
1.0
  6
ByLayer
100
AcDbLine
 10
6.7105573092693476
 20
11.2270769111221114
 30
0.0
 11
6.8004334937134772
 21
11.3049002430486212
 31
0.0
  0
SPLINE
  5
1B8
100
AcDbEntity
  8
yd_pipes
 62
43
420
10850642
370
70
 48
1.0
  6
ByLayer
100
AcDbSpline
 70
8
 71
3
 72
10
 73
6
 74
0
 40
0.0
 40
0.0
 40
0.0
 40
0.0
 40
1.0
 40
2.0
 40
3.0
 40
3.0
 40
3.0
 40
3.0
 10
3.5131162022332276
 20
10.5637836870170077
 30
0.0
 10
2.9499781185259337
 20
10.2935521847158711
 30
0.0
 10
2.2649067527339071
 20
10.4532980852801671
 30
0.0
 10
1.7713747217998943
 20
10.6517113004191799
 30
0.0
 10
1.4860000512517075
 20
10.6001663260226664
 30
0.0
 10
1.4860000512517075
 20
10.6001663260226664
 30
0.0
  0
SPLINE
  5
1B9
100
AcDbEntity
  8
yd_pipes
 62
43
420
10850642
370
70
 48
1.0
  6
ByLayer
100
AcDbSpline
 70
8
 71
3
 72
13
 73
9
 74
0
 40
0.0
 40
0.0
 40
0.0
 40
0.0
 40
1.0
 40
2.0
 40
3.0
 40
4.0
 40
5.0
 40
6.0
 40
6.0
 40
6.0
 40
6.0
 10
4.1049389164270949
 20
10.7874374344467867
 30
0.0
 10
4.0076775364569883
 20
10.7457539858881717
 30
0.0
 10
3.8814693172100689
 20
10.6670185830552313
 30
0.0
 10
3.7321036265416936
 20
10.5674414559429906
 30
0.0
 10
3.71589339654669
 20
10.5628099616587008
 30
0.0
 10
3.6429473615691066
 20
10.5790201916537114
 30
0.0
 10
3.5920009244419049
 20
10.5905989273644252
 30
0.0
 10
3.5131162022332276
 20
10.5637836870170077
 30
0.0
 10
3.5131162022332276
 20
10.5637836870170077
 30
0.0
  0
SPLINE
  5
1BA
100
AcDbEntity
  8
yd_pipes
 62
20
420
16727808
370
70
 48
1.0
  6
ByLayer
100
AcDbSpline
 70
8
 71
3
 72
13
 73
9
 74
0
 40
0.0
 40
0.0
 40
0.0
 40
0.0
 40
1.0
 40
2.0
 40
3.0
 40
4.0
 40
5.0
 40
6.0
 40
6.0
 40
6.0
 40
6.0
 10
4.1130440314245931
 20
10.759648468741041
 30
0.0
 10
4.0597818471552571
 20
10.7399646180328077
 30
0.0
 10
3.9659940878983733
 20
10.6867024337634717
 30
0.0
 10
3.9243106393397582
 20
10.6531241002023549
 30
0.0
 10
3.757576845105298
 20
10.5361788695240151
 30
0.0
 10
3.6209477637187248
 20
10.3891289259977952
 30
0.0
 10
3.5480017287411485
 20
10.2640785803219359
 30
0.0
 10
3.4499781185259337
 20
10.1935521847158768
 30
0.0
 10
3.4499781185259337
 20
10.1935521847158768
 30
0.0
  0
SPLINE
  5
1BB
100
AcDbEntity
  8
yd_pipes
 62
43
420
10850642
370
70
 48
1.0
  6
ByLayer
100
AcDbSpline
 70
8
 71
3
 72
8
 73
4
 74
0
 40
0.0
 40
0.0
 40
0.0
 40
0.0
 40
1.0
 40
1.0
 40
1.0
 40
1.0
 10
0.4499781185259337
 20
9.6718038789960161
 30
0.0
 10
0.4499781185259337
 20
7.493552184715881
 30
0.0
 10
0.4499781185259337
 20
7.493552184715881
 30
0.0
 10
0.4499781185259337
 20
7.4500555732761455
 30
0.0
  0
SPLINE
  5
1BC
100
AcDbEntity
  8
yd_pipes
 62
43
420
10850642
370
70
 48
1.0
  6
ByLayer
100
AcDbSpline
 70
8
 71
3
 72
11
 73
7
 74
0
 40
0.0
 40
0.0
 40
0.0
 40
0.0
 40
1.0
 40
2.0
 40
3.0
 40
4.0
 40
4.0
 40
4.0
 40
4.0
 10
0.4499781185259337
 20
9.5935521847158753
 30
0.0
 10
0.4499082740091183
 20
10.217410699132671
 30
0.0
 10
0.4899831895550761
 20
10.3703490799624873
 30
0.0
 10
0.4899831895550761
 20
10.3703490799624873
 30
0.0
 10
0.6827918622078784
 20
11.2197572568278403
 30
0.0
 10
0.6827918622078784
 20
11.2197572568278403
 30
0.0
 10
0.6827918622078784
 20
11.2197572568278403
 30
0.0
  0
SPLINE
  5
1BD
100
AcDbEntity
  8
yd_pipes
 62
43
420
10850642
370
70
 48
1.0
  6
ByLayer
100
AcDbSpline
 70
8
 71
3
 72
10
 73
6
 74
0
 40
0.0
 40
0.0
 40
0.0
 40
0.0
 40
1.0
 40
2.0
 40
3.0
 40
3.0
 40
3.0
 40
3.0
 10
0.7299781185259491
 20
11.2035521847158748
 30
0.0
 10
0.7288904216378143
 20
11.2168760968634658
 30
0.0
 10
0.7557119471180087
 20
11.4191954675146548
 30
0.0
 10
0.6976885867244178
 20
11.8733783230093266
 30
0.0
 10
0.6426846676667637
 20
12.3237755358063907
 30
0.0
 10
0.6426846676667637
 20
12.3237755358063907
 30
0.0
  0
SPLINE
  5
1BE
100
AcDbEntity
  8
yd_pipes
 62
160
420
16383
370
70
 48
1.0
  6
ByLayer
100
AcDbSpline
 70
8
 71
3
 72
8
 73
4
 74
0
 40
0.0
 40
0.0
 40
0.0
 40
0.0
 40
1.0
 40
1.0
 40
1.0
 40
1.0
 10
3.9068387343436939
 20
11.543638635405415
 30
0.0
 10
3.9101734102283885
 20
11.0701146597795486
 30
0.0
 10
3.8935000308049439
 20
11.018427183566871
 30
0.0
 10
3.893269698251153
 20
11.0178927343493314
 30
0.0
  0
LINE
  5
1BF
100
AcDbEntity
  8
yd_pipes
 62
94
420
32512
370
70
 48
1.0
  6
ByLayer
100
AcDbLine
 10
9.3812112113282637
 20
8.8150577031234008
 30
0.0
 11
9.4190866967006741
 21
8.7519547438709182
 31
0.0
  0
LINE
  5
1C0
100
AcDbEntity
  8
yd_pipes
 62
94
420
32512
370
70
 48
1.0
  6
ByLayer
100
AcDbLine
 10
8.7784954592518432
 20
8.4527676234965554
 30
0.0
 11
8.8313167252653173
 21
8.3543279913805151
 31
0.0
  0
LINE
  5
1C1
100
AcDbEntity
  8
yd_pipes
 62
161
420
8364031
370
70
 48
1.0
  6
ByLayer
100
AcDbLine
 10
8.2467569317383536
 20
8.0180914261089455
 30
0.0
 11
8.3499781185259394
 21
7.993552184715881
 31
0.0
  0
SPLINE
  5
1C2
100
AcDbEntity
  8
yd_pipes
 62
6
420
16711935
370
70
 48
1.0
  6
ByLayer
100
AcDbSpline
 70
8
 71
3
 72
9
 73
5
 74
0
 40
0.0
 40
0.0
 40
0.0
 40
0.0
 40
1.0
 40
2.0
 40
2.0
 40
2.0
 40
2.0
 10
6.1359684991251555
 20
7.316666489803211
 30
0.0
 10
6.2214305708558442
 20
7.544552205461855
 30
0.0
 10
6.2214305708558442
 20
7.544552205461855
 30
0.0
 10
6.2214305708558442
 20
7.544552205461855
 30
0.0
 10
6.2214305708558442
 20
7.544552205461855
 30
0.0
  0
SPLINE
  5
1C3
100
AcDbEntity
  8
yd_pipes
 62
6
420
16711935
370
70
 48
1.0
  6
ByLayer
100
AcDbSpline
 70
8
 71
3
 72
8
 73
4
 74
0
 40
0.0
 40
0.0
 40
0.0
 40
0.0
 40
1.0
 40
1.0
 40
1.0
 40
1.0
 10
6.7997079450068441
 20
7.3778689078735269
 30
0.0
 10
6.800780058560143
 20
7.4904566077880048
 30
0.0
 10
6.7999533452562844
 20
7.4909428975622987
 30
0.0
 10
6.7999533452562844
 20
7.4909428975622987
 30
0.0
  0
SPLINE
  5
1C4
100
AcDbEntity
  8
yd_pipes
 62
6
420
16711935
370
70
 48
1.0
  6
ByLayer
100
AcDbSpline
 70
8
 71
3
 72
9
 73
5
 74
0
 40
0.0
 40
0.0
 40
0.0
 40
0.0
 40
1.0
 40
2.0
 40
2.0
 40
2.0
 40
2.0
 10
7.4851690990818582
 20
7.3882897700131807
 30
0.0
 10
7.4818862741375796
 20
7.4558826882155458
 30
0.0
 10
7.4816180605370164
 20
7.4583688607109693
 30
0.0
 10
7.4816180605370164
 20
7.4583688607109693
 30
0.0
 10
7.4816180605370164
 20
7.4583688607109693
 30
0.0
  0
SPLINE
  5
1C5
100
AcDbEntity
  8
yd_pipes
 62
52
420
10855680
370
70
 48
1.0
  6
ByLayer
100
AcDbSpline
 70
8
 71
3
 72
9
 73
5
 74
0
 40
0.0
 40
0.0
 40
0.0
 40
0.0
 40
1.0
 40
2.0
 40
2.0
 40
2.0
 40
2.0
 10
5.417721923310495
 20
7.3434939572955287
 30
0.0
 10
5.5436542900540431
 20
7.3533181940564916
 30
0.0
 10
5.597842773180254
 20
7.3269186766360264
 30
0.0
 10
5.597842773180254
 20
7.3269186766360264
 30
0.0
 10
5.597842773180254
 20
7.3269186766360264
 30
0.0
  0
LINE
  5
1C6
100
AcDbEntity
  8
yd_pipes
 62
43
420
10850642
370
70
 48
1.0
  6
ByLayer
100
AcDbLine
 10
0.4483201632421299
 20
12.3315570373956405
 30
0.0
 11
0.827469353136415
 21
12.3230368308811578
 31
0.0
  0
LINE
  5
1C7
100
AcDbEntity
  8
yd_pipes
 62
43
420
10850642
370
70
 48
1.0
  6
ByLayer
100
AcDbLine
 10
1.123817198220209
 20
11.1125485386937086
 30
0.0
 11
1.1087648417962583
 21
11.0859174465590371
 31
0.0
  0
LINE
  5
1C8
100
AcDbEntity
  8
yd_pipes
 62
20
420
16727808
370
70
 48
1.0
  6
ByLayer
100
AcDbLine
 10
2.5224676075708388
 20
9.3185912747849784
 30
0.0
 11
2.5660863314769031
 21
9.3335489706659374
 31
0.0
  0
LINE
  5
1C9
100
AcDbEntity
  8
yd_pipes
 62
256
370
70
 48
1.0
  6
ByLayer
100
AcDbLine
 10
2.5660863314769031
 20
9.3335489706659374
 30
0.0
 11
2.5660863314769031
 21
9.3335489706659374
 31
0.0
  0
LINE
  5
1CA
100
AcDbEntity
  8
yd_pipes
 62
20
420
16727808
370
70
 48
1.0
  6
ByLayer
100
AcDbLine
 10
3.0979909905556369
 20
9.5576469690649759
 30
0.0
 11
2.8618108659742987
 21
9.8459707575149409
 31
0.0
  0
LINE
  5
1CB
100
AcDbEntity
  8
yd_pipes
 62
256
370
70
 48
1.0
  6
ByLayer
100
AcDbLine
 10
2.8618108659742987
 20
9.8459707575149409
 30
0.0
 11
2.8618108659742987
 21
9.8459707575149409
 31
0.0
  0
LINE
  5
1CC
100
AcDbEntity
  8
yd_pipes
 62
20
420
16727808
370
70
 48
1.0
  6
ByLayer
100
AcDbLine
 10
2.9845018397827872
 20
9.9349217135261014
 30
0.0
 11
2.9843030834139341
 21
10.0654651182885146
 31
0.0
  0
LINE
  5
1CD
100
AcDbEntity
  8
yd_pipes
 62
256
370
70
 48
1.0
  6
ByLayer
100
AcDbLine
 10
2.9499781185259337
 20
10.0935521847158753
 30
0.0
 11
2.9499781185259337
 21
10.0935521847158753
 31
0.0
  0
LINE
  5
1CE
100
AcDbEntity
  8
yd_pipes
 62
20
420
16727808
370
70
 48
1.0
  6
ByLayer
100
AcDbLine
 10
2.0041411636181934
 20
7.8154243163182358
 30
0.0
 11
1.4841297821841266
 21
7.8581529706095665
 31
0.0
  0
SPLINE
  5
1CF
100
AcDbEntity
  8
yd_pipes
 62
6
420
16711935
370
70
 48
1.0
  6
ByLayer
100
AcDbSpline
 70
8
 71
3
 72
8
 73
4
 74
0
 40
0.0
 40
0.0
 40
0.0
 40
0.0
 40
1.0
 40
1.0
 40
1.0
 40
1.0
 10
1.382864699043779
 20
6.9351771846351014
 30
0.0
 10
1.3499781185259465
 20
7.0935521847158753
 30
0.0
 10
1.3646076005245433
 20
7.2382341141899005
 30
0.0
 10
1.3816480135535087
 20
7.4022480895936056
 30
0.0
  0
LINE
  5
1D0
100
AcDbEntity
  8
yd_pipes
 62
161
420
8364031
370
70
 48
1.0
  6
ByLayer
100
AcDbLine
 10
3.0864561350355046
 20
6.0665523547318614
 30
0.0
 11
3.0499781185259494
 21
6.1935521847158768
 31
0.0
  0
SPLINE
  5
1D1
100
AcDbEntity
  8
yd_pipes
 62
161
420
8364031
370
70
 48
1.0
  6
ByLayer
100
AcDbSpline
 70
8
 71
3
 72
13
 73
9
 74
0
 40
0.0
 40
0.0
 40
0.0
 40
0.0
 40
1.0
 40
2.0
 40
3.0
 40
4.0
 40
5.0
 40
6.0
 40
6.0
 40
6.0
 40
6.0
 10
1.6159009224840588
 20
5.7511119771831147
 30
0.0
 10
1.5171107769272041
 20
5.7969294728915557
 30
0.0
 10
1.494035217617153
 20
6.0365602811112709
 30
0.0
 10
1.5064605187841096
 20
6.1093370450891058
 30
0.0
 10
1.399957937353129
 20
6.2122895404723906
 30
0.0
 10
1.2455291942781983
 20
6.2371401428062754
 30
0.0
 10
1.1514519140141672
 20
6.2229397986154851
 30
0.0
 10
1.1514519140141672
 20
6.2229397986154851
 30
0.0
 10
1.1514519140141672
 20
6.2229397986154851
 30
0.0
  0
SPLINE
  5
1D2
100
AcDbEntity
  8
yd_pipes
 62
230
420
16711807
370
70
 48
1.0
  6
ByLayer
100
AcDbSpline
 70
8
 71
3
 72
10
 73
6
 74
0
 40
0.0
 40
0.0
 40
0.0
 40
0.0
 40
1.0
 40
2.0
 40
3.0
 40
3.0
 40
3.0
 40
3.0
 10
1.8110085949260579
 20
6.8237228327377011
 30
0.0
 10
1.8110085949260579
 20
6.9568510595264286
 30
0.0
 10
1.8011472447935546
 20
7.1121673241132655
 30
0.0
 10
1.81224126369262
 20
7.2748796012994958
 30
0.0
 10
1.814706601225744
 20
7.3808891152238516
 30
0.0
 10
1.8085432573929339
 20
7.4795026165488352
 30
0.0
  0
SPLINE
  5
1D3
100
AcDbEntity
  8
yd_pipes
 62
230
420
16711807
370
70
 48
1.0
  6
ByLayer
100
AcDbSpline
 70
8
 71
3
 72
10
 73
6
 74
0
 40
0.0
 40
0.0
 40
0.0
 40
0.0
 40
1.0
 40
2.0
 40
3.0
 40
3.0
 40
3.0
 40
3.0
 10
2.0654047448531898
 20
6.8346689313847691
 30
0.0
 10
2.0654047448531898
 20
6.9677971581734965
 30
0.0
 10
2.0555433947206865
 20
7.1231134227603405
 30
0.0
 10
2.0666374136197589
 20
7.2858256999465709
 30
0.0
 10
2.0691027511528759
 20
7.3918352138709196
 30
0.0
 10
2.0629394073200658
 20
7.4904487151958961
 30
0.0
  0
SPLINE
  5
1D4
100
AcDbEntity
  8
yd_pipes
 62
230
420
16711807
370
70
 48
1.0
  6
ByLayer
100
AcDbSpline
 70
8
 71
3
 72
10
 73
6
 74
0
 40
0.0
 40
0.0
 40
0.0
 40
0.0
 40
1.0
 40
2.0
 40
3.0
 40
3.0
 40
3.0
 40
3.0
 10
2.2961603379536442
 20
6.8293438023132182
 30
0.0
 10
2.2961603379536442
 20
6.9624720291019457
 30
0.0
 10
2.2862989878211479
 20
7.1177882936887897
 30
0.0
 10
2.2973930067202133
 20
7.2805005708750059
 30
0.0
 10
2.2998583442533373
 20
7.3865100847993688
 30
0.0
 10
2.2936950004205272
 20
7.4851235861243453
 30
0.0
  0
SPLINE
  5
1D5
100
AcDbEntity
  8
yd_pipes
 62
230
420
16711807
370
70
 48
1.0
  6
ByLayer
100
AcDbSpline
 70
8
 71
3
 72
10
 73
6
 74
0
 40
0.0
 40
0.0
 40
0.0
 40
0.0
 40
1.0
 40
2.0
 40
3.0
 40
3.0
 40
3.0
 40
3.0
 10
2.5144906298871561
 20
6.8240186732416817
 30
0.0
 10
2.5144906298871561
 20
6.9571469000303949
 30
0.0
 10
2.5046292797546599
 20
7.112463164617246
 30
0.0
 10
2.5157232986537181
 20
7.2751754418034693
 30
0.0
 10
2.5181886361868493
 20
7.3811849557278251
 30
0.0
 10
2.5120252923540392
 20
7.4797984570528087
 30
0.0
  0
SPLINE
  5
1D6
100
AcDbEntity
  8
yd_pipes
 62
161
420
8364031
370
70
 48
1.0
  6
ByLayer
100
AcDbSpline
 70
8
 71
3
 72
9
 73
5
 74
0
 40
0.0
 40
0.0
 40
0.0
 40
0.0
 40
1.0
 40
2.0
 40
2.0
 40
2.0
 40
2.0
 10
6.8585449322137251
 20
9.3249721825329956
 30
0.0
 10
7.084815132018548
 20
9.2318187103937674
 30
0.0
 10
7.3498389168294338
 20
9.2737294484568906
 30
0.0
 10
7.3687727090838351
 20
9.2837387188413558
 30
0.0
 10
7.3687727090838351
 20
9.2837387188413558
 30
0.0
  0
SPLINE
  5
1D7
100
AcDbEntity
  8
yd_pipes
 62
211
420
16744447
370
70
 48
1.0
  6
ByLayer
100
AcDbSpline
 70
8
 71
3
 72
12
 73
8
 74
0
 40
0.0
 40
0.0
 40
0.0
 40
0.0
 40
1.0
 40
2.0
 40
3.0
 40
4.0
 40
5.0
 40
5.0
 40
5.0
 40
5.0
 10
5.8051801278960937
 20
8.8297162199076382
 30
0.0
 10
5.7822161305160691
 20
8.6036803851454309
 30
0.0
 10
5.7822161305160691
 20
8.6036803851454309
 30
0.0
 10
5.7822161305160691
 20
8.6036803851454309
 30
0.0
 10
5.4487602584582433
 20
8.4724415967252966
 30
0.0
 10
5.4505398368112594
 20
8.4618845709414501
 30
0.0
 10
5.4505398368112594
 20
8.4618845709414501
 30
0.0
 10
5.4505398368112594
 20
8.4618845709414501
 30
0.0
  0
SPLINE
  5
1D8
100
AcDbEntity
  8
yd_pipes
 62
161
420
8364031
370
70
 48
1.0
  6
ByLayer
100
AcDbSpline
 70
8
 71
3
 72
20
 73
16
 74
0
 40
0.0
 40
0.0
 40
0.0
 40
0.0
 40
1.0
 40
2.0
 40
3.0
 40
4.0
 40
5.0
 40
6.0
 40
7.0
 40
8.0
 40
9.0
 40
10.0
 40
11.0
 40
12.0
 40
13.0
 40
13.0
 40
13.0
 40
13.0
 10
7.5844480799971237
 20
8.530076304199369
 30
0.0
 10
7.588756987684647
 20
8.6157420665153666
 30
0.0
 10
7.6029573318754444
 20
8.6778685723500999
 30
0.0
 10
7.6499781185259437
 20
8.6935521847158768
 30
0.0
 10
7.7499781185259451
 20
8.6935521847158768
 30
0.0
 10
7.8017621505466082
 20
8.6139670234915116
 30
0.0
 10
7.7982120644989052
 20
8.5127895711320747
 30
0.0
 10
7.7786865912365641
 20
8.1435806221713491
 30
0.0
 10
7.7627112040219046
 20
8.022877696549557
 30
0.0
 10
7.728985386568759
 20
7.8187477488068353
 30
0.0
 10
7.6846093109725189
 20
7.5507162522055395
 30
0.0
 10
7.6792841819009681
 20
7.4033876812260146
 30
0.0
 10
7.7786865912365499
 20
7.2241083358171991
 30
0.0
 10
7.8499781185259394
 20
7.0935521847158753
 30
0.0
 10
7.8499781185259394
 20
7.0935521847158753
 30
0.0
 10
7.8499781185259394
 20
7.0935521847158753
 30
0.0
  0
SPLINE
  5
1D9
100
AcDbEntity
  8
yd_pipes
 62
161
420
8364031
370
70
 48
1.0
  6
ByLayer
100
AcDbSpline
 70
8
 71
3
 72
8
 73
4
 74
0
 40
0.0
 40
0.0
 40
0.0
 40
0.0
 40
1.0
 40
1.0
 40
1.0
 40
1.0
 10
7.8499781185259394
 20
7.0935521847158753
 30
0.0
 10
7.9209750527077887
 20
7.1689191557641507
 30
0.0
 10
8.2467569317383536
 20
8.0180914261089455
 30
0.0
 10
8.2467569317383536
 20
8.0180914261089455
 30
0.0
  0
SPLINE
  5
1DA
100
AcDbEntity
  8
yd_pipes
 62
94
420
32512
370
70
 48
1.0
  6
ByLayer
100
AcDbSpline
 70
8
 71
3
 72
8
 73
4
 74
0
 40
0.0
 40
0.0
 40
0.0
 40
0.0
 40
1.0
 40
1.0
 40
1.0
 40
1.0
 10
9.889348621181874
 20
9.1060550562959506
 30
0.0
 10
9.3708310825863848
 20
8.8316482110891172
 30
0.0
 10
8.7784954592518432
 20
8.4527676234965554
 30
0.0
 10
8.7784954592518432
 20
8.4527676234965554
 30
0.0
  0
LINE
  5
1DB
100
AcDbEntity
  8
yd_pipes
 62
20
420
16727808
370
70
 48
1.0
  6
ByLayer
100
AcDbLine
 10
2.7145325143525838
 20
8.6946841191550206
 30
0.0
 11
2.8117262244956081
 21
8.7035288610006702
 31
0.0
  0
LINE
  5
1DC
100
AcDbEntity
  8
yd_pipes
 62
256
370
70
 48
1.0
  6
ByLayer
100
AcDbLine
 10
2.8416746175844096
 20
8.430104329557409
 30
0.0
 11
2.8416746175844096
 21
8.430104329557409
 31
0.0
  0
LINE
  5
1DD
100
AcDbEntity
  8
yd_pipes
 62
161
420
8364031
370
70
 48
1.0
  6
ByLayer
100
AcDbLine
 10
6.7185652765074693
 20
10.0766215949996152
 30
0.0
 11
7.0967168590960341
 21
10.0462948378674213
 31
0.0
  0
LINE
  5
1DE
100
AcDbEntity
  8
yd_pipes
 62
256
370
70
 48
1.0
  6
ByLayer
100
AcDbLine
 10
7.0967168590960341
 20
10.0462948378674213
 30
0.0
 11
7.0967168590960341
 21
10.0462948378674213
 31
0.0
  0
SPLINE
  5
1DF
100
AcDbEntity
  8
yd_pipes
 62
181
420
10452991
370
70
 48
1.0
  6
ByLayer
100
AcDbSpline
 70
8
 71
3
 72
8
 73
4
 74
0
 40
0.0
 40
0.0
 40
0.0
 40
0.0
 40
1.0
 40
1.0
 40
1.0
 40
1.0
 10
2.81276206852651
 20
10.1501020783028011
 30
0.0
 10
2.9223928729115443
 20
9.9233841342545404
 30
0.0
 10
2.9225723851913656
 20
9.9231143167407012
 30
0.0
 10
2.9225723851913656
 20
9.9231143167407012
 30
0.0
  0
SPLINE
  5
1E0
100
AcDbEntity
  8
yd_pipes
 62
181
420
10452991
370
70
 48
1.0
  6
ByLayer
100
AcDbSpline
 70
8
 71
3
 72
16
 73
12
 74
0
 40
0.0
 40
0.0
 40
0.0
 40
0.0
 40
1.0
 40
2.0
 40
3.0
 40
4.0
 40
5.0
 40
6.0
 40
7.0
 40
8.0
 40
9.0
 40
9.0
 40
9.0
 40
9.0
 10
2.8345103742463635
 20
10.1501020783028011
 30
0.0
 10
2.9262393459585994
 20
10.1340679073379007
 30
0.0
 10
2.9790383807995084
 20
10.1382362521937708
 30
0.0
 10
2.9873750705112343
 20
10.1840880456082417
 30
0.0
 10
2.9984906567935283
 20
10.2869072187194917
 30
0.0
 10
3.0512896916344445
 20
10.3536007364132772
 30
0.0
 10
3.124930450754654
 20
10.3980630815424675
 30
0.0
 10
3.2319179687217741
 20
10.3786108055484476
 30
0.0
 10
3.3722522455357833
 20
10.373053012407297
 30
0.0
 10
3.6932147994371292
 20
10.3813897021190158
 30
0.0
 10
3.6924650269757038
 20
10.3823506153470078
 30
0.0
 10
3.6924650269757038
 20
10.3823506153470078
 30
0.0
  0
SPLINE
  5
1E1
100
AcDbEntity
  8
yd_pipes
 62
181
420
10452991
370
70
 48
1.0
  6
ByLayer
100
AcDbSpline
 70
8
 71
3
 72
8
 73
4
 74
0
 40
0.0
 40
0.0
 40
0.0
 40
0.0
 40
1.0
 40
1.0
 40
1.0
 40
1.0
 10
2.81276206852651
 20
10.1501020783028011
 30
0.0
 10
2.6890327346943792
 20
10.0433647232743652
 30
0.0
 10
2.681029512571115
 20
9.9773381407575314
 30
0.0
 10
2.7499781185259451
 20
9.8935521847158654
 30
0.0
  0
SPLINE
  5
1E2
100
AcDbEntity
  8
yd_pipes
 62
20
420
16727808
370
70
 48
1.0
  6
ByLayer
100
AcDbSpline
 70
8
 71
3
 72
8
 73
4
 74
0
 40
0.0
 40
0.0
 40
0.0
 40
0.0
 40
1.0
 40
1.0
 40
1.0
 40
1.0
 10
1.8499781185259465
 20
8.7935521847158711
 30
0.0
 10
2.0307998581594049
 20
8.261565928456541
 30
0.0
 10
2.0307998581594049
 20
8.261565928456541
 30
0.0
 10
2.0307998581594049
 20
8.261565928456541
 30
0.0
  0
LINE
  5
1E3
100
AcDbEntity
  8
yd_pipes
 62
20
420
16727808
370
70
 48
1.0
  6
ByLayer
100
AcDbLine
 10
2.1892636561998486
 20
8.1636064896679059
 30
0.0
 11
2.1499781185259437
 21
8.2935521847158711
 31
0.0
  0
SPLINE
  5
1E4
100
AcDbEntity
  8
yd_pipes
 62
20
420
16727808
370
70
 48
1.0
  6
ByLayer
100
AcDbSpline
 70
8
 71
3
 72
10
 73
6
 74
0
 40
0.0
 40
0.0
 40
0.0
 40
0.0
 40
1.0
 40
2.0
 40
3.0
 40
3.0
 40
3.0
 40
3.0
 10
2.9484507460593576
 20
9.5946900989735511
 30
0.0
 10
2.9484507460593576
 20
9.5946900989735511
 30
0.0
 10
2.989073099480116
 20
9.5396129718743907
 30
0.0
 10
3.0442953321305737
 20
9.5348110386004379
 30
0.0
 10
3.0979909905556369
 20
9.5576469690649759
 30
0.0
 10
3.0979909905556369
 20
9.5576469690649759
 30
0.0
  0
LINE
  5
1E5
100
AcDbEntity
  8
yd_pipes
 62
20
420
16727808
370
70
 48
1.0
  6
ByLayer
100
AcDbLine
 10
1.4841297821841266
 20
7.8581529706095665
 30
0.0
 11
1.474559940034176
 21
7.7618392081204703
 31
0.0
  0
CIRCLE
  5
1E6
100
AcDbEntity
  8
yd_heads
 62
206
420
3735628
370
35
 48
1.0
  6
ByLayer
100
AcDbCircle
 10
6.3974772888764093
 20
11.527870094523621
 30
0.0
 40
0.0217483057198595
  0
CIRCLE
  5
1E7
100
AcDbEntity
  8
yd_heads
 62
211
420
16744447
370
35
 48
1.0
  6
ByLayer
100
AcDbCircle
 10
5.8499781185259465
 20
10.6935521847158768
 30
0.0
 40
0.0217483057198595
  0
CIRCLE
  5
1E8
100
AcDbEntity
  8
yd_heads
 62
211
420
16744447
370
35
 48
1.0
  6
ByLayer
100
AcDbCircle
 10
5.5235563452453391
 20
9.807773989146277
 30
0.0
 40
0.0217483057198595
  0
CIRCLE
  5
1E9
100
AcDbEntity
  8
yd_heads
 62
211
420
16744447
370
35
 48
1.0
  6
ByLayer
100
AcDbCircle
 10
5.0154692954410933
 20
11.1012806417103747
 30
0.0
 40
0.0217483057198595
  0
CIRCLE
  5
1EA
100
AcDbEntity
  8
yd_heads
 62
211
420
16744447
370
35
 48
1.0
  6
ByLayer
100
AcDbCircle
 10
5.3810699709775776
 20
10.2175279945772104
 30
0.0
 40
0.0217483057198595
  0
CIRCLE
  5
1EB
100
AcDbEntity
  8
yd_heads
 62
211
420
16744447
370
35
 48
1.0
  6
ByLayer
100
AcDbCircle
 10
5.6412037104571695
 20
11.5532767342280351
 30
0.0
 40
0.0217483057198595
  0
CIRCLE
  5
1EC
100
AcDbEntity
  8
yd_heads
 62
211
420
16744447
370
35
 48
1.0
  6
ByLayer
100
AcDbCircle
 10
5.8051801278960937
 20
8.8297162199076382
 30
0.0
 40
0.0217483057198595
  0
CIRCLE
  5
1ED
100
AcDbEntity
  8
yd_heads
 62
211
420
16744447
370
35
 48
1.0
  6
ByLayer
100
AcDbCircle
 10
5.6331714678600946
 20
9.3699867717246406
 30
0.0
 40
0.0217483057198595
  0
CIRCLE
  5
1EE
100
AcDbEntity
  8
yd_heads
 62
161
420
8364031
370
35
 48
1.0
  6
ByLayer
100
AcDbCircle
 10
6.5886030118834853
 20
10.5479611221758987
 30
0.0
 40
0.0217483057198595
  0
CIRCLE
  5
1EF
100
AcDbEntity
  8
yd_heads
 62
161
420
8364031
370
35
 48
1.0
  6
ByLayer
100
AcDbCircle
 10
6.6799781185259448
 20
10.253552184715879
 30
0.0
 40
0.0217483057198595
  0
CIRCLE
  5
1F0
100
AcDbEntity
  8
yd_heads
 62
161
420
8364031
370
35
 48
1.0
  6
ByLayer
100
AcDbCircle
 10
6.752206651854479
 20
10.0226516675984314
 30
0.0
 40
0.0217483057198595
  0
CIRCLE
  5
1F1
100
AcDbEntity
  8
yd_heads
 62
161
420
8364031
370
35
 48
1.0
  6
ByLayer
100
AcDbCircle
 10
6.7499781185259451
 20
9.2935521847158711
 30
0.0
 40
0.0217483057198595
  0
CIRCLE
  5
1F2
100
AcDbEntity
  8
yd_heads
 62
211
420
16744447
370
35
 48
1.0
  6
ByLayer
100
AcDbCircle
 10
5.7822161305160691
 20
8.6036803851454309
 30
0.0
 40
0.0217483057198595
  0
CIRCLE
  5
1F3
100
AcDbEntity
  8
yd_heads
 62
160
420
16383
370
35
 48
1.0
  6
ByLayer
100
AcDbCircle
 10
4.767656480711608
 20
11.5489837656673799
 30
0.0
 40
0.0217483057198595
  0
CIRCLE
  5
1F4
100
AcDbEntity
  8
yd_heads
 62
160
420
16383
370
35
 48
1.0
  6
ByLayer
100
AcDbCircle
 10
4.6996331995194893
 20
11.1463332947749905
 30
0.0
 40
0.0217483057198595
  0
CIRCLE
  5
1F5
100
AcDbEntity
  8
yd_heads
 62
160
420
16383
370
35
 48
1.0
  6
ByLayer
100
AcDbCircle
 10
3.9235488453853335
 20
10.8650560051642984
 30
0.0
 40
0.0217483057198595
  0
CIRCLE
  5
1F6
100
AcDbEntity
  8
yd_heads
 62
160
420
16383
370
35
 48
1.0
  6
ByLayer
100
AcDbCircle
 10
3.9338269595502595
 20
10.5079675607969847
 30
0.0
 40
0.0217483057198595
  0
CIRCLE
  5
1F7
100
AcDbEntity
  8
yd_heads
 62
160
420
16383
370
35
 48
1.0
  6
ByLayer
100
AcDbCircle
 10
2.7681076332950099
 20
11.4869866701714614
 30
0.0
 40
0.0217483057198595
  0
CIRCLE
  5
1F8
100
AcDbEntity
  8
yd_heads
 62
160
420
16383
370
35
 48
1.0
  6
ByLayer
100
AcDbCircle
 10
4.367661720747293
 20
11.5625264386587148
 30
0.0
 40
0.0217483057198595
  0
CIRCLE
  5
1F9
100
AcDbEntity
  8
yd_heads
 62
160
420
16383
370
35
 48
1.0
  6
ByLayer
100
AcDbCircle
 10
3.9461957408768598
 20
11.5706315536562414
 30
0.0
 40
0.0217483057198595
  0
CIRCLE
  5
1FA
100
AcDbEntity
  8
yd_heads
 62
160
420
16383
370
35
 48
1.0
  6
ByLayer
100
AcDbCircle
 10
3.5562517111052898
 20
11.5604422662308011
 30
0.0
 40
0.0217483057198595
  0
CIRCLE
  5
1FB
100
AcDbEntity
  8
yd_heads
 62
160
420
16383
370
35
 48
1.0
  6
ByLayer
100
AcDbCircle
 10
3.1300801330420072
 20
11.556440655169169
 30
0.0
 40
0.0217483057198595
  0
CIRCLE
  5
1FC
100
AcDbEntity
  8
yd_heads
 62
30
420
16744192
370
35
 48
1.0
  6
ByLayer
100
AcDbCircle
 10
2.9843030834139341
 20
10.0654651182885146
 30
0.0
 40
0.0217483057198595
  0
CIRCLE
  5
1FD
100
AcDbEntity
  8
yd_heads
 62
160
420
16383
370
35
 48
1.0
  6
ByLayer
100
AcDbCircle
 10
2.5722844515755341
 20
11.2104024501735893
 30
0.0
 40
0.0217483057198595
  0
CIRCLE
  5
1FE
100
AcDbEntity
  8
yd_heads
 62
160
420
16383
370
35
 48
1.0
  6
ByLayer
100
AcDbCircle
 10
3.3154688452145464
 20
11.1083743362860758
 30
0.0
 40
0.0217483057198595
  0
CIRCLE
  5
1FF
100
AcDbEntity
  8
yd_heads
 62
160
420
16383
370
35
 48
1.0
  6
ByLayer
100
AcDbCircle
 10
4.2043100288990587
 20
11.0427015999325349
 30
0.0
 40
0.0217483057198595
  0
CIRCLE
  5
200
100
AcDbEntity
  8
yd_heads
 62
160
420
16383
370
35
 48
1.0
  6
ByLayer
100
AcDbCircle
 10
3.4587557191327747
 20
10.7212099384091601
 30
0.0
 40
0.0217483057198595
  0
CIRCLE
  5
201
100
AcDbEntity
  8
yd_heads
 62
160
420
16383
370
35
 48
1.0
  6
ByLayer
100
AcDbCircle
 10
2.9615648306626099
 20
10.721598345978208
 30
0.0
 40
0.0217483057198595
  0
CIRCLE
  5
202
100
AcDbEntity
  8
yd_heads
 62
160
420
16383
370
35
 48
1.0
  6
ByLayer
100
AcDbCircle
 10
2.6673227142891847
 20
10.8652634961082484
 30
0.0
 40
0.0217483057198595
  0
CIRCLE
  5
203
100
AcDbEntity
  8
yd_heads
 62
43
420
10850642
370
35
 48
1.0
  6
ByLayer
100
AcDbCircle
 10
0.85529019948833
 20
10.4671920494056963
 30
0.0
 40
0.0217483057198595
  0
CIRCLE
  5
204
100
AcDbEntity
  8
yd_heads
 62
43
420
10850642
370
35
 48
1.0
  6
ByLayer
100
AcDbCircle
 10
1.2283848530536474
 20
10.3996537471544457
 30
0.0
 40
0.0217483057198595
  0
CIRCLE
  5
205
100
AcDbEntity
  8
yd_heads
 62
43
420
10850642
370
35
 48
1.0
  6
ByLayer
100
AcDbCircle
 10
0.6366933027779353
 20
11.2284007367209568
 30
0.0
 40
0.0217483057198595
  0
CIRCLE
  5
206
100
AcDbEntity
  8
yd_heads
 62
43
420
10850642
370
35
 48
1.0
  6
ByLayer
100
AcDbCircle
 10
0.5223940743511832
 20
10.5229964422582256
 30
0.0
 40
0.0217483057198595
  0
CIRCLE
  5
207
100
AcDbEntity
  8
yd_heads
 62
43
420
10850642
370
35
 48
1.0
  6
ByLayer
100
AcDbCircle
 10
1.4899781185259471
 20
10.6635521847158756
 30
0.0
 40
0.0217483057198595
  0
CIRCLE
  5
208
100
AcDbEntity
  8
yd_heads
 62
43
420
10850642
370
35
 48
1.0
  6
ByLayer
100
AcDbCircle
 10
0.4483201632421299
 20
12.3315570373956405
 30
0.0
 40
0.0217483057198595
  0
CIRCLE
  5
209
100
AcDbEntity
  8
yd_heads
 62
181
420
10452991
370
35
 48
1.0
  6
ByLayer
100
AcDbCircle
 10
0.9785092832699647
 20
9.9060583108216491
 30
0.0
 40
0.0217483057198595
  0
CIRCLE
  5
20A
100
AcDbEntity
  8
yd_heads
 62
181
420
10452991
370
35
 48
1.0
  6
ByLayer
100
AcDbCircle
 10
0.8817761615464335
 20
9.0802071958371258
 30
0.0
 40
0.0217483057198595
  0
CIRCLE
  5
20B
100
AcDbEntity
  8
yd_heads
 62
181
420
10452991
370
35
 48
1.0
  6
ByLayer
100
AcDbCircle
 10
1.4715611208765793
 20
9.854330818498326
 30
0.0
 40
0.0217483057198595
  0
CIRCLE
  5
20C
100
AcDbEntity
  8
yd_heads
 62
181
420
10452991
370
35
 48
1.0
  6
ByLayer
100
AcDbCircle
 10
1.4282495068257646
 20
8.4764418957415657
 30
0.0
 40
0.0217483057198595
  0
CIRCLE
  5
20D
100
AcDbEntity
  8
yd_heads
 62
181
420
10452991
370
35
 48
1.0
  6
ByLayer
100
AcDbCircle
 10
1.3499781185259465
 20
9.0935521847158753
 30
0.0
 40
0.0217483057198595
  0
CIRCLE
  5
20E
100
AcDbEntity
  8
yd_heads
 62
181
420
10452991
370
35
 48
1.0
  6
ByLayer
100
AcDbCircle
 10
2.1904315162222687
 20
9.6862353240389751
 30
0.0
 40
0.0217483057198595
  0
CIRCLE
  5
20F
100
AcDbEntity
  8
yd_heads
 62
30
420
16744192
370
35
 48
1.0
  6
ByLayer
100
AcDbCircle
 10
2.5660863314769031
 20
9.3335489706659374
 30
0.0
 40
0.0217483057198595
  0
CIRCLE
  5
210
100
AcDbEntity
  8
yd_heads
 62
30
420
16744192
370
35
 48
1.0
  6
ByLayer
100
AcDbCircle
 10
2.8117262244956081
 20
8.7035288610006702
 30
0.0
 40
0.0217483057198595
  0
CIRCLE
  5
211
100
AcDbEntity
  8
yd_heads
 62
30
420
16744192
370
35
 48
1.0
  6
ByLayer
100
AcDbCircle
 10
0.9048254412613943
 20
8.2619577659556285
 30
0.0
 40
0.0217483057198595
  0
CIRCLE
  5
212
100
AcDbEntity
  8
yd_heads
 62
30
420
16744192
370
35
 48
1.0
  6
ByLayer
100
AcDbCircle
 10
2.1892636561998486
 20
8.1636064896679059
 30
0.0
 40
0.0217483057198595
  0
CIRCLE
  5
213
100
AcDbEntity
  8
yd_heads
 62
30
420
16744192
370
35
 48
1.0
  6
ByLayer
100
AcDbCircle
 10
2.2299781185259491
 20
7.5235521847158751
 30
0.0
 40
0.0217483057198595
  0
CIRCLE
  5
214
100
AcDbEntity
  8
yd_heads
 62
30
420
16744192
370
35
 48
1.0
  6
ByLayer
100
AcDbCircle
 10
3.1499081556207571
 20
8.4433425955336148
 30
0.0
 40
0.0217483057198595
  0
CIRCLE
  5
215
100
AcDbEntity
  8
yd_heads
 62
30
420
16744192
370
35
 48
1.0
  6
ByLayer
100
AcDbCircle
 10
2.969978118525944
 20
9.0535521847158762
 30
0.0
 40
0.0217483057198595
  0
CIRCLE
  5
216
100
AcDbEntity
  8
yd_heads
 62
52
420
10855680
370
35
 48
1.0
  6
ByLayer
100
AcDbCircle
 10
2.8191461696377687
 20
7.8881681841325815
 30
0.0
 40
0.0217483057198595
  0
CIRCLE
  5
217
100
AcDbEntity
  8
yd_heads
 62
52
420
10855680
370
35
 48
1.0
  6
ByLayer
100
AcDbCircle
 10
3.0472225906543642
 20
7.3394055612155285
 30
0.0
 40
0.0217483057198595
  0
CIRCLE
  5
218
100
AcDbEntity
  8
yd_heads
 62
52
420
10855680
370
35
 48
1.0
  6
ByLayer
100
AcDbCircle
 10
3.7930844382720039
 20
7.8679300895902955
 30
0.0
 40
0.0217483057198595
  0
CIRCLE
  5
219
100
AcDbEntity
  8
yd_heads
 62
52
420
10855680
370
35
 48
1.0
  6
ByLayer
100
AcDbCircle
 10
3.8250886101397938
 20
8.1262463376411347
 30
0.0
 40
0.0217483057198595
  0
CIRCLE
  5
21A
100
AcDbEntity
  8
yd_heads
 62
52
420
10855680
370
35
 48
1.0
  6
ByLayer
100
AcDbCircle
 10
3.9920338692932589
 20
7.8960133960208054
 30
0.0
 40
0.0217483057198595
  0
CIRCLE
  5
21B
100
AcDbEntity
  8
yd_heads
 62
52
420
10855680
370
35
 48
1.0
  6
ByLayer
100
AcDbCircle
 10
4.1388723479004881
 20
7.9328814512719958
 30
0.0
 40
0.0217483057198595
  0
CIRCLE
  5
21C
100
AcDbEntity
  8
yd_heads
 62
52
420
10855680
370
35
 48
1.0
  6
ByLayer
100
AcDbCircle
 10
4.5786776089767542
 20
8.0696763532984406
 30
0.0
 40
0.0217483057198595
  0
CIRCLE
  5
21D
100
AcDbEntity
  8
yd_heads
 62
52
420
10855680
370
35
 48
1.0
  6
ByLayer
100
AcDbCircle
 10
4.8799781185259477
 20
8.4635521847158799
 30
0.0
 40
0.0217483057198595
  0
CIRCLE
  5
21E
100
AcDbEntity
  8
yd_heads
 62
52
420
10855680
370
35
 48
1.0
  6
ByLayer
100
AcDbCircle
 10
5.1311729167714333
 20
8.5437463411340175
 30
0.0
 40
0.0217483057198595
  0
CIRCLE
  5
21F
100
AcDbEntity
  8
yd_heads
 62
52
420
10855680
370
35
 48
1.0
  6
ByLayer
100
AcDbCircle
 10
5.1799781185259448
 20
8.1935521847158768
 30
0.0
 40
0.0217483057198595
  0
CIRCLE
  5
220
100
AcDbEntity
  8
yd_heads
 62
52
420
10855680
370
35
 48
1.0
  6
ByLayer
100
AcDbCircle
 10
4.9399781185259499
 20
8.1935521847158768
 30
0.0
 40
0.0217483057198595
  0
CIRCLE
  5
221
100
AcDbEntity
  8
yd_heads
 62
206
420
3735628
370
35
 48
1.0
  6
ByLayer
100
AcDbCircle
 10
8.0098893791087136
 20
9.2107015973922159
 30
0.0
 40
0.0217483057198595
  0
CIRCLE
  5
222
100
AcDbEntity
  8
yd_heads
 62
206
420
3735628
370
35
 48
1.0
  6
ByLayer
100
AcDbCircle
 10
7.9922697103021747
 20
10.0905722498235448
 30
0.0
 40
0.0217483057198595
  0
CIRCLE
  5
223
100
AcDbEntity
  8
yd_heads
 62
206
420
3735628
370
35
 48
1.0
  6
ByLayer
100
AcDbCircle
 10
7.8239802176893178
 20
10.6331307799261054
 30
0.0
 40
0.0217483057198595
  0
CIRCLE
  5
224
100
AcDbEntity
  8
yd_heads
 62
161
420
8364031
370
35
 48
1.0
  6
ByLayer
100
AcDbCircle
 10
7.0967168590960341
 20
10.0462948378674213
 30
0.0
 40
0.0217483057198595
  0
CIRCLE
  5
225
100
AcDbEntity
  8
yd_heads
 62
206
420
3735628
370
35
 48
1.0
  6
ByLayer
100
AcDbCircle
 10
7.6054019560861335
 20
9.6805796299058855
 30
0.0
 40
0.0217483057198595
  0
CIRCLE
  5
226
100
AcDbEntity
  8
yd_heads
 62
34
420
8339200
370
35
 48
1.0
  6
ByLayer
100
AcDbCircle
 10
9.1839868328245942
 20
9.9634721900372583
 30
0.0
 40
0.0217483057198595
  0
CIRCLE
  5
227
100
AcDbEntity
  8
yd_heads
 62
34
420
8339200
370
35
 48
1.0
  6
ByLayer
100
AcDbCircle
 10
9.5499781185259494
 20
10.0935521847158753
 30
0.0
 40
0.019999999999996
  0
CIRCLE
  5
228
100
AcDbEntity
  8
yd_heads
 62
34
420
8339200
370
35
 48
1.0
  6
ByLayer
100
AcDbCircle
 10
9.2723557437688555
 20
9.7000327951468108
 30
0.0
 40
0.0217483057198595
  0
CIRCLE
  5
229
100
AcDbEntity
  8
yd_heads
 62
34
420
8339200
370
35
 48
1.0
  6
ByLayer
100
AcDbCircle
 10
9.6499781185259437
 20
9.7935521847158711
 30
0.0
 40
0.0217483057198595
  0
CIRCLE
  5
22A
100
AcDbEntity
  8
yd_heads
 62
94
420
32512
370
35
 48
1.0
  6
ByLayer
100
AcDbCircle
 10
9.8959401342057447
 20
9.1514786121154401
 30
0.0
 40
0.0217483057198595
  0
CIRCLE
  5
22B
100
AcDbEntity
  8
yd_heads
 62
94
420
32512
370
35
 48
1.0
  6
ByLayer
100
AcDbCircle
 10
8.5062731274936283
 20
9.3600749003661647
 30
0.0
 40
0.0217483057198542
  0
CIRCLE
  5
22C
100
AcDbEntity
  8
yd_heads
 62
94
420
32512
370
35
 48
1.0
  6
ByLayer
100
AcDbCircle
 10
9.0802353142423371
 20
9.5615240313839109
 30
0.0
 40
0.0217483057198595
  0
CIRCLE
  5
22D
100
AcDbEntity
  8
yd_heads
 62
94
420
32512
370
35
 48
1.0
  6
ByLayer
100
AcDbCircle
 10
8.2099349782966655
 20
8.8903004434069217
 30
0.0
 40
0.0217483057198595
  0
CIRCLE
  5
22E
100
AcDbEntity
  8
yd_heads
 62
52
420
10855680
370
35
 48
1.0
  6
ByLayer
100
AcDbCircle
 10
5.597842773180254
 20
7.3269186766360264
 30
0.0
 40
0.0217483057198595
  0
CIRCLE
  5
22F
100
AcDbEntity
  8
yd_heads
 62
230
420
16711807
370
35
 48
1.0
  6
ByLayer
100
AcDbCircle
 10
6.2214305708558442
 20
7.544552205461855
 30
0.0
 40
0.0217483057198595
  0
CIRCLE
  5
230
100
AcDbEntity
  8
yd_heads
 62
230
420
16711807
370
35
 48
1.0
  6
ByLayer
100
AcDbCircle
 10
6.800780058560143
 20
7.4904566077880048
 30
0.0
 40
0.0217483057198595
  0
CIRCLE
  5
231
100
AcDbEntity
  8
yd_heads
 62
230
420
16711807
370
35
 48
1.0
  6
ByLayer
100
AcDbCircle
 10
7.4818862741375796
 20
7.4558826882155458
 30
0.0
 40
0.0217483057198595
  0
CIRCLE
  5
232
100
AcDbEntity
  8
yd_heads
 62
161
420
8364031
370
35
 48
1.0
  6
ByLayer
100
AcDbCircle
 10
7.810058745325108
 20
7.0724584565980635
 30
0.0
 40
0.0217483057198595
  0
CIRCLE
  5
233
100
AcDbEntity
  8
yd_heads
 62
161
420
8364031
370
35
 48
1.0
  6
ByLayer
100
AcDbCircle
 10
7.001308792080394
 20
6.8473817037402895
 30
0.0
 40
0.0217483057198595
  0
CIRCLE
  5
234
100
AcDbEntity
  8
yd_heads
 62
161
420
8364031
370
35
 48
1.0
  6
ByLayer
100
AcDbCircle
 10
6.3299781185259434
 20
6.743552184715881
 30
0.0
 40
0.0217483057198595
  0
CIRCLE
  5
235
100
AcDbEntity
  8
yd_heads
 62
161
420
8364031
370
35
 48
1.0
  6
ByLayer
100
AcDbCircle
 10
1.7114990974943183
 20
5.7894197648230872
 30
0.0
 40
0.0217483057198595
  0
CIRCLE
  5
236
100
AcDbEntity
  8
yd_heads
 62
161
420
8364031
370
35
 48
1.0
  6
ByLayer
100
AcDbCircle
 10
3.0499781185259494
 20
6.1935521847158768
 30
0.0
 40
0.0217483057198595
  0
CIRCLE
  5
237
100
AcDbEntity
  8
yd_heads
 62
161
420
8364031
370
35
 48
1.0
  6
ByLayer
100
AcDbCircle
 10
2.6063084816933255
 20
5.9261807658525143
 30
0.0
 40
0.0217483057198595
  0
CIRCLE
  5
238
100
AcDbEntity
  8
yd_heads
 62
161
420
8364031
370
35
 48
1.0
  6
ByLayer
100
AcDbCircle
 10
4.0499781185259423
 20
6.1935521847158768
 30
0.0
 40
0.0217483057198595
  0
CIRCLE
  5
239
100
AcDbEntity
  8
yd_heads
 62
230
420
16711807
370
35
 48
1.0
  6
ByLayer
100
AcDbCircle
 10
1.7211009083403965
 20
6.8269663036336752
 30
0.0
 40
0.0217483057198595
  0
CIRCLE
  5
23A
100
AcDbEntity
  8
yd_heads
 62
230
420
16711807
370
35
 48
1.0
  6
ByLayer
100
AcDbCircle
 10
2.4410088004731847
 20
6.8542964876547998
 30
0.0
 40
0.0217483057198595
  0
CIRCLE
  5
23B
100
AcDbEntity
  8
yd_heads
 62
230
420
16711807
370
35
 48
1.0
  6
ByLayer
100
AcDbCircle
 10
2.9397755777028394
 20
6.8299948786409956
 30
0.0
 40
0.0217483057198595
  0
CIRCLE
  5
23C
100
AcDbEntity
  8
yd_heads
 62
230
420
16711807
370
35
 48
1.0
  6
ByLayer
100
AcDbCircle
 10
3.7253924120117574
 20
6.8413513382195887
 30
0.0
 40
0.0217483057198595
  0
CIRCLE
  5
23D
100
AcDbEntity
  8
yd_heads
 62
230
420
16711807
370
35
 48
1.0
  6
ByLayer
100
AcDbCircle
 10
4.4199781185259468
 20
6.9853004904357405
 30
0.0
 40
0.0217483057198595
  0
CIRCLE
  5
23E
100
AcDbEntity
  8
yd_heads
 62
230
420
16711807
370
35
 48
1.0
  6
ByLayer
100
AcDbCircle
 10
5.0777350176909195
 20
7.0953878734140901
 30
0.0
 40
0.0217483057198595
  0
CIRCLE
  5
23F
100
AcDbEntity
  8
yd_heads
 62
256
370
35
 48
1.0
  6
ByLayer
100
AcDbCircle
 10
7.6218081010851293
 20
7.7966277666460968
 30
0.0
 40
0.0217483057198595
  0
CIRCLE
  5
240
100
AcDbEntity
  8
yd_heads
 62
206
420
3735628
370
35
 48
1.0
  6
ByLayer
100
AcDbCircle
 10
7.7426689624751859
 20
8.4252099853625353
 30
0.0
 40
0.0217483057198595
  0
CIRCLE
  5
241
100
AcDbEntity
  8
yd_heads
 62
34
420
8339200
370
35
 48
1.0
  6
ByLayer
100
AcDbCircle
 10
7.6247991065387879
 20
8.3714133833157405
 30
0.0
 40
0.0217483057198595
  0
CIRCLE
  5
242
100
AcDbEntity
  8
yd_heads
 62
34
420
8339200
370
35
 48
1.0
  6
ByLayer
100
AcDbCircle
 10
7.1563566024319343
 20
8.4107078238131407
 30
0.0
 40
0.0217483057198595
  0
CIRCLE
  5
243
100
AcDbEntity
  8
yd_heads
 62
34
420
8339200
370
35
 48
1.0
  6
ByLayer
100
AcDbCircle
 10
6.6086824033145675
 20
8.447759778087466
 30
0.0
 40
0.0217483057198595
  0
CIRCLE
  5
244
100
AcDbEntity
  8
yd_heads
 62
34
420
8339200
370
35
 48
1.0
  6
ByLayer
100
AcDbCircle
 10
5.9637468242270941
 20
8.4952325945014451
 30
0.0
 40
0.0217483057198595
  0
CIRCLE
  5
245
100
AcDbEntity
  8
yd_heads
 62
34
420
8339200
370
35
 48
1.0
  6
ByLayer
100
AcDbCircle
 10
6.0586924570550664
 20
8.8043848379778495
 30
0.0
 40
0.0217483057198595
  0
CIRCLE
  5
246
100
AcDbEntity
  8
yd_heads
 62
161
420
8364031
370
35
 48
1.0
  6
ByLayer
100
AcDbCircle
 10
8.7421268515799042
 20
7.0983160822999949
 30
0.0
 40
0.0217483057198595
  0
CIRCLE
  5
247
100
AcDbEntity
  8
yd_heads
 62
256
370
35
 48
1.0
  6
ByLayer
100
AcDbCircle
 10
1.0499781185259494
 20
12.2935521847158711
 30
0.0
 40
0.0217483057198595
  0
CIRCLE
  5
248
100
AcDbEntity
  8
yd_heads
 62
256
370
35
 48
1.0
  6
ByLayer
100
AcDbCircle
 10
10.0499781185259494
 20
12.2935521847158711
 30
0.0
 40
0.0217483057198595
  0
CIRCLE
  5
249
100
AcDbEntity
  8
yd_heads
 62
256
370
35
 48
1.0
  6
ByLayer
100
AcDbCircle
 10
9.5499781185259494
 20
12.2935521847158711
 30
0.0
 40
0.0217483057198595
  0
CIRCLE
  5
24A
100
AcDbEntity
  8
yd_heads
 62
256
370
35
 48
1.0
  6
ByLayer
100
AcDbCircle
 10
8.9907298128060731
 20
12.2935521847158711
 30
0.0
 40
0.0217483057198595
  0
CIRCLE
  5
24B
100
AcDbEntity
  8
yd_heads
 62
256
370
35
 48
1.0
  6
ByLayer
100
AcDbCircle
 10
8.4499781185259337
 20
12.2935521847158711
 30
0.0
 40
0.0217483057198595
  0
CIRCLE
  5
24C
100
AcDbEntity
  8
yd_heads
 62
256
370
35
 48
1.0
  6
ByLayer
100
AcDbCircle
 10
7.8762433939084886
 20
12.2946648373446408
 30
0.0
 40
0.0217483057198595
  0
CIRCLE
  5
24D
100
AcDbEntity
  8
yd_heads
 62
256
370
35
 48
1.0
  6
ByLayer
100
AcDbCircle
 10
7.3499781185259394
 20
12.2935521847158711
 30
0.0
 40
0.0217483057198595
  0
CIRCLE
  5
24E
100
AcDbEntity
  8
yd_heads
 62
256
370
35
 48
1.0
  6
ByLayer
100
AcDbCircle
 10
6.7499781185259451
 20
12.2935521847158711
 30
0.0
 40
0.0217483057198595
  0
CIRCLE
  5
24F
100
AcDbEntity
  8
yd_heads
 62
256
370
35
 48
1.0
  6
ByLayer
100
AcDbCircle
 10
6.193165781388096
 20
12.2898629040706808
 30
0.0
 40
0.0217483057198595
  0
CIRCLE
  5
250
100
AcDbEntity
  8
yd_heads
 62
256
370
35
 48
1.0
  6
ByLayer
100
AcDbCircle
 10
5.6241366884246773
 20
12.2922638707076288
 30
0.0
 40
0.0217483057198595
  0
CIRCLE
  5
251
100
AcDbEntity
  8
yd_heads
 62
256
370
35
 48
1.0
  6
ByLayer
100
AcDbCircle
 10
5.1499781185259437
 20
12.2935521847158711
 30
0.0
 40
0.0217483057198595
  0
CIRCLE
  5
252
100
AcDbEntity
  8
yd_heads
 62
256
370
35
 48
1.0
  6
ByLayer
100
AcDbCircle
 10
3.8999545270794371
 20
12.2854451254586579
 30
0.0
 40
0.0217483057198595
  0
CIRCLE
  5
253
100
AcDbEntity
  8
yd_heads
 62
256
370
35
 48
1.0
  6
ByLayer
100
AcDbCircle
 10
3.41015733313629
 20
12.2854451254586579
 30
0.0
 40
0.0217483057198595
  0
CIRCLE
  5
254
100
AcDbEntity
  8
yd_heads
 62
256
370
35
 48
1.0
  6
ByLayer
100
AcDbCircle
 10
2.8816072571567872
 20
12.292506528402491
 30
0.0
 40
0.0217483057198595
  0
CIRCLE
  5
255
100
AcDbEntity
  8
yd_heads
 62
256
370
35
 48
1.0
  6
ByLayer
100
AcDbCircle
 10
2.3982478550895934
 20
12.2897246083924117
 30
0.0
 40
0.0217483057198595
  0
CIRCLE
  5
256
100
AcDbEntity
  8
yd_heads
 62
256
370
35
 48
1.0
  6
ByLayer
100
AcDbCircle
 10
1.9499781185259337
 20
12.2935521847158711
 30
0.0
 40
0.0217483057198595
  0
CIRCLE
  5
257
100
AcDbEntity
  8
yd_heads
 62
256
370
35
 48
1.0
  6
ByLayer
100
AcDbCircle
 10
1.4834795664016198
 20
12.2849226751184517
 30
0.0
 40
0.0217483057198595
  0
CIRCLE
  5
258
100
AcDbEntity
  8
yd_heads
 62
256
370
35
 48
1.0
  6
ByLayer
100
AcDbCircle
 10
4.3105198220023837
 20
12.2854451254586579
 30
0.0
 40
0.0217483057198595
  0
CIRCLE
  5
259
100
AcDbEntity
  8
yd_heads
 62
256
370
35
 48
1.0
  6
ByLayer
100
AcDbCircle
 10
4.7499781185259451
 20
12.2935521847158711
 30
0.0
 40
0.0217483057198595
  0
CIRCLE
  5
25A
100
AcDbEntity
  8
yd_heads
 62
43
420
10850642
370
35
 48
1.0
  6
ByLayer
100
AcDbCircle
 10
0.4499781185259337
 20
7.4500555732761455
 30
0.0
 40
0.0217483057198595
  0
CIRCLE
  5
25B
100
AcDbEntity
  8
yd_heads
 62
43
420
10850642
370
35
 48
1.0
  6
ByLayer
100
AcDbCircle
 10
0.4893535900504631
 20
7.7977282493935789
 30
0.0
 40
0.0217483057198595
  0
CIRCLE
  5
25C
100
AcDbEntity
  8
yd_heads
 62
43
420
10850642
370
35
 48
1.0
  6
ByLayer
100
AcDbCircle
 10
0.4716942544999938
 20
8.1947346567200796
 30
0.0
 40
0.0217483057198595
  0
CIRCLE
  5
25D
100
AcDbEntity
  8
yd_heads
 62
43
420
10850642
370
35
 48
1.0
  6
ByLayer
100
AcDbCircle
 10
0.4499781185259337
 20
8.5935521847158753
 30
0.0
 40
0.0217483057198595
  0
CIRCLE
  5
25E
100
AcDbEntity
  8
yd_heads
 62
43
420
10850642
370
35
 48
1.0
  6
ByLayer
100
AcDbCircle
 10
0.4499781185259337
 20
8.993552184715881
 30
0.0
 40
0.0217483057198595
  0
CIRCLE
  5
25F
100
AcDbEntity
  8
yd_heads
 62
43
420
10850642
370
35
 48
1.0
  6
ByLayer
100
AcDbCircle
 10
0.4499781185259337
 20
9.3935521847158654
 30
0.0
 40
0.0217483057198595
  0
CIRCLE
  5
260
100
AcDbEntity
  8
yd_heads
 62
43
420
10850642
370
35
 48
1.0
  6
ByLayer
100
AcDbCircle
 10
0.4499781185259337
 20
9.7935521847158711
 30
0.0
 40
0.0217483057198595
  0
CIRCLE
  5
261
100
AcDbEntity
  8
yd_heads
 62
161
420
8364031
370
35
 48
1.0
  6
ByLayer
100
AcDbCircle
 10
8.3499781185259394
 20
7.993552184715881
 30
0.0
 40
0.0217483057198595
  0
CIRCLE
  5
262
100
AcDbEntity
  8
yd_heads
 62
94
420
32512
370
35
 48
1.0
  6
ByLayer
100
AcDbCircle
 10
8.8313167252653173
 20
8.3543279913805151
 30
0.0
 40
0.0217483057198595
  0
CIRCLE
  5
263
100
AcDbEntity
  8
yd_heads
 62
94
420
32512
370
35
 48
1.0
  6
ByLayer
100
AcDbCircle
 10
9.4190866967006741
 20
8.7519547438709182
 30
0.0
 40
0.0217483057198595
  0
CIRCLE
  5
264
100
AcDbEntity
  8
yd_heads
 62
43
420
10850642
370
35
 48
1.0
  6
ByLayer
100
AcDbCircle
 10
0.827469353136415
 20
12.3230368308811578
 30
0.0
 40
0.0217483057198595
  0
CIRCLE
  5
265
100
AcDbEntity
  8
yd_heads
 62
43
420
10850642
370
35
 48
1.0
  6
ByLayer
100
AcDbCircle
 10
1.123817198220209
 20
11.1125485386937086
 30
0.0
 40
0.0217483057198595
  0
CIRCLE
  5
266
100
AcDbEntity
  8
yd_heads
 62
30
420
16744192
370
35
 48
1.0
  6
ByLayer
100
AcDbCircle
 10
3.0979909905556369
 20
9.5576469690649759
 30
0.0
 40
0.0217483057198595
  0
CIRCLE
  5
267
100
AcDbEntity
  8
yd_heads
 62
30
420
16744192
370
35
 48
1.0
  6
ByLayer
100
AcDbCircle
 10
1.4841297821841266
 20
7.8581529706095665
 30
0.0
 40
0.0217483057198595
  0
CIRCLE
  5
268
100
AcDbEntity
  8
yd_heads
 62
161
420
8364031
370
35
 48
1.0
  6
ByLayer
100
AcDbCircle
 10
7.3687727090838351
 20
9.2837387188413558
 30
0.0
 40
0.0217483057198595
  0
CIRCLE
  5
269
100
AcDbEntity
  8
yd_heads
 62
211
420
16744447
370
35
 48
1.0
  6
ByLayer
100
AcDbCircle
 10
5.4505398368112594
 20
8.4618845709414501
 30
0.0
 40
0.0217483057198595
  0
CIRCLE
  5
26A
100
AcDbEntity
  8
yd_heads
 62
181
420
10452991
370
35
 48
1.0
  6
ByLayer
100
AcDbCircle
 10
2.81276206852651
 20
10.1501020783028011
 30
0.0
 40
0.0217483057198595
  0
CIRCLE
  5
26B
100
AcDbEntity
  8
yd_heads
 62
30
420
16744192
370
35
 48
1.0
  6
ByLayer
100
AcDbCircle
 10
1.8499781185259465
 20
8.7935521847158711
 30
0.0
 40
0.0217483057198595
  0
HATCH
  5
26C
100
AcDbEntity
  8
yd_heads
 62
14
420
8323072
370
35
 48
1.0
  6
Continuous
100
AcDbHatch
 10
0.0
 20
0.0
 30
0.0
210
0.0
220
0.0
230
1.0
  2
ANSI31
 70
0
 71
0
 91
1
 92
1
 93
4
 72
1
 10
4.1312685829913534
 20
10.7485083944855759
 11
4.244071545470959
 21
10.7895653151651985
 72
1
 10
4.244071545470959
 20
10.7895653151651985
 11
4.2058653436294478
 21
10.9091997627446915
 72
1
 10
4.2058653436294478
 20
10.9091997627446915
 11
4.0874843497229776
 21
10.8725183280131077
 72
1
 10
4.0874843497229776
 20
10.8725183280131077
 11
4.1312685829913534
 21
10.7485083944855759
 97
0
 75
0
 76
1
 52
120.0
 41
0.0393700787401575
 77
0
 78
1
 53
45.0
 43
0.0
 44
0.0
 45
-0.0883883476483184
 46
0.0883883476483185
 79
0
 98
0
1001
ACAD
1010
0.0
1020
0.0
1030
0
  0
HATCH
  5
26D
100
AcDbEntity
  8
yd_heads
 62
14
420
8323072
370
35
 48
1.0
  6
Continuous
100
AcDbHatch
 10
0.0
 20
0.0
 30
0.0
210
0.0
220
0.0
230
1.0
  2
ANSI31
 70
0
 71
0
 91
1
 92
1
 93
4
 72
1
 10
7.3699781185259496
 20
8.5535521847158762
 11
7.3599781185259445
 21
8.4435521847158768
 72
1
 10
7.3599781185259445
 20
8.4435521847158768
 11
7.5761113902853978
 21
8.4216993379469685
 72
1
 10
7.5761113902853978
 20
8.4216993379469685
 11
7.5844480799971237
 21
8.530076304199369
 72
1
 10
7.5844480799971237
 20
8.530076304199369
 11
7.3699781185259496
 21
8.5535521847158762
 97
0
 75
0
 76
1
 52
0.0
 41
0.0393700787401575
 77
0
 78
1
 53
45.0
 43
0.0
 44
0.0
 45
-0.0883883476483184
 46
0.0883883476483185
 79
0
 98
0
1001
ACAD
1010
0.0
1020
0.0
1030
0
  0
HATCH
  5
26E
100
AcDbEntity
  8
yd_heads
 62
1
420
16711680
370
35
 48
1.0
  6
Continuous
100
AcDbHatch
 10
0.0
 20
0.0
 30
0.0
210
0.0
220
0.0
230
1.0
  2
ANSI31
 70
0
 71
0
 91
1
 92
1
 93
4
 72
1
 10
6.469978118525944
 20
10.5235521847158751
 11
6.5388415372989499
 21
10.5482657934028978
 72
1
 10
6.5388415372989499
 20
10.5482657934028978
 11
6.4988415372989436
 21
10.6682657934028953
 72
1
 10
6.4988415372989436
 20
10.6682657934028953
 11
6.4261938852575682
 21
10.647562118243421
 72
1
 10
6.4261938852575682
 20
10.647562118243421
 11
6.469978118525944
 21
10.5235521847158751
 97
0
 75
0
 76
1
 52
120.0
 41
0.0393700787401575
 77
0
 78
1
 53
45.0
 43
0.0
 44
0.0
 45
-0.0883883476483184
 46
0.0883883476483185
 79
0
 98
0
1001
ACAD
1010
0.0
1020
0.0
1030
0
  0
LINE
  5
26F
100
AcDbEntity
  8
zProperty Fence
 62
94
420
32768
370
200
 48
1.0
  6
Continuous
100
AcDbLine
 10
0.3341861993078297
 20
12.5143196135637069
 30
0.0
 11
0.3341861993078297
 21
1.8560643094396951
 31
0.0
  0
LINE
  5
270
100
AcDbEntity
  8
zProperty Fence
 62
94
420
32768
370
200
 48
1.0
  6
Continuous
100
AcDbLine
 10
0.3341861993078297
 20
1.8560643094396951
 30
0.0
 11
1.2538336852456382
 21
0.5259670447399216
 31
0.0
  0
LINE
  5
271
100
AcDbEntity
  8
zProperty Fence
 62
94
420
32768
370
200
 48
1.0
  6
Continuous
100
AcDbLine
 10
1.2538336852456382
 20
0.5259670447399216
 30
0.0
 11
1.3247163575191294
 21
-0.0986610566643549
 31
0.0
  0
LINE
  5
272
100
AcDbEntity
  8
zProperty Fence
 62
94
420
32768
370
200
 48
1.0
  6
Continuous
100
AcDbLine
 10
1.3247163575191294
 20
-0.0986610566643549
 30
0.0
 11
24.3949825542609489
 21
-0.2000703424049846
 31
0.0
  0
LINE
  5
273
100
AcDbEntity
  8
zProperty Fence
 62
94
420
32768
370
200
 48
1.0
  6
Continuous
100
AcDbLine
 10
24.3949825542609489
 20
-0.2000703424049846
 30
0.0
 11
24.3697506146295169
 21
3.9601964654912081
 31
0.0
  0
LINE
  5
274
100
AcDbEntity
  8
zProperty Fence
 62
94
420
32768
370
200
 48
1.0
  6
Continuous
100
AcDbLine
 10
24.3697506146295169
 20
3.9601964654912081
 30
0.0
 11
23.0461105777064645
 21
5.0956389750667554
 31
0.0
  0
LINE
  5
275
100
AcDbEntity
  8
zProperty Fence
 62
94
420
32768
370
200
 48
1.0
  6
Continuous
100
AcDbLine
 10
23.0461105777064645
 20
5.0956389750667554
 30
0.0
 11
23.0578801080653548
 21
12.5164729397468903
 31
0.0
  0
LINE
  5
276
100
AcDbEntity
  8
zProperty Fence
 62
94
420
32768
370
200
 48
1.0
  6
Continuous
100
AcDbLine
 10
23.0578801080653548
 20
12.5164729397468903
 30
0.0
 11
0.3341861993078297
 21
12.5143196135637069
 31
0.0
  0
LINE
  5
277
100
AcDbEntity
  8
zBurn Pile
 62
212
420
11337901
370
70
 48
1.0
  6
ACAD_ISO02W100
100
AcDbLine
 10
10.8609430677357182
 20
9.180765246943416
 30
0.0
 11
11.3098495947964395
 21
7.9469936840737105
 31
0.0
  0
LINE
  5
278
100
AcDbEntity
  8
zBurn Pile
 62
212
420
11337901
370
70
 48
1.0
  6
ACAD_ISO02W100
100
AcDbLine
 10
11.3098495947964395
 20
7.9469936840737105
 30
0.0
 11
11.5576188043819883
 21
7.6269584550257008
 31
0.0
  0
LINE
  5
279
100
AcDbEntity
  8
zBurn Pile
 62
212
420
11337901
370
70
 48
1.0
  6
ACAD_ISO02W100
100
AcDbLine
 10
11.5576188043819883
 20
7.6269584550257008
 30
0.0
 11
11.9808912040906392
 21
7.6063110208935711
 31
0.0
  0
LINE
  5
27A
100
AcDbEntity
  8
zBurn Pile
 62
212
420
11337901
370
70
 48
1.0
  6
ACAD_ISO02W100
100
AcDbLine
 10
11.9808912040906392
 20
7.6063110208935711
 30
0.0
 11
12.414487320865355
 21
7.9056988158094512
 31
0.0
  0
LINE
  5
27B
100
AcDbEntity
  8
zBurn Pile
 62
212
420
11337901
370
70
 48
1.0
  6
ACAD_ISO02W100
100
AcDbLine
 10
12.414487320865355
 20
7.9056988158094512
 30
0.0
 11
12.5280482085920681
 21
8.5354455568393917
 31
0.0
  0
LINE
  5
27C
100
AcDbEntity
  8
zBurn Pile
 62
212
420
11337901
370
70
 48
1.0
  6
ACAD_ISO02W100
100
AcDbLine
 10
12.5280482085920681
 20
8.5354455568393917
 30
0.0
 11
12.4289055918851759
 21
8.8402004417715716
 31
0.0
  0
LINE
  5
27D
100
AcDbEntity
  8
zBurn Pile
 62
212
420
11337901
370
70
 48
1.0
  6
ACAD_ISO02W100
100
AcDbLine
 10
12.4289055918851759
 20
8.8402004417715716
 30
0.0
 11
12.1801138000148157
 21
9.3800542401082083
 31
0.0
  0
LINE
  5
27E
100
AcDbEntity
  8
zBurn Pile
 62
212
420
11337901
370
70
 48
1.0
  6
ACAD_ISO02W100
100
AcDbLine
 10
12.1801138000148157
 20
9.3800542401082083
 30
0.0
 11
12.0918132258813387
 21
9.6099010808956251
 31
0.0
  0
LINE
  5
27F
100
AcDbEntity
  8
zBurn Pile
 62
212
420
11337901
370
70
 48
1.0
  6
ACAD_ISO02W100
100
AcDbLine
 10
12.0918132258813387
 20
9.6099010808956251
 30
0.0
 11
10.8609430677357039
 21
9.1807652469434302
 31
0.0
  0
ARC
  5
280
100
AcDbEntity
  8
yd_cov_se
 62
20
420
16727808
370
35
 48
1.0
  6
ByLayer
100
AcDbCircle
 10
2.2299781185259491
 20
7.5235521847158751
 30
0.0
 40
0.4178909389383036
100
AcDbArc
 50
172.7493093526317125
 51
4.0447808972538581
  0
CIRCLE
  5
281
100
AcDbEntity
  8
yd_cov_se
 62
20
420
16727808
370
35
 48
1.0
  6
ByLayer
100
AcDbCircle
 10
1.8499781185259465
 20
8.7935521847158711
 30
0.0
 40
0.5
  0
CIRCLE
  5
282
100
AcDbEntity
  8
yd_cov_se
 62
20
420
16727808
370
35
 48
1.0
  6
ByLayer
100
AcDbCircle
 10
2.1892636561998486
 20
8.1636064896679059
 30
0.0
 40
0.4420492303916342
  0
ARC
  5
283
100
AcDbEntity
  8
yd_cov_se
 62
20
420
16727808
370
35
 48
1.0
  6
ByLayer
100
AcDbCircle
 10
1.4841297821841266
 20
7.8581529706095665
 30
0.0
 40
0.4420492303916342
100
AcDbArc
 50
341.3164705409408839
 51
200.7633207090956091
  0
ARC
  5
284
100
AcDbEntity
  8
yd_cov_se
 62
20
420
16727808
370
35
 48
1.0
  6
ByLayer
100
AcDbCircle
 10
2.6857585534309294
 20
8.6304139276126506
 30
0.0
 40
0.4567665969778553
100
AcDbArc
 50
88.4111771613495279
 51
302.8230024806725282
  0
ARC
  5
285
100
AcDbEntity
  8
yd_cov_se
 62
20
420
16727808
370
35
 48
1.0
  6
ByLayer
100
AcDbCircle
 10
3.1499081556207571
 20
8.4433425955336148
 30
0.0
 40
0.4068384605653165
100
AcDbArc
 50
102.2626206296926199
 51
289.7148367546503778
  0
ARC
  5
286
100
AcDbEntity
  8
yd_cov_se
 62
20
420
16727808
370
35
 48
1.0
  6
ByLayer
100
AcDbCircle
 10
2.969978118525944
 20
9.0535521847158762
 30
0.0
 40
0.3985179382888746
100
AcDbArc
 50
105.4466374133064051
 51
287.0851299502588176
  0
ARC
  5
287
100
AcDbEntity
  8
yd_cov_se
 62
20
420
16727808
370
35
 48
1.0
  6
ByLayer
100
AcDbCircle
 10
2.5660863314769031
 20
9.3335489706659374
 30
0.0
 40
0.5523383437269838
100
AcDbArc
 50
86.8794088134752656
 51
292.5248437459151205
  0
ARC
  5
288
100
AcDbEntity
  8
yd_cov_se
 62
20
420
16727808
370
35
 48
1.0
  6
ByLayer
100
AcDbCircle
 10
2.870603403589584
 20
10.0332435068605363
 30
0.0
 40
0.2696795176305128
100
AcDbArc
 50
79.5044359901935991
 51
310.6001747815666931
  0
CIRCLE
  5
289
100
AcDbEntity
  8
yd_cov_patio
 62
52
420
10855680
370
35
 48
1.0
  6
ByLayer
100
AcDbCircle
 10
2.8191461696377687
 20
7.8881681841325815
 30
0.0
 40
0.414887992430213
  0
CIRCLE
  5
28A
100
AcDbEntity
  8
yd_cov_south
 62
181
420
10452991
370
35
 48
1.0
  6
ByLayer
100
AcDbCircle
 10
2.1904315162222687
 20
9.6862353240389751
 30
0.0
 40
0.5662378537978798
  0
CIRCLE
  5
28B
100
AcDbEntity
  8
yd_cov_south
 62
181
420
10452991
370
35
 48
1.0
  6
ByLayer
100
AcDbCircle
 10
1.4282495068257646
 20
8.4764418957415657
 30
0.0
 40
0.3485363864679957
  0
CIRCLE
  5
28C
100
AcDbEntity
  8
yd_cov_south
 62
181
420
10452991
370
35
 48
1.0
  6
ByLayer
100
AcDbCircle
 10
1.3499781185259465
 20
9.0935521847158753
 30
0.0
 40
0.4087317487594266
  0
CIRCLE
  5
28D
100
AcDbEntity
  8
yd_cov_south
 62
181
420
10452991
370
35
 48
1.0
  6
ByLayer
100
AcDbCircle
 10
1.4715611208765793
 20
9.854330818498326
 30
0.0
 40
0.5611938186557226
  0
CIRCLE
  5
28E
100
AcDbEntity
  8
yd_cov_south
 62
181
420
10452991
370
35
 48
1.0
  6
ByLayer
100
AcDbCircle
 10
0.9785092832699647
 20
9.9060583108216491
 30
0.0
 40
0.4594612735936284
  0
CIRCLE
  5
28F
100
AcDbEntity
  8
yd_cov_south
 62
181
420
10452991
370
35
 48
1.0
  6
ByLayer
100
AcDbCircle
 10
0.8817761615464335
 20
9.0802071958371258
 30
0.0
 40
0.4213156614730104
  0
CIRCLE
  5
290
100
AcDbEntity
  8
yd_cov_se
 62
20
420
16727808
370
35
 48
1.0
  6
ByLayer
100
AcDbCircle
 10
0.9048254412613943
 20
8.2619577659556285
 30
0.0
 40
0.4295516528501243
  0
ARC
  5
291
100
AcDbEntity
  8
yd_cov_south_fence
 62
43
420
10850642
370
35
 48
1.0
  6
ByLayer
100
AcDbCircle
 10
0.4499781185259337
 20
7.4500555732761455
 30
0.0
 40
0.2011789969198715
100
AcDbArc
 50
256.9730463487302927
 51
101.1752444739830992
  0
CIRCLE
  5
292
100
AcDbEntity
  8
yd_cov_south_fence
 62
43
420
10850642
370
35
 48
1.0
  6
ByLayer
100
AcDbCircle
 10
0.4499781185259337
 20
9.7935521847158711
 30
0.0
 40
0.2
  0
CIRCLE
  5
293
100
AcDbEntity
  8
yd_cov_south_fence
 62
43
420
10850642
370
35
 48
1.0
  6
ByLayer
100
AcDbCircle
 10
0.4499781185259337
 20
9.3935521847158654
 30
0.0
 40
0.2
  0
CIRCLE
  5
294
100
AcDbEntity
  8
yd_cov_south_fence
 62
43
420
10850642
370
35
 48
1.0
  6
ByLayer
100
AcDbCircle
 10
0.4499781185259337
 20
8.993552184715881
 30
0.0
 40
0.2
  0
CIRCLE
  5
295
100
AcDbEntity
  8
yd_cov_south_fence
 62
43
420
10850642
370
35
 48
1.0
  6
ByLayer
100
AcDbCircle
 10
0.4499781185259337
 20
8.5935521847158753
 30
0.0
 40
0.2
  0
CIRCLE
  5
296
100
AcDbEntity
  8
yd_cov_south_fence
 62
43
420
10850642
370
35
 48
1.0
  6
ByLayer
100
AcDbCircle
 10
0.4716942544999938
 20
8.1947346567200796
 30
0.0
 40
0.2
  0
CIRCLE
  5
297
100
AcDbEntity
  8
yd_cov_south_fence
 62
43
420
10850642
370
35
 48
1.0
  6
ByLayer
100
AcDbCircle
 10
0.4893535900504631
 20
7.7977282493935789
 30
0.0
 40
0.2
  0
ARC
  5
298
100
AcDbEntity
  8
yd_cov_south_fence
 62
43
420
10850642
370
35
 48
1.0
  6
ByLayer
100
AcDbCircle
 10
0.5336480461702138
 20
10.5289184707114885
 30
0.0
 40
0.3294695576242752
100
AcDbArc
 50
255.449471935707578
 51
102.2578168489250032
  0
CIRCLE
  5
299
100
AcDbEntity
  8
yd_cov_south_fence
 62
43
420
10850642
370
35
 48
1.0
  6
ByLayer
100
AcDbCircle
 10
0.8446297599959749
 20
10.4618913722352147
 30
0.0
 40
0.3333753826787166
  0
CIRCLE
  5
29A
100
AcDbEntity
  8
yd_cov_south_fence
 62
43
420
10850642
370
35
 48
1.0
  6
ByLayer
100
AcDbCircle
 10
1.2283848530536474
 20
10.3996537471544457
 30
0.0
 40
0.3216511424840984
  0
ARC
  5
29B
100
AcDbEntity
  8
yd_cov_south_fence
 62
43
420
10850642
370
35
 48
1.0
  6
ByLayer
100
AcDbCircle
 10
1.4899781185259471
 20
10.6635521847158756
 30
0.0
 40
0.3483057452439741
100
AcDbArc
 50
102.3428496723455083
 51
299.743436235845877
  0
ARC
  5
29C
100
AcDbEntity
  8
yd_cov_south_fence
 62
43
420
10850642
370
35
 48
1.0
  6
ByLayer
100
AcDbCircle
 10
1.123817198220209
 20
11.1125485386937086
 30
0.0
 40
0.348418286469042
100
AcDbArc
 50
143.7069173420146058
 51
339.9560382750124745
  0
ARC
  5
29D
100
AcDbEntity
  8
yd_cov_south_fence
 62
43
420
10850642
370
35
 48
1.0
  6
ByLayer
100
AcDbCircle
 10
0.6366933027779353
 20
11.2284007367209568
 30
0.0
 40
0.3675549360787039
100
AcDbArc
 50
247.603045247209252
 51
355.7121989951195928
  0
ARC
  5
29E
100
AcDbEntity
  8
yd_cov_west
 62
160
420
1135856
370
35
 48
1.0
  6
ByLayer
100
AcDbCircle
 10
2.8116342175025366
 20
11.4330793110617108
 30
0.0
 40
0.3454128523356735
100
AcDbArc
 50
206.3283541951738869
 51
36.1567959798765628
  0
CIRCLE
  5
29F
100
AcDbEntity
  8
yd_cov_west
 62
160
420
1135856
370
35
 48
1.0
  6
ByLayer
100
AcDbCircle
 10
3.3154688452145464
 20
11.1083743362860758
 30
0.0
 40
0.3140010549579327
  0
CIRCLE
  5
2A0
100
AcDbEntity
  8
yd_cov_west
 62
160
420
1135856
370
35
 48
1.0
  6
ByLayer
100
AcDbCircle
 10
3.4531979259916241
 20
10.7378833178326047
 30
0.0
 40
0.2799036441063912
  0
ARC
  5
2A1
100
AcDbEntity
  8
yd_cov_west
 62
160
420
1135856
370
35
 48
1.0
  6
ByLayer
100
AcDbCircle
 10
4.767656480711608
 20
11.5489837656673799
 30
0.0
 40
0.285232348166072
100
AcDbArc
 50
162.7506545405890108
 51
17.1435552728358189
  0
ARC
  5
2A2
100
AcDbEntity
  8
yd_cov_west
 62
160
420
1135856
370
35
 48
1.0
  6
ByLayer
100
AcDbCircle
 10
4.3692879310204091
 20
11.5413947556238554
 30
0.0
 40
0.285232348166072
100
AcDbArc
 50
162.7506545405890108
 51
17.1435552728358189
  0
ARC
  5
2A3
100
AcDbEntity
  8
yd_cov_west
 62
160
420
1135856
370
35
 48
1.0
  6
ByLayer
100
AcDbCircle
 10
3.9364008430190367
 20
11.5067944363375858
 30
0.0
 40
0.347998403713741
100
AcDbArc
 50
162.7506545405890108
 51
17.1435552728358189
  0
ARC
  5
2A4
100
AcDbEntity
  8
yd_cov_west
 62
160
420
1135856
370
35
 48
1.0
  6
ByLayer
100
AcDbCircle
 10
3.5567244462111631
 20
11.4471411626177257
 30
0.0
 40
0.3196160523549592
100
AcDbArc
 50
148.4347667494243979
 51
31.4594430640018707
  0
ARC
  5
2A5
100
AcDbEntity
  8
yd_cov_west
 62
160
420
1135856
370
35
 48
1.0
  6
ByLayer
100
AcDbCircle
 10
3.1217456664475449
 20
11.5471570755526116
 30
0.0
 40
0.3547301653003565
100
AcDbArc
 50
162.7506545405890108
 51
17.1435552728358189
  0
ARC
  5
2A6
100
AcDbEntity
  8
yd_cov_west
 62
160
420
1135856
370
35
 48
1.0
  6
ByLayer
100
AcDbCircle
 10
4.2043100288990587
 20
11.0427015999325349
 30
0.0
 40
0.2924438096726617
100
AcDbArc
 50
6.4359783847867291
 51
199.3715576807013861
  0
ARC
  5
2A7
100
AcDbEntity
  8
yd_cov_west
 62
160
420
1135856
370
35
 48
1.0
  6
ByLayer
100
AcDbCircle
 10
4.6996331995194893
 20
11.1463332947749905
 30
0.0
 40
0.2924438096726617
100
AcDbArc
 50
6.4359783847867291
 51
199.3715576807013861
  0
ARC
  5
2A8
100
AcDbEntity
  8
yd_cov_west
 62
160
420
1135856
370
35
 48
1.0
  6
ByLayer
100
AcDbCircle
 10
3.9235488453853335
 20
10.8650560051642984
 30
0.0
 40
0.3567283960884431
100
AcDbArc
 50
6.2493511828071258
 51
221.8074334731124964
  0
ARC
  5
2A9
100
AcDbEntity
  8
yd_cov_west
 62
160
420
1135856
370
35
 48
1.0
  6
ByLayer
100
AcDbCircle
 10
3.9338269595502595
 20
10.5079675607969847
 30
0.0
 40
0.2830581203398067
100
AcDbArc
 50
103.0444269743328931
 51
190.8522492190435003
  0
CIRCLE
  5
2AA
100
AcDbEntity
  8
yd_cov_west
 62
160
420
1135856
370
35
 48
1.0
  6
ByLayer
100
AcDbCircle
 10
2.9615648306626099
 20
10.721598345978208
 30
0.0
 40
0.3421288752131312
  0
ARC
  5
2AB
100
AcDbEntity
  8
yd_cov_west
 62
160
420
1135856
370
35
 48
1.0
  6
ByLayer
100
AcDbCircle
 10
2.6673227142891847
 20
10.8652634961082484
 30
0.0
 40
0.4321095434844255
100
AcDbArc
 50
320.0927665312024146
 51
120.6506679570536988
  0
CIRCLE
  5
2AC
100
AcDbEntity
  8
yd_cov_patio
 62
52
420
10855680
370
35
 48
1.0
  6
ByLayer
100
AcDbCircle
 10
3.0472225906543642
 20
7.3394055612155285
 30
0.0
 40
0.4174795544437938
  0
ARC
  5
2AD
100
AcDbEntity
  8
yd_cov_patio
 62
52
420
10855680
370
35
 48
1.0
  6
ByLayer
100
AcDbCircle
 10
3.7957223782966096
 20
7.8649069132220149
 30
0.0
 40
0.6295273995956935
100
AcDbArc
 50
192.0835675694071654
 51
283.6902153318251862
  0
ARC
  5
2AE
100
AcDbEntity
  8
yd_cov_patio
 62
52
420
10855680
370
35
 48
1.0
  6
ByLayer
100
AcDbCircle
 10
4.1802925110812694
 20
7.7576950981621451
 30
0.0
 40
0.6319130403864781
100
AcDbArc
 50
286.4877883365758748
 51
0.0
  0
ARC
  5
2AF
100
AcDbEntity
  8
yd_cov_patio
 62
52
420
10855680
370
35
 48
1.0
  6
ByLayer
100
AcDbCircle
 10
5.1311729167714333
 20
8.5437463411340175
 30
0.0
 40
0.2972791039247551
100
AcDbArc
 50
225.4136840381079026
 51
294.9922119619793079
  0
ARC
  5
2B0
100
AcDbEntity
  8
yd_cov_patio
 62
52
420
10855680
370
35
 48
1.0
  6
ByLayer
100
AcDbCircle
 10
5.0119065289980114
 20
7.9462609484366951
 30
0.0
 40
0.635574053484082
100
AcDbArc
 50
181.1990818156658634
 51
316.2828717417689859
  0
ARC
  5
2B1
100
AcDbEntity
  8
yd_cov_patio
 62
52
420
10855680
370
35
 48
1.0
  6
ByLayer
100
AcDbCircle
 10
5.597842773180254
 20
7.3269186766360264
 30
0.0
 40
0.4604919885562877
100
AcDbArc
 50
108.6472520010558043
 51
346.4638158884224026
  0
CIRCLE
  5
2B2
100
AcDbEntity
  8
yd_cov_pool_east
 62
230
420
16711807
370
35
 48
1.0
  6
ByLayer
100
AcDbCircle
 10
3.7253924120117574
 20
6.8413513382195887
 30
0.0
 40
0.5483505899916506
  0
CIRCLE
  5
2B3
100
AcDbEntity
  8
yd_cov_pool_east
 62
230
420
16711807
370
35
 48
1.0
  6
ByLayer
100
AcDbCircle
 10
2.9397755777028394
 20
6.8299948786409956
 30
0.0
 40
0.2617897848057155
  0
CIRCLE
  5
2B4
100
AcDbEntity
  8
yd_cov_pool_east
 62
230
420
16711807
370
35
 48
1.0
  6
ByLayer
100
AcDbCircle
 10
2.4410088004731847
 20
6.8542964876547998
 30
0.0
 40
0.5206756946568291
  0
CIRCLE
  5
2B5
100
AcDbEntity
  8
yd_cov_pool_east
 62
230
420
16711807
370
35
 48
1.0
  6
ByLayer
100
AcDbCircle
 10
4.4199781185259468
 20
6.9853004904357405
 30
0.0
 40
0.5130494954082171
  0
CIRCLE
  5
2B6
100
AcDbEntity
  8
yd_cov_pool_east
 62
230
420
16711807
370
35
 48
1.0
  6
ByLayer
100
AcDbCircle
 10
5.0777350176909195
 20
7.0953878734140901
 30
0.0
 40
0.4989369965296584
  0
ARC
  5
2B7
100
AcDbEntity
  8
yd_cov_pool_east
 62
230
420
16711807
370
35
 48
1.0
  6
ByLayer
100
AcDbCircle
 10
6.2781692600670596
 20
7.499850404610882
 30
0.0
 40
0.3650459071718214
100
AcDbArc
 50
169.4026379396255209
 51
1.3342345330643908
  0
ARC
  5
2B8
100
AcDbEntity
  8
yd_cov_pool_east
 62
230
420
16711807
370
35
 48
1.0
  6
ByLayer
100
AcDbCircle
 10
6.7999533452562844
 20
7.4909428975622987
 30
0.0
 40
0.5430129699337372
100
AcDbArc
 50
174.0311139578535915
 51
356.5517399108812242
  0
ARC
  5
2B9
100
AcDbEntity
  8
yd_cov_pool_east
 62
230
420
16711807
370
35
 48
1.0
  6
ByLayer
100
AcDbCircle
 10
7.4816180605370164
 20
7.4583688607109693
 30
0.0
 40
0.4446727457566128
100
AcDbArc
 50
176.0365599729834685
 51
352.0323978283848874
  0
ARC
  5
2BA
100
AcDbEntity
  8
yd_cov_blockwall
 62
161
420
8364031
370
35
 48
1.0
  6
ByLayer
100
AcDbCircle
 10
3.0499781185259494
 20
6.1935521847158768
 30
0.0
 40
0.405965405205031
100
AcDbArc
 50
6.4102067865156211
 51
194.0362434679265391
  0
ARC
  5
2BB
100
AcDbEntity
  8
yd_cov_blockwall
 62
161
420
8364031
370
35
 48
1.0
  6
ByLayer
100
AcDbCircle
 10
2.6243552233074965
 20
5.9481274429098292
 30
0.0
 40
0.5686253852968208
100
AcDbArc
 50
194.7514542777212796
 51
10.775144674315662
  0
ARC
  5
2BC
100
AcDbEntity
  8
yd_cov_blockwall
 62
161
420
8364031
370
35
 48
1.0
  6
ByLayer
100
AcDbCircle
 10
1.7114990974943183
 20
5.7894197648230872
 30
0.0
 40
0.5055987854480137
100
AcDbArc
 50
254.3023787949327357
 51
105.1901841003179072
  0
CIRCLE
  5
2BD
100
AcDbEntity
  8
yd_cov_blockwall
 62
161
420
8364031
370
35
 48
1.0
  6
ByLayer
100
AcDbCircle
 10
6.3299781185259434
 20
6.743552184715881
 30
0.0
 40
0.4699999999999918
  0
CIRCLE
  5
2BE
100
AcDbEntity
  8
yd_cov_blockwall
 62
161
420
8364031
370
35
 48
1.0
  6
ByLayer
100
AcDbCircle
 10
4.0499781185259423
 20
6.1935521847158768
 30
0.0
 40
0.8246211251235369
  0
CIRCLE
  5
2BF
100
AcDbEntity
  8
yd_cov_blockwall
 62
161
420
8364031
370
35
 48
1.0
  6
ByLayer
100
AcDbCircle
 10
7.001308792080394
 20
6.8473817037402895
 30
0.0
 40
0.4213638279251053
  0
CIRCLE
  5
2C0
100
AcDbEntity
  8
yd_cov_blockwall
 62
161
420
8364031
370
35
 48
1.0
  6
ByLayer
100
AcDbCircle
 10
7.8040346956098787
 20
7.1072742957367012
 30
0.0
 40
0.5536114082949255
  0
CIRCLE
  5
2C1
100
AcDbEntity
  8
yd_cov_blockwall
 62
161
420
8364031
370
35
 48
1.0
  6
ByLayer
100
AcDbCircle
 10
8.7421268515799042
 20
7.0983160822999949
 30
0.0
 40
0.3183903614654759
  0
CIRCLE
  5
2C2
100
AcDbEntity
  8
yd_cov_blockwall
 62
161
420
8364031
370
35
 48
1.0
  6
ByLayer
100
AcDbCircle
 10
8.3499781185259394
 20
7.993552184715881
 30
0.0
 40
0.5279653827938379
  0
ARC
  5
2C3
100
AcDbEntity
  8
yd_cov_north
 62
211
420
16744447
370
35
 48
1.0
  6
ByLayer
100
AcDbCircle
 10
5.0154692954410933
 20
11.1012806417103747
 30
0.0
 40
0.455679180011506
100
AcDbArc
 50
297.3035534158875066
 51
193.3444209222896859
  0
ARC
  5
2C4
100
AcDbEntity
  8
yd_cov_north
 62
211
420
16744447
370
35
 48
1.0
  6
ByLayer
100
AcDbCircle
 10
5.3810699709775776
 20
10.2175279945772104
 30
0.0
 40
0.669337694527278
100
AcDbArc
 50
289.717832405490185
 51
102.8982853737997942
  0
CIRCLE
  5
2C5
100
AcDbEntity
  8
yd_cov_north
 62
211
420
16744447
370
35
 48
1.0
  6
ByLayer
100
AcDbCircle
 10
5.8499781185259465
 20
10.6935521847158768
 30
0.0
 40
0.5780481779611905
  0
ARC
  5
2C6
100
AcDbEntity
  8
yd_cov_north
 62
211
420
16744447
370
35
 48
1.0
  6
ByLayer
100
AcDbCircle
 10
5.7822161305160691
 20
8.6036803851454309
 30
0.0
 40
0.1365636851771839
100
AcDbArc
 50
73.787493817426224
 51
238.9797816308881977
  0
ARC
  5
2C7
100
AcDbEntity
  8
yd_cov_north
 62
211
420
16744447
370
35
 48
1.0
  6
ByLayer
100
AcDbCircle
 10
5.6412037104571695
 20
11.5532767342280351
 30
0.0
 40
0.4403628759775516
100
AcDbArc
 50
174.8181440726401092
 51
5.1818559273599041
  0
ARC
  5
2C8
100
AcDbEntity
  8
yd_cov_well
 62
161
420
8364031
370
35
 48
1.0
  6
ByLayer
100
AcDbCircle
 10
6.3974772888764093
 20
11.527870094523621
 30
0.0
 40
0.3837109771390776
100
AcDbArc
 50
170.2200423389132879
 51
10.5549781289968205
  0
ARC
  5
2C9
100
AcDbEntity
  8
yd_cov_north
 62
211
420
16744447
370
35
 48
1.0
  6
ByLayer
100
AcDbCircle
 10
6.0129733081536045
 20
9.4913866812325196
 30
0.0
 40
0.6450583611572346
100
AcDbArc
 50
250.9822455970331703
 51
142.2905483410787895
  0
ARC
  5
2CA
100
AcDbEntity
  8
yd_cov_north
 62
211
420
16744447
370
35
 48
1.0
  6
ByLayer
100
AcDbCircle
 10
5.8051801278960937
 20
8.8297162199076382
 30
0.0
 40
0.3986414385074567
100
AcDbArc
 50
302.5299815072020806
 51
108.5032130231932967
  0
ARC
  5
2CB
100
AcDbEntity
  8
yd_cov_pool_west
 62
32
420
12934912
370
35
 48
1.0
  6
ByLayer
100
AcDbCircle
 10
6.1463603781342258
 20
8.80607864547963
 30
0.0
 40
0.2540878142226499
100
AcDbArc
 50
239.4664298867261039
 51
122.7472863044178979
  0
ARC
  5
2CC
100
AcDbEntity
  8
yd_cov_pool_west
 62
32
420
12934912
370
35
 48
1.0
  6
ByLayer
100
AcDbCircle
 10
6.6086824033145675
 20
8.447759778087466
 30
0.0
 40
0.4357041357987768
100
AcDbArc
 50
357.9668810697572212
 51
173.3675765091241772
  0
ARC
  5
2CD
100
AcDbEntity
  8
yd_cov_pool_west
 62
32
420
12934912
370
35
 48
1.0
  6
ByLayer
100
AcDbCircle
 10
7.1563566024319343
 20
8.4107078238131407
 30
0.0
 40
0.4125115918183082
100
AcDbArc
 50
0.0
 51
172.9839972129148862
  0
ARC
  5
2CE
100
AcDbEntity
  8
yd_cov_pool_west
 62
32
420
12934912
370
35
 48
1.0
  6
ByLayer
100
AcDbCircle
 10
7.6138195144883269
 20
8.4079263212601631
 30
0.0
 40
0.2714974919664049
100
AcDbArc
 50
338.9065683083015301
 51
177.2180775024523882
  0
CIRCLE
  5
2CF
100
AcDbEntity
  8
yd_cov_well
 62
161
420
8364031
370
35
 48
1.0
  6
ByLayer
100
AcDbCircle
 10
7.3687727090838351
 20
9.2837387188413558
 30
0.0
 40
0.5101597853822047
  0
CIRCLE
  5
2D0
100
AcDbEntity
  8
yd_cov_garage_south
 62
211
420
16744447
370
35
 48
1.0
  6
ByLayer
100
AcDbCircle
 10
7.9970367017951673
 20
9.228245755609656
 30
0.0
 40
0.4135824803097491
  0
ARC
  5
2D1
100
AcDbEntity
  8
yd_cov_garage_south
 62
211
420
16744447
370
35
 48
1.0
  6
ByLayer
100
AcDbCircle
 10
7.6670345340099075
 20
8.3830626998751114
 30
0.0
 40
0.4096868331015526
100
AcDbArc
 50
275.8384826224838662
 51
70.4389767040064783
  0
CIRCLE
  5
2D2
100
AcDbEntity
  8
yd_cov_garage_east
 62
94
420
32512
370
35
 48
1.0
  6
ByLayer
100
AcDbCircle
 10
8.2113302618902466
 20
8.8887129714723798
 30
0.0
 40
0.4668955324699439
  0
ARC
  5
2D3
100
AcDbEntity
  8
yd_cov_garage_east
 62
94
420
32512
370
35
 48
1.0
  6
ByLayer
100
AcDbCircle
 10
8.526567701878399
 20
9.3503968716368249
 30
0.0
 40
0.4898089603861825
100
AcDbArc
 50
165.5351833524418055
 51
20.6151311557564014
  0
CIRCLE
  5
2D4
100
AcDbEntity
  8
yd_cov_garage_south
 62
211
420
16744447
370
35
 48
1.0
  6
ByLayer
100
AcDbCircle
 10
7.6054019560861335
 20
9.6805796299058855
 30
0.0
 40
0.3623355411916655
  0
ARC
  5
2D5
100
AcDbEntity
  8
yd_cov_well
 62
161
420
8364031
370
35
 48
1.0
  6
ByLayer
100
AcDbCircle
 10
6.6801776527451793
 20
10.2963618642137149
 30
0.0
 40
0.2156201058187973
100
AcDbArc
 50
114.5804815426512846
 51
353.7951267081916171
  0
ARC
  5
2D6
100
AcDbEntity
  8
yd_cov_garage_south
 62
211
420
16744447
370
35
 48
1.0
  6
ByLayer
100
AcDbCircle
 10
7.9922697103021747
 20
10.090572249823559
 30
0.0
 40
0.3986243612149716
100
AcDbArc
 50
103.6343205187518066
 51
288.8844551995608754
  0
CIRCLE
  5
2D7
100
AcDbEntity
  8
yd_cov_well
 62
161
420
8364031
370
35
 48
1.0
  6
ByLayer
100
AcDbCircle
 10
6.7499781185259451
 20
9.2935521847158711
 30
0.0
 40
0.565505913656099
  0
ARC
  5
2D8
100
AcDbEntity
  8
yd_cov_well
 62
161
420
8364031
370
35
 48
1.0
  6
ByLayer
100
AcDbCircle
 10
6.752206651854479
 20
10.0226516675984314
 30
0.0
 40
0.3169790274819671
100
AcDbArc
 50
125.1326552373797938
 51
35.9991151780166732
  0
ARC
  5
2D9
100
AcDbEntity
  8
yd_cov_well
 62
161
420
8364031
370
35
 48
1.0
  6
ByLayer
100
AcDbCircle
 10
7.0967168590960341
 20
10.0462948378674213
 30
0.0
 40
0.3693907078340179
100
AcDbArc
 50
192.5229467632431692
 51
36.9190511639524175
  0
ARC
  5
2DA
100
AcDbEntity
  8
yd_cov_well
 62
161
420
8364031
370
35
 48
1.0
  6
ByLayer
100
AcDbCircle
 10
6.4218974231108987
 20
10.4921205400046773
 30
0.0
 40
0.5602869524406835
100
AcDbArc
 50
104.3460455227831005
 51
301.5812874326717861
  0
ARC
  5
2DB
100
AcDbEntity
  8
yd_cov_garage_east
 62
94
420
32512
370
35
 48
1.0
  6
ByLayer
100
AcDbCircle
 10
9.0802353142423371
 20
9.5397757256640503
 30
0.0
 40
0.4552291979816192
100
AcDbArc
 50
196.0459958688525148
 51
22.2451040453308693
  0
ARC
  5
2DC
100
AcDbEntity
  8
yd_cov_pool_west
 62
32
420
12934912
370
35
 48
1.0
  6
ByLayer
100
AcDbCircle
 10
9.2723557437688555
 20
9.7000327951468108
 30
0.0
 40
0.1883555670896023
100
AcDbArc
 50
288.0822874111427723
 51
112.6417730544554985
  0
ARC
  5
2DD
100
AcDbEntity
  8
yd_cov_pool_west
 62
32
420
12934912
370
35
 48
1.0
  6
ByLayer
100
AcDbCircle
 10
9.2787429817490832
 20
9.9204331675793185
 30
0.0
 40
0.1653218826764363
100
AcDbArc
 50
263.1359704944749183
 51
48.0081503596672405
  0
ARC
  5
2DE
100
AcDbEntity
  8
yd_cov_pool_west
 62
32
420
12934912
370
35
 48
1.0
  6
ByLayer
100
AcDbCircle
 10
9.5240036194425599
 20
10.0337314119756584
 30
0.0
 40
0.1644641828641525
100
AcDbArc
 50
183.5640011665107636
 51
309.494512442576422
  0
ARC
  5
2DF
100
AcDbEntity
  8
yd_cov_pool_west
 62
32
420
12934912
370
35
 48
1.0
  6
ByLayer
100
AcDbCircle
 10
9.6686463301854531
 20
9.7669816069810551
 30
0.0
 40
0.3515742350633269
100
AcDbArc
 50
106.468503386473003
 51
291.1235894690814803
  0
ARC
  5
2E0
100
AcDbEntity
  8
yd_cov_garage_east
 62
94
420
32512
370
35
 48
1.0
  6
ByLayer
100
AcDbCircle
 10
9.8959401342057447
 20
9.1514786121154401
 30
0.0
 40
0.4814930281992796
100
AcDbArc
 50
112.6753447048536145
 51
219.7191986938715615
  0
ARC
  5
2E1
100
AcDbEntity
  8
yd_cov_garage_east
 62
94
420
32512
370
35
 48
1.0
  6
ByLayer
100
AcDbCircle
 10
9.4190866967006741
 20
8.7519547438709182
 30
0.0
 40
0.4969326941553457
100
AcDbArc
 50
35.663994041567797
 51
213.9348678168630897
  0
ARC
  5
2E2
100
AcDbEntity
  8
yd_cov_garage_east
 62
94
420
32512
370
35
 48
1.0
  6
ByLayer
100
AcDbCircle
 10
8.8313167252653173
 20
8.3543279913805151
 30
0.0
 40
0.6394965339575022
100
AcDbArc
 50
32.6461201507168823
 51
217.0635434566893593
  0
ARC
  5
2E3
100
AcDbEntity
  8
yd_cov_garage_south
 62
211
420
16744447
370
35
 48
1.0
  6
ByLayer
100
AcDbCircle
 10
7.749484033507315
 20
10.4023584924501051
 30
0.0
 40
0.5088065476290135
100
AcDbArc
 50
195.9869847279522617
 51
308.2315569059409199
  0
ELLIPSE
  5
2E4
100
AcDbEntity
  8
yd_cov_south_fence
 62
43
420
10850642
370
35
 48
1.0
  6
ByLayer
100
AcDbEllipse
 10
0.827469353136415
 20
12.3230368308811578
 30
0.0
 11
0.2929537008124612
 21
-0.0046828803899501
 31
0.0
 40
0.6196048726968261
 41
0.0
 42
6.2831853071795862
  0
ELLIPSE
  5
2E5
100
AcDbEntity
  8
yd_cov_south_fence
 62
43
420
10850642
370
35
 48
1.0
  6
ByLayer
100
AcDbEllipse
 10
0.4483234969223773
 20
12.331558858372766
 30
0.0
 11
0.2929537008124612
 21
-0.0046828803899501
 31
0.0
 40
0.6196048726968261
 41
0.0
 42
6.2831853071795862
  0
ELLIPSE
  5
2E6
100
AcDbEntity
  8
yd_cov_west_fence
 62
20
420
16728579
370
35
 48
1.0
  6
ByLayer
100
AcDbEllipse
 10
1.0499814522061968
 20
12.2935540056930108
 30
0.0
 11
0.2929537008124612
 21
-0.0046828803899501
 31
0.0
 40
0.6196048726968261
 41
0.0
 42
6.2831853071795862
  0
ELLIPSE
  5
2E7
100
AcDbEntity
  8
yd_cov_west_fence
 62
20
420
16728579
370
35
 48
1.0
  6
ByLayer
100
AcDbEllipse
 10
1.4834829000818743
 20
12.2849244960955915
 30
0.0
 11
0.2929537008124612
 21
-0.0046828803899501
 31
0.0
 40
0.6196048726968261
 41
0.0
 42
6.2831853071795862
  0
ELLIPSE
  5
2E8
100
AcDbEntity
  8
yd_cov_west_fence
 62
20
420
16728579
370
35
 48
1.0
  6
ByLayer
100
AcDbEllipse
 10
1.9499814522061953
 20
12.2935540056930108
 30
0.0
 11
0.2929537008124612
 21
-0.0046828803899501
 31
0.0
 40
0.6196048726968261
 41
0.0
 42
6.2831853071795862
  0
ELLIPSE
  5
2E9
100
AcDbEntity
  8
yd_cov_west_fence
 62
20
420
16728579
370
35
 48
1.0
  6
ByLayer
100
AcDbEllipse
 10
2.3982511887698479
 20
12.2897264293695514
 30
0.0
 11
0.2929537008124612
 21
-0.0046828803899501
 31
0.0
 40
0.6196048726968261
 41
0.0
 42
6.2831853071795862
  0
ELLIPSE
  5
2EA
100
AcDbEntity
  8
yd_cov_west_fence
 62
20
420
16728579
370
35
 48
1.0
  6
ByLayer
100
AcDbEllipse
 10
2.8816105908370488
 20
12.2925083493796308
 30
0.0
 11
0.2929537008124612
 21
-0.0046828803899501
 31
0.0
 40
0.6196048726968261
 41
0.0
 42
6.2831853071795862
  0
ELLIPSE
  5
2EB
100
AcDbEntity
  8
yd_cov_west_fence
 62
20
420
16728579
370
35
 48
1.0
  6
ByLayer
100
AcDbEllipse
 10
3.4101606668165374
 20
12.2854469464357976
 30
0.0
 11
0.2929537008124612
 21
-0.0046828803899501
 31
0.0
 40
0.6196048726968261
 41
0.0
 42
6.2831853071795862
  0
ELLIPSE
  5
2EC
100
AcDbEntity
  8
yd_cov_west_fence
 62
20
420
16728579
370
35
 48
1.0
  6
ByLayer
100
AcDbEllipse
 10
3.8999578607596987
 20
12.2854469464357976
 30
0.0
 11
0.2929537008124612
 21
-0.0046828803899501
 31
0.0
 40
0.6196048726968261
 41
0.0
 42
6.2831853071795862
  0
ELLIPSE
  5
2ED
100
AcDbEntity
  8
yd_cov_west_fence
 62
20
420
16728579
370
35
 48
1.0
  6
ByLayer
100
AcDbEllipse
 10
4.3105231556826453
 20
12.2854469464357976
 30
0.0
 11
0.2929537008124612
 21
-0.0046828803899501
 31
0.0
 40
0.6196048726968261
 41
0.0
 42
6.2831853071795862
  0
ELLIPSE
  5
2EE
100
AcDbEntity
  8
yd_cov_west_fence
 62
20
420
16728579
370
35
 48
1.0
  6
ByLayer
100
AcDbEllipse
 10
4.7499814522061996
 20
12.2935540056930108
 30
0.0
 11
0.2929537008124612
 21
-0.0046828803899501
 31
0.0
 40
0.6196048726968261
 41
0.0
 42
6.2831853071795862
  0
ELLIPSE
  5
2EF
100
AcDbEntity
  8
yd_cov_west_fence
 62
20
420
16728579
370
35
 48
1.0
  6
ByLayer
100
AcDbEllipse
 10
5.1499814522061982
 20
12.2935540056930108
 30
0.0
 11
0.2929537008124612
 21
-0.0046828803899501
 31
0.0
 40
0.6196048726968261
 41
0.0
 42
6.2831853071795862
  0
ELLIPSE
  5
2F0
100
AcDbEntity
  8
yd_cov_west_fence
 62
20
420
16728579
370
35
 48
1.0
  6
ByLayer
100
AcDbEllipse
 10
5.6241400221049389
 20
12.2922656916847686
 30
0.0
 11
0.2929537008124612
 21
-0.0046828803899501
 31
0.0
 40
0.6196048726968261
 41
0.0
 42
6.2831853071795862
  0
ELLIPSE
  5
2F1
100
AcDbEntity
  8
yd_cov_west_fence
 62
20
420
16728579
370
35
 48
1.0
  6
ByLayer
100
AcDbEllipse
 10
6.1931691150683434
 20
12.2898647250478206
 30
0.0
 11
0.2929537008124612
 21
-0.0046828803899501
 31
0.0
 40
0.6196048726968261
 41
0.0
 42
6.2831853071795862
  0
ELLIPSE
  5
2F2
100
AcDbEntity
  8
yd_cov_west_fence
 62
20
420
16728579
370
35
 48
1.0
  6
ByLayer
100
AcDbEllipse
 10
6.7499814522061996
 20
12.2935540056930108
 30
0.0
 11
0.2929537008124612
 21
-0.0046828803899501
 31
0.0
 40
0.6196048726968261
 41
0.0
 42
6.2831853071795862
  0
ELLIPSE
  5
2F3
100
AcDbEntity
  8
yd_cov_west_fence
 62
20
420
16728579
370
35
 48
1.0
  6
ByLayer
100
AcDbEllipse
 10
7.3499814522061939
 20
12.2935540056930108
 30
0.0
 11
0.2929537008124612
 21
-0.0046828803899501
 31
0.0
 40
0.6196048726968261
 41
0.0
 42
6.2831853071795862
  0
ELLIPSE
  5
2F4
100
AcDbEntity
  8
yd_cov_west_fence
 62
20
420
16728579
370
35
 48
1.0
  6
ByLayer
100
AcDbEllipse
 10
7.8762467275887431
 20
12.2946666583217805
 30
0.0
 11
0.2929537008124612
 21
-0.0046828803899501
 31
0.0
 40
0.6196048726968261
 41
0.0
 42
6.2831853071795862
  0
ELLIPSE
  5
2F5
100
AcDbEntity
  8
yd_cov_west_fence
 62
20
420
16728579
370
35
 48
1.0
  6
ByLayer
100
AcDbEllipse
 10
8.4499814522061953
 20
12.2935540056930108
 30
0.0
 11
0.2929537008124612
 21
-0.0046828803899501
 31
0.0
 40
0.6196048726968261
 41
0.0
 42
6.2831853071795862
  0
ELLIPSE
  5
2F6
100
AcDbEntity
  8
yd_cov_west_fence
 62
20
420
16728579
370
35
 48
1.0
  6
ByLayer
100
AcDbEllipse
 10
8.9907331464863347
 20
12.2935540056930108
 30
0.0
 11
0.2929537008124612
 21
-0.0046828803899501
 31
0.0
 40
0.6196048726968261
 41
0.0
 42
6.2831853071795862
  0
ELLIPSE
  5
2F7
100
AcDbEntity
  8
yd_cov_west_fence
 62
20
420
16728579
370
35
 48
1.0
  6
ByLayer
100
AcDbEllipse
 10
9.5499814522061968
 20
12.2935540056930108
 30
0.0
 11
0.2929537008124612
 21
-0.0046828803899501
 31
0.0
 40
0.6196048726968261
 41
0.0
 42
6.2831853071795862
  0
ELLIPSE
  5
2F8
100
AcDbEntity
  8
yd_cov_west_fence
 62
20
420
16728579
370
35
 48
1.0
  6
ByLayer
100
AcDbEllipse
 10
10.0499814522061968
 20
12.2935540056930108
 30
0.0
 11
0.2929537008124612
 21
-0.0046828803899501
 31
0.0
 40
0.6196048726968261
 41
1.4123389634597541
 42
4.8835178706344244
  0
LINE
  5
2F9
100
AcDbEntity
  8
zAsphalt
 62
251
420
7631988
370
35
 48
2.0
  6
Continuous
100
AcDbLine
 10
0.4499781185259337
 20
12.1747409323741493
 30
0.0
 11
9.5793842606343631
 21
12.1747409323741493
 31
0.0
  0
LINE
  5
2FA
100
AcDbEntity
  8
zBuildings
 62
52
420
11178244
370
70
 48
1.0
  6
ByLayer
100
AcDbLine
 10
3.3156519676875362
 20
8.0123716256861215
 30
0.0
 11
5.7338569543842439
 21
8.7829768120181058
 31
0.0
  0
LINE
  5
2FB
100
AcDbEntity
  8
zBuildings
 62
52
420
11178244
370
70
 48
1.0
  6
ByLayer
100
AcDbLine
 10
5.7338569543842439
 20
8.78297681201812
 30
0.0
 11
4.9794239776634939
 21
11.0009415936432049
 31
0.0
  0
LINE
  5
2FC
100
AcDbEntity
  8
zBuildings
 62
52
420
11178244
370
70
 48
1.0
  6
ByLayer
100
AcDbLine
 10
4.9794239776634868
 20
11.0009415936431978
 30
0.0
 11
3.9820187423710962
 21
10.6702223499945106
 31
0.0
  0
LINE
  5
2FD
100
AcDbEntity
  8
zBuildings
 62
52
420
11178244
370
70
 48
1.0
  6
ByLayer
100
AcDbLine
 10
3.9820187423711033
 20
10.6702223499945106
 30
0.0
 11
4.1248014485231792
 21
10.1585843196162955
 31
0.0
  0
LINE
  5
2FE
100
AcDbEntity
  8
zBuildings
 62
52
420
11178244
370
70
 48
1.0
  6
ByLayer
100
AcDbLine
 10
4.1248014485231792
 20
10.1585843196162955
 30
0.0
 11
3.117470181214685
 21
9.8217482863687877
 31
0.0
  0
LINE
  5
2FF
100
AcDbEntity
  8
zBuildings
 62
52
420
11178244
370
70
 48
1.0
  6
ByLayer
100
AcDbLine
 10
2.911349345216415
 20
9.4021451559437352
 30
0.0
 11
3.3156519676875362
 21
8.0123716256861215
 31
0.0
  0
LINE
  5
300
100
AcDbEntity
  8
zBuildings
 62
52
420
11178244
370
70
 48
1.0
  6
ByLayer
100
AcDbLine
 10
9.7195542427917658
 20
12.0217456329020607
 30
0.0
 11
11.3266033469302769
 21
12.0160033316202899
 31
0.0
  0
LINE
  5
301
100
AcDbEntity
  8
zBuildings
 62
52
420
11178244
370
70
 48
1.0
  6
ByLayer
100
AcDbLine
 10
11.3266033469302769
 20
12.0160033316202899
 30
0.0
 11
11.3266033469302769
 21
10.7193238553931209
 31
0.0
  0
LINE
  5
302
100
AcDbEntity
  8
zBuildings
 62
52
420
11178244
370
70
 48
1.0
  6
ByLayer
100
AcDbLine
 10
11.3266033469302769
 20
10.7193238553931209
 30
0.0
 11
9.7274370380272472
 21
10.7166224594809165
 31
0.0
  0
LINE
  5
303
100
AcDbEntity
  8
zBuildings
 62
52
420
11178244
370
70
 48
1.0
  6
ByLayer
100
AcDbLine
 10
9.7274370380272472
 20
10.7166224594809165
 30
0.0
 11
9.7195542427917658
 21
12.0217456329020607
 31
0.0
  0
LINE
  5
304
100
AcDbEntity
  8
zBuildings
 62
52
420
11178244
370
70
 48
1.0
  6
ByLayer
100
AcDbLine
 10
10.4413505687875272
 20
10.1169350936422759
 30
0.0
 11
10.7269159810916435
 21
9.2507200096531292
 31
0.0
  0
LINE
  5
305
100
AcDbEntity
  8
zBuildings
 62
52
420
11178244
370
70
 48
1.0
  6
ByLayer
100
AcDbLine
 10
10.7269159810916435
 20
9.2507200096531292
 30
0.0
 11
11.9738849481529357
 21
9.6379282072863504
 31
0.0
  0
LINE
  5
306
100
AcDbEntity
  8
zBuildings
 62
52
420
11178244
370
70
 48
1.0
  6
ByLayer
100
AcDbLine
 10
11.9738849481529357
 20
9.6379282072863504
 30
0.0
 11
11.7073572300024296
 21
10.5167266708680316
 31
0.0
  0
LINE
  5
307
100
AcDbEntity
  8
zBuildings
 62
52
420
11178244
370
70
 48
1.0
  6
ByLayer
100
AcDbLine
 10
11.7073572300024296
 20
10.5167266708680316
 30
0.0
 11
10.4413505687875272
 21
10.1169350936422759
 31
0.0
  0
LINE
  5
308
100
AcDbEntity
  8
zBuildings
 62
52
420
11178244
370
70
 48
1.0
  6
ByLayer
100
AcDbLine
 10
11.9953749715143658
 20
11.9540725794654108
 30
0.0
 11
12.4403084549163196
 21
11.9540725794654108
 31
0.0
  0
LINE
  5
309
100
AcDbEntity
  8
zBuildings
 62
52
420
11178244
370
70
 48
1.0
  6
ByLayer
100
AcDbLine
 10
12.4403084549163196
 20
11.9540725794654108
 30
0.0
 11
12.4403084549163196
 21
11.3448663665499581
 31
0.0
  0
LINE
  5
30A
100
AcDbEntity
  8
zBuildings
 62
52
420
11178244
370
70
 48
1.0
  6
ByLayer
100
AcDbLine
 10
12.4403084549163196
 20
11.3448663665499581
 30
0.0
 11
11.9929226423065458
 21
11.3448663665499581
 31
0.0
  0
LINE
  5
30B
100
AcDbEntity
  8
zBuildings
 62
52
420
11178244
370
70
 48
1.0
  6
ByLayer
100
AcDbLine
 10
11.9929226423065458
 20
11.3448663665499581
 30
0.0
 11
11.9953749715143658
 21
11.9540725794654108
 31
0.0
  0
LWPOLYLINE
  5
30C
100
AcDbEntity
  8
zBuildings
 62
52
420
11178244
370
70
 48
1.0
  6
ByLayer
100
AcDbPolyline
 90
21
 70
0
 10
5.5098199761376989
 20
8.176765227185399
 10
5.5530553659113835
 20
7.8560071666748854
 10
5.5336148560905087
 20
7.6956512149706811
 10
5.5336148560905087
 20
7.5956512149706796
 10
5.5336148560905087
 20
7.5956512149706796
 10
5.6226175008470989
 20
7.3546815725236456
 10
5.901078132807136
 20
7.3198152117917203
 10
5.9193496425590197
 20
7.5669845720241184
 10
6.0070936446117145
 20
7.6147347797163647
 10
7.5336148560905087
 20
7.4956512149706782
 10
7.5932868730485694
 20
8.3363894797204452
 10
5.9865070220130931
 20
8.4518732126752951
 10
5.7654850026004993
 20
8.4695549742283092
 10
5.7077464164413172
 20
8.4421690860044905
 10
5.7077464164413172
 20
8.4421690860044905
 10
5.7077464164413172
 20
8.4421690860044905
 10
5.7077464164413172
 20
8.4421690860044905
 10
5.7077464164413172
 20
8.4421690860044905
 10
5.4542043395766271
 20
8.3442096472158553
 10
5.4750997528562877
 20
8.2457482417988501
 10
5.5098199761376989
 20
8.176765227185399
  0
LINE
  5
30D
100
AcDbEntity
  8
zBuildings
 62
52
420
11178244
370
70
 48
1.0
  6
ByLayer
100
AcDbLine
 10
6.5969301308736874
 20
10.6720154612103357
 30
0.0
 11
6.7190751552386061
 21
10.2678343029055057
 31
0.0
  0
LINE
  5
30E
100
AcDbEntity
  8
zBuildings
 62
52
420
11178244
370
70
 48
1.0
  6
ByLayer
100
AcDbLine
 10
6.7190751552386061
 20
10.2678343029055057
 30
0.0
 11
7.0407360356579645
 21
10.3750545963786251
 31
0.0
  0
LINE
  5
30F
100
AcDbEntity
  8
zBuildings
 62
52
420
11178244
370
70
 48
1.0
  6
ByLayer
100
AcDbLine
 10
7.0407360356579645
 20
10.3750545963786251
 30
0.0
 11
6.9202367969152689
 21
10.7754607150177293
 31
0.0
  0
LINE
  5
310
100
AcDbEntity
  8
zBuildings
 62
52
420
11178244
370
70
 48
1.0
  6
ByLayer
100
AcDbLine
 10
6.9202367969152689
 20
10.7754607150177293
 30
0.0
 11
6.5969301308736874
 21
10.6720154612103357
 31
0.0
  0
LINE
  5
311
100
AcDbEntity
  8
zBuildings
 62
52
420
11178244
370
70
 48
1.0
  6
ByLayer
100
AcDbLine
 10
0.5921258347738458
 20
6.3424987395025951
 30
0.0
 11
1.2013320476892844
 21
6.342498739502588
 31
0.0
  0
LINE
  5
312
100
AcDbEntity
  8
zBuildings
 62
52
420
11178244
370
70
 48
1.0
  6
ByLayer
100
AcDbLine
 10
1.2013320476892844
 20
6.342498739502588
 30
0.0
 11
1.2013320476892844
 21
6.7323907157684673
 31
0.0
  0
LINE
  5
313
100
AcDbEntity
  8
zBuildings
 62
52
420
11178244
370
70
 48
1.0
  6
ByLayer
100
AcDbLine
 10
1.2013320476892844
 20
6.7323907157684673
 30
0.0
 11
0.5921258347738458
 21
6.7323907157684673
 31
0.0
  0
LINE
  5
314
100
AcDbEntity
  8
zBuildings
 62
52
420
11178244
370
70
 48
1.0
  6
ByLayer
100
AcDbLine
 10
0.5921258347738458
 20
6.7323907157684673
 30
0.0
 11
0.5921258347738458
 21
6.342498739502588
 31
0.0
  0
LINE
  5
315
100
AcDbEntity
  8
zBuildings
 62
52
420
11178244
370
70
 48
1.0
  6
ByLayer
100
AcDbLine
 10
3.117470181214685
 20
9.8217482863687877
 30
0.0
 11
3.221946373529633
 21
9.502199361077686
 31
0.0
  0
LINE
  5
316
100
AcDbEntity
  8
zBuildings
 62
52
420
11178244
370
70
 48
1.0
  6
ByLayer
100
AcDbLine
 10
3.221946373529633
 20
9.5021993610777002
 30
0.0
 11
2.9113493452164292
 21
9.4021451559437494
 31
0.0
  0
POINT
  5
317
100
AcDbEntity
  8
field_pipes
 62
136
420
19532
370
50
 48
1.0
  6
Continuous
100
AcDbPoint
 10
14.5546451433965132
 20
5.8024129031616383
 30
0.0
  0
POINT
  5
318
100
AcDbEntity
  8
field_pipes
 62
34
420
8339200
370
50
 48
1.0
  6
Continuous
100
AcDbPoint
 10
20.317020412074875
 20
9.7079648588123959
 30
0.0
  0
POINT
  5
319
100
AcDbEntity
  8
field_pipes
 62
1
420
16711680
370
50
 48
1.0
  6
Continuous
100
AcDbPoint
 10
12.9082017424250495
 20
3.1648714866166614
 30
0.0
  0
POINT
  5
31A
100
AcDbEntity
  8
field_pipes
 62
1
420
16711680
370
50
 48
1.0
  6
Continuous
100
AcDbPoint
 10
13.5016885679391336
 20
6.5876056594764805
 30
0.0
  0
LINE
  5
31B
100
AcDbEntity
  8
field_pipes
 62
1
420
16711680
370
50
 48
1.0
  6
Continuous
100
AcDbLine
 10
6.7538570224572467
 20
10.740130938315275
 30
0.0
 11
6.7538570224572467
 21
11.4741753344580388
 31
0.0
  0
LINE
  5
31C
100
AcDbEntity
  8
field_pipes
 62
1
420
16711680
370
50
 48
1.0
  6
Continuous
100
AcDbLine
 10
6.7538570224572467
 20
11.4741753344580388
 30
0.0
 11
13.2499781185259451
 21
11.493552184715881
 31
0.0
  0
LINE
  5
31D
100
AcDbEntity
  8
field_pipes
 62
1
420
16711680
370
50
 48
1.0
  6
Continuous
100
AcDbLine
 10
13.2499781185259451
 20
11.493552184715881
 30
0.0
 11
13.6746415210604439
 21
7.4487148669191612
 31
0.0
  0
LINE
  5
31E
100
AcDbEntity
  8
field_pipes
 62
1
420
16711680
370
50
 48
1.0
  6
Continuous
100
AcDbLine
 10
13.6746415210604439
 20
7.4487148669191612
 30
0.0
 11
14.0930585589049855
 21
5.0392098558833354
 31
0.0
  0
LINE
  5
31F
100
AcDbEntity
  8
field_pipes
 62
1
420
16711680
370
50
 48
1.0
  6
Continuous
100
AcDbLine
 10
14.0930585589049855
 20
5.0392098558833354
 30
0.0
 11
14.4499781185259835
 21
3.0935521847158682
 31
0.0
  0
LINE
  5
320
100
AcDbEntity
  8
field_pipes
 62
1
420
16711680
370
50
 48
1.0
  6
Continuous
100
AcDbLine
 10
14.4499781185259337
 20
3.0935521847158753
 30
0.0
 11
14.6837655572856391
 21
1.3167410364387777
 31
0.0
  0
LINE
  5
321
100
AcDbEntity
  8
field_pipes
 62
91
420
8388479
370
50
 48
1.0
  6
Continuous
100
AcDbLine
 10
13.3598806252990485
 20
10.9721603192850097
 30
0.0
 11
17.5359600568786789
 21
11.1758364084301078
 31
0.0
  0
LINE
  5
322
100
AcDbEntity
  8
field_pipes
 62
91
420
8388479
370
50
 48
1.0
  6
Continuous
100
AcDbLine
 10
17.5359600568786789
 20
11.1758364084301078
 30
0.0
 11
17.6740094600817983
 21
9.5958708856998456
 31
0.0
  0
LINE
  5
323
100
AcDbEntity
  8
field_pipes
 62
91
420
8388479
370
50
 48
1.0
  6
Continuous
100
AcDbLine
 10
17.4981075565364463
 20
9.5840845772981993
 30
0.0
 11
18.3532858955837455
 21
9.6351802506155479
 31
0.0
  0
LINE
  5
324
100
AcDbEntity
  8
field_pipes
 62
91
420
8388479
370
50
 48
1.0
  6
Continuous
100
AcDbLine
 10
12.2751086703390442
 20
9.029769563854849
 30
0.0
 11
14.0998633028129987
 21
9.2993112821249113
 31
0.0
  0
LINE
  5
325
100
AcDbEntity
  8
field_pipes
 62
91
420
8388479
370
50
 48
1.0
  6
Continuous
100
AcDbLine
 10
14.0998633028129987
 20
9.2993112821249113
 30
0.0
 11
15.3744216122923234
 21
9.3586985436453816
 31
0.0
  0
LINE
  5
326
100
AcDbEntity
  8
field_pipes
 62
91
420
8388479
370
50
 48
1.0
  6
Continuous
100
AcDbLine
 10
15.3744216122923234
 20
9.3586985436453816
 30
0.0
 11
16.8499781185259394
 21
9.493552184715881
 31
0.0
  0
LINE
  5
327
100
AcDbEntity
  8
field_pipes
 62
91
420
8388479
370
50
 48
1.0
  6
Continuous
100
AcDbLine
 10
12.0851189296905943
 20
9.7303389163615748
 30
0.0
 11
12.2751086703390442
 21
9.029769563854849
 31
0.0
  0
LINE
  5
328
100
AcDbEntity
  8
field_pipes
 62
91
420
8388479
370
50
 48
1.0
  6
Continuous
100
AcDbLine
 10
16.8499781185259394
 20
9.493552184715881
 30
0.0
 11
17.4981075565364463
 21
9.5840845772981993
 31
0.0
  0
LINE
  5
329
100
AcDbEntity
  8
field_pipes
 62
30
420
16744192
370
50
 48
1.0
  6
Continuous
100
AcDbLine
 10
22.3695431506302853
 20
11.2389336521734506
 30
0.0
 11
17.7875675967284863
 21
11.1854894475192594
 31
0.0
  0
LINE
  5
32A
100
AcDbEntity
  8
field_pipes
 62
30
420
16744192
370
50
 48
1.0
  6
Continuous
100
AcDbLine
 10
13.2784614262934042
 20
10.102199110007291
 30
0.0
 11
9.9499781185259337
 21
8.8335521847158702
 31
0.0
  0
LINE
  5
32B
100
AcDbEntity
  8
field_pipes
 62
30
420
16744192
370
50
 48
1.0
  6
Continuous
100
AcDbLine
 10
9.9499781185259337
 20
8.8335521847158702
 30
0.0
 11
8.6191461405455456
 21
8.033433015703821
 31
0.0
  0
LINE
  5
32C
100
AcDbEntity
  8
field_pipes
 62
30
420
16744192
370
50
 48
1.0
  6
Continuous
100
AcDbLine
 10
8.6191461405455456
 20
8.033433015703821
 30
0.0
 11
5.2499781185259451
 21
6.493552184715881
 31
0.0
  0
LINE
  5
32D
100
AcDbEntity
  8
field_pipes
 62
30
420
16744192
370
50
 48
1.0
  6
Continuous
100
AcDbLine
 10
5.2499781185259451
 20
6.493552184715881
 30
0.0
 11
3.1908458228894858
 21
5.5569233896906169
 31
0.0
  0
LINE
  5
32E
100
AcDbEntity
  8
field_pipes
 62
30
420
16744192
370
50
 48
1.0
  6
Continuous
100
AcDbLine
 10
1.9499781185259479
 20
4.7935521847158782
 30
0.0
 11
1.6163728543287945
 21
5.2573052457670002
 31
0.0
  0
LINE
  5
32F
100
AcDbEntity
  8
field_pipes
 62
30
420
16744192
370
50
 48
1.0
  6
Continuous
100
AcDbLine
 10
1.6163728543287945
 20
5.2573052457670002
 30
0.0
 11
0.8516796472335955
 21
5.2592778476426147
 31
0.0
  0
LINE
  5
330
100
AcDbEntity
  8
field_pipes
 62
120
420
65471
370
50
 48
1.0
  6
Continuous
100
AcDbLine
 10
21.6499781185259437
 20
6.5935521847158753
 30
0.0
 11
13.9732625079137946
 21
5.7290698736601868
 31
0.0
  0
LINE
  5
331
100
AcDbEntity
  8
field_pipes
 62
200
420
12517631
370
50
 48
1.0
  6
Continuous
100
AcDbLine
 10
22.5803576801934938
 20
4.8844625733402154
 30
0.0
 11
14.1957096909486893
 21
4.3672962258687207
 31
0.0
  0
LINE
  5
332
100
AcDbEntity
  8
field_pipes
 62
1
420
16711680
370
50
 48
1.0
  6
Continuous
100
AcDbLine
 10
23.8883438303245583
 20
3.3913077710781963
 30
0.0
 11
14.4499781185259337
 21
3.0935521847158753
 31
0.0
  0
LINE
  5
333
100
AcDbEntity
  8
field_pipes
 62
40
420
16760576
370
50
 48
1.0
  6
Continuous
100
AcDbLine
 10
12.9082017424250495
 20
3.1648714866166614
 30
0.0
 11
7.131122210709897
 21
2.7598048310090704
 31
0.0
  0
LINE
  5
334
100
AcDbEntity
  8
field_pipes
 62
40
420
16760576
370
50
 48
1.0
  6
Continuous
100
AcDbLine
 10
9.8690423499058753
 20
2.9378572302789507
 30
0.0
 11
9.8919914455229758
 21
2.6248344423143948
 31
0.0
  0
LINE
  5
335
100
AcDbEntity
  8
field_pipes
 62
40
420
16760576
370
50
 48
1.0
  6
Continuous
100
AcDbLine
 10
8.5437208553522836
 20
2.8596029681422408
 30
0.0
 11
8.5502502249695596
 21
2.6260410495764503
 31
0.0
  0
LINE
  5
336
100
AcDbEntity
  8
field_pipes
 62
81
420
10485631
370
50
 48
1.0
  6
Continuous
100
AcDbLine
 10
14.6837655572856391
 20
1.3167410364387777
 30
0.0
 11
4.1023616830827763
 21
1.3322466507028352
 31
0.0
  0
LINE
  5
337
100
AcDbEntity
  8
field_pipes
 62
143
420
5411237
370
50
 48
1.0
  6
Continuous
100
AcDbLine
 10
14.0930585589049997
 20
5.0392098558832288
 30
0.0
 11
9.3499781185259394
 21
3.993552184715881
 31
0.0
  0
LINE
  5
338
100
AcDbEntity
  8
field_pipes
 62
253
420
12237498
370
50
 48
1.0
  6
Continuous
100
AcDbLine
 10
13.8116920722073075
 20
6.659492727556156
 30
0.0
 11
12.064780976016614
 21
6.185532856820565
 31
0.0
  0
LINE
  5
339
100
AcDbEntity
  8
field_pipes
 62
253
420
12237498
370
50
 48
1.0
  6
Continuous
100
AcDbLine
 10
12.064780976016614
 20
6.185532856820565
 30
0.0
 11
10.6499781185259437
 21
5.6935521847158768
 31
0.0
  0
LINE
  5
33A
100
AcDbEntity
  8
field_pipes
 62
253
420
12237498
370
50
 48
1.0
  6
Continuous
100
AcDbLine
 10
10.6499781185259437
 20
5.6935521847158768
 30
0.0
 11
9.3316684986454348
 21
5.4337239675444309
 31
0.0
  0
LINE
  5
33B
100
AcDbEntity
  8
field_pipes
 62
253
420
12237498
370
50
 48
1.0
  6
Continuous
100
AcDbLine
 10
7.960199873276224
 20
5.1358467348338976
 30
0.0
 11
5.6963236070159837
 21
4.7353051749208603
 31
0.0
  0
LINE
  5
33C
100
AcDbEntity
  8
field_pipes
 62
253
420
12237498
370
50
 48
1.0
  6
Continuous
100
AcDbLine
 10
9.3316684986454348
 20
5.4337239675444309
 30
0.0
 11
7.960199873276224
 21
5.1358467348338976
 31
0.0
  0
LINE
  5
33D
100
AcDbEntity
  8
field_pipes
 62
253
420
12237498
370
50
 48
1.0
  6
Continuous
100
AcDbLine
 10
5.7009194199358859
 20
4.7329966671258603
 30
0.0
 11
4.7499781185259451
 21
4.493552184715881
 31
0.0
  0
LINE
  5
33E
100
AcDbEntity
  8
field_pipes
 62
253
420
12237498
370
50
 48
1.0
  6
Continuous
100
AcDbLine
 10
5.0533511858271254
 20
4.569940713607572
 30
0.0
 11
5.1499781185259437
 21
3.8935521847158725
 31
0.0
  0
LINE
  5
33F
100
AcDbEntity
  8
field_pipes
 62
253
420
12237498
370
50
 48
1.0
  6
Continuous
100
AcDbLine
 10
11.1923539526305547
 20
5.8781957081591898
 30
0.0
 11
9.7421196955619536
 21
6.849459909656467
 31
0.0
  0
LINE
  5
340
100
AcDbEntity
  8
field_pipes
 62
81
420
10485631
370
50
 48
1.0
  6
Continuous
100
AcDbLine
 10
15.3499781185259394
 20
1.2935521847158782
 30
0.0
 11
22.9141079160001198
 21
1.3167410364387706
 31
0.0
  0
POINT
  5
341
100
AcDbEntity
  8
field_pipes
 62
1
420
16711680
370
50
 48
1.0
  6
Continuous
100
AcDbPoint
 10
23.0015300262838949
 20
1.1883270901104055
 30
0.0
  0
LINE
  5
342
100
AcDbEntity
  8
field_pipes
 62
40
420
16760576
370
50
 48
1.0
  6
Continuous
100
AcDbLine
 10
7.2497702321561235
 20
2.7681277367022616
 30
0.0
 11
7.6499781185259437
 21
-0.006447815284119
 31
0.0
  0
LINE
  5
343
100
AcDbEntity
  8
field_pipes
 62
81
420
10485631
370
50
 48
1.0
  6
Continuous
100
AcDbLine
 10
7.1577830529109292
 20
1.3235842412890477
 30
0.0
 11
5.9858797736496143
 21
-0.0168056814060833
 31
0.0
  0
LINE
  5
344
100
AcDbEntity
  8
field_pipes
 62
81
420
10485631
370
50
 48
1.0
  6
Continuous
100
AcDbLine
 10
5.9858797736496143
 20
-0.0168056814060833
 30
0.0
 11
4.265048774113275
 21
-0.0086783438131235
 31
0.0
  0
LINE
  5
345
100
AcDbEntity
  8
field_pipes
 62
81
420
10485631
370
50
 48
1.0
  6
Continuous
100
AcDbLine
 10
4.265048774113275
 20
-0.0086783438131235
 30
0.0
 11
2.9499781185259337
 21
-0.006447815284119
 31
0.0
  0
LINE
  5
346
100
AcDbEntity
  8
field_pipes
 62
30
420
16744192
370
50
 48
1.0
  6
Continuous
100
AcDbLine
 10
21.399782621253749
 20
9.7491554579558155
 30
0.0
 11
19.9499781185259337
 21
9.6935521847158768
 31
0.0
  0
LINE
  5
347
100
AcDbEntity
  8
field_pipes
 62
30
420
16744192
370
50
 48
1.0
  6
Continuous
100
AcDbLine
 10
19.9499781185259337
 20
9.6935521847158768
 30
0.0
 11
18.0936068025082761
 21
9.5517362176491787
 31
0.0
  0
POINT
  5
348
100
AcDbEntity
  8
field_pipes
 62
96
420
19456
370
50
 48
1.0
  6
Continuous
100
AcDbPoint
 10
5.7891773286582691
 20
5.8530600795870313
 30
0.0
  0
LINE
  5
349
100
AcDbEntity
  8
field_pipes
 62
92
420
42240
370
50
 48
1.0
  6
Continuous
100
AcDbLine
 10
1.5926018850404731
 20
4.3617099808638002
 30
0.0
 11
4.1499781185259437
 21
4.2935521847158782
 31
0.0
  0
LINE
  5
34A
100
AcDbEntity
  8
field_pipes
 62
30
420
16744192
370
50
 48
1.0
  6
Continuous
100
AcDbLine
 10
15.6600568326746767
 20
11.6461382042882704
 30
0.0
 11
17.6116476803107886
 21
11.6152982942597447
 31
0.0
  0
LINE
  5
34B
100
AcDbEntity
  8
field_pipes
 62
30
420
16744192
370
50
 48
1.0
  6
Continuous
100
AcDbLine
 10
17.7578146834744288
 20
11.3443217709890405
 30
0.0
 11
18.0990850310744449
 21
9.5224913580203463
 31
0.0
  0
LINE
  5
34C
100
AcDbEntity
  8
field_pipes
 62
30
420
16744192
370
50
 48
1.0
  6
Continuous
100
AcDbLine
 10
18.0990850310744449
 20
9.5224913580203463
 30
0.0
 11
18.3042000188121037
 21
7.9401538846127906
 31
0.0
  0
LINE
  5
34D
100
AcDbEntity
  8
field_pipes
 62
30
420
16744192
370
50
 48
1.0
  6
Continuous
100
AcDbLine
 10
18.3042000188121037
 20
7.9401538846127906
 30
0.0
 11
22.2499781185259451
 21
8.0935521847158753
 31
0.0
  0
LINE
  5
34E
100
AcDbEntity
  8
field_pipes
 62
92
420
42240
370
50
 48
1.0
  6
Continuous
100
AcDbLine
 10
13.6551010433578597
 20
7.653276385671866
 30
0.0
 11
17.6037231467709034
 21
7.8778284181744809
 31
0.0
  0
LINE
  5
34F
100
AcDbEntity
  8
field_pipes
 62
92
420
42240
370
50
 48
1.0
  6
Continuous
100
AcDbLine
 10
13.7758384761517121
 20
7.6444151440002841
 30
0.0
 11
12.0764620254593353
 21
7.8056205422766851
 31
0.0
  0
LINE
  5
350
100
AcDbEntity
  8
field_pipes
 62
92
420
42240
370
50
 48
1.0
  6
Continuous
100
AcDbLine
 10
17.6037231467709034
 20
7.8778284181744809
 30
0.0
 11
13.7825439345418772
 21
7.6283837183577461
 31
0.0
  0
LINE
  5
351
100
AcDbEntity
  8
field_pipes
 62
92
420
42240
370
50
 48
1.0
  6
Continuous
100
AcDbLine
 10
12.0764620254593353
 20
7.8056205422766851
 30
0.0
 11
10.713789727252319
 21
7.5323183138266714
 31
0.0
  0
LINE
  5
352
100
AcDbEntity
  8
field_pipes
 62
40
420
16760576
370
50
 48
1.0
  6
Continuous
100
AcDbLine
 10
5.602510222336619
 20
2.8767415583906555
 30
0.0
 11
7.1273335981911998
 21
2.8956210543383847
 31
0.0
  0
LINE
  5
353
100
AcDbEntity
  8
field_pipes
 62
40
420
16760576
370
50
 48
1.0
  6
Continuous
100
AcDbLine
 10
7.1273335981911998
 20
2.8956210543383847
 30
0.0
 11
7.131122210709897
 21
2.7598048310090704
 31
0.0
  0
LINE
  5
354
100
AcDbEntity
  8
field_pipes
 62
92
420
42240
370
50
 48
2.0
  6
Continuous
100
AcDbLine
 10
7.2214995574092953
 20
6.7371629195972886
 30
0.0
 11
7.5175386910766591
 21
6.4633389424435066
 31
0.0
  0
LINE
  5
355
100
AcDbEntity
  8
field_pipes
 62
30
420
16744192
370
50
 48
2.0
  6
Continuous
100
AcDbLine
 10
3.1908458228894858
 20
5.5569233896906169
 30
0.0
 11
1.9499781185259337
 21
4.7935521847158782
 31
0.0
  0
LINE
  5
356
100
AcDbEntity
  8
field_pipes
 62
40
420
16760576
370
50
 48
2.0
  6
Continuous
100
AcDbLine
 10
12.8943612457077847
 20
3.1655117186108157
 30
0.0
 11
14.4499781185259479
 21
3.0935521847158753
 31
0.0
  0
LINE
  5
357
100
AcDbEntity
  8
field_pipes
 62
92
420
42240
370
50
 48
2.0
  6
Continuous
100
AcDbLine
 10
6.911619658038326
 20
6.1794573215988606
 30
0.0
 11
7.0991467892567286
 21
5.9004686545642855
 31
0.0
  0
LINE
  5
358
100
AcDbEntity
  8
field_pipes
 62
92
420
42240
370
50
 48
2.0
  6
Continuous
100
AcDbLine
 10
7.9976803459056853
 20
6.9146837984978191
 30
0.0
 11
8.3771050245437877
 21
6.4203319093730258
 31
0.0
  0
LINE
  5
359
100
AcDbEntity
  8
field_pipes
 62
81
420
10485631
370
50
 48
2.0
  6
Continuous
100
AcDbLine
 10
22.9141079160001198
 20
1.3167410364387706
 30
0.0
 11
23.0015300262838949
 21
1.1883270901104055
 31
0.0
  0
LINE
  5
35A
100
AcDbEntity
  8
field_pipes
 62
81
420
10485631
370
50
 48
2.0
  6
Continuous
100
AcDbLine
 10
21.4340761052467315
 20
1.3122038009439243
 30
0.0
 11
21.2931793970143062
 21
1.2114121680604555
 31
0.0
  0
LINE
  5
35B
100
AcDbEntity
  8
field_pipes
 62
81
420
10485631
370
50
 48
2.0
  6
Continuous
100
AcDbLine
 10
17.8148496953389994
 20
1.3011085782523528
 30
0.0
 11
17.5735962123135039
 21
1.1536994731853483
 31
0.0
  0
LINE
  5
35C
100
AcDbEntity
  8
field_pipes
 62
81
420
10485631
370
50
 48
2.0
  6
Continuous
100
AcDbLine
 10
19.6687904841792331
 20
1.3097289935303527
 30
0.0
 11
19.5387134728109899
 21
1.1652420121603697
 31
0.0
  0
LINE
  5
35D
100
AcDbEntity
  8
field_pipes
 62
81
420
10485631
370
50
 48
2.0
  6
Continuous
100
AcDbLine
 10
15.8862432339271091
 20
1.295196177161559
 30
0.0
 11
15.7873883059288644
 21
1.2114121680604555
 31
0.0
  0
LINE
  5
35E
100
AcDbEntity
  8
field_pipes
 62
30
420
16744192
370
50
 48
2.0
  6
Continuous
100
AcDbLine
 10
12.4403084549163196
 20
11.6494694730076915
 30
0.0
 11
15.6600568326746767
 21
11.6461382042882704
 31
0.0
  0
LINE
  5
35F
100
AcDbEntity
  8
field_pipes
 62
30
420
16744192
370
50
 48
2.0
  6
Continuous
100
AcDbLine
 10
17.6116476803107886
 20
11.6152982942597447
 30
0.0
 11
17.7578146834744288
 21
11.3443217709890405
 31
0.0
  0
LINE
  5
360
100
AcDbEntity
  8
field_pipes
 62
81
420
10485631
370
50
 48
2.0
  6
Continuous
100
AcDbLine
 10
13.4549452530855334
 20
1.3185332912275456
 30
0.0
 11
13.5524623473742167
 21
1.2114121680604555
 31
0.0
  0
LINE
  5
361
100
AcDbEntity
  8
field_pipes
 62
81
420
10485631
370
50
 48
2.0
  6
Continuous
100
AcDbLine
 10
11.8740435631669357
 20
1.3214544166583977
 30
0.0
 11
12.07357639071558
 21
1.1767845511353912
 31
0.0
  0
LINE
  5
362
100
AcDbEntity
  8
field_pipes
 62
81
420
10485631
370
50
 48
2.0
  6
Continuous
100
AcDbLine
 10
10.2931964723093969
 20
1.324375441203351
 30
0.0
 11
10.4143364130561835
 21
1.235225776442995
 31
0.0
  0
LINE
  5
363
100
AcDbEntity
  8
field_pipes
 62
81
420
10485631
370
50
 48
2.0
  6
Continuous
100
AcDbLine
 10
8.786207728911954
 20
1.3271599933171316
 30
0.0
 11
8.6798360439548432
 21
1.2345685291864754
 31
0.0
  0
LINE
  5
364
100
AcDbEntity
  8
field_pipes
 62
30
420
16744192
370
50
 48
2.0
  6
Continuous
100
AcDbLine
 10
1.9499781185259337
 20
4.7935521847158782
 30
0.0
 11
3.3499781185259465
 21
4.493552184715881
 31
0.0
  0
CIRCLE
  5
365
100
AcDbEntity
  8
field_heads
 62
16
420
4980736
370
35
 48
1.0
  6
ByLayer
100
AcDbCircle
 10
16.8499781185259394
 20
3.1935521847158768
 30
0.0
 40
0.06
  0
CIRCLE
  5
366
100
AcDbEntity
  8
field_heads
 62
16
420
4980736
370
35
 48
1.0
  6
ByLayer
100
AcDbCircle
 10
18.4629037189813943
 20
3.2302228113705809
 30
0.0
 40
0.06
  0
CIRCLE
  5
367
100
AcDbEntity
  8
field_heads
 62
16
420
4980736
370
35
 48
1.0
  6
ByLayer
100
AcDbCircle
 10
20.2499781185259451
 20
3.2935521847158782
 30
0.0
 40
0.06
  0
CIRCLE
  5
368
100
AcDbEntity
  8
field_heads
 62
16
420
4980736
370
35
 48
1.0
  6
ByLayer
100
AcDbCircle
 10
22.0115520827882065
 20
3.3419955992453652
 30
0.0
 40
0.06
  0
CIRCLE
  5
369
100
AcDbEntity
  8
field_heads
 62
16
420
4980736
370
35
 48
1.0
  6
ByLayer
100
AcDbCircle
 10
23.8883438303245583
 20
3.3913077710781963
 30
0.0
 40
0.06
  0
CIRCLE
  5
36A
100
AcDbEntity
  8
field_heads
 62
200
420
12517631
370
35
 48
1.0
  6
ByLayer
100
AcDbCircle
 10
22.5803576801934938
 20
4.8844625733402154
 30
0.0
 40
0.06
  0
CIRCLE
  5
36B
100
AcDbEntity
  8
field_heads
 62
91
420
8388479
370
35
 48
1.0
  6
ByLayer
100
AcDbCircle
 10
14.6786943770610137
 20
11.0288228351635453
 30
0.0
 40
0.06
  0
CIRCLE
  5
36C
100
AcDbEntity
  8
field_heads
 62
91
420
8388479
370
35
 48
1.0
  6
ByLayer
100
AcDbCircle
 10
13.4499781185259337
 20
10.993552184715881
 30
0.0
 40
0.06
  0
CIRCLE
  5
36D
100
AcDbEntity
  8
field_heads
 62
91
420
8388479
370
35
 48
1.0
  6
ByLayer
100
AcDbCircle
 10
16.0843117012929682
 20
11.1050364955635601
 30
0.0
 40
0.06
  0
CIRCLE
  5
36E
100
AcDbEntity
  8
field_heads
 62
91
420
8388479
370
35
 48
1.0
  6
ByLayer
100
AcDbCircle
 10
17.4262081056068396
 20
11.1704406205217808
 30
0.0
 40
0.06
  0
CIRCLE
  5
36F
100
AcDbEntity
  8
field_heads
 62
34
420
8339200
370
35
 48
1.0
  6
ByLayer
100
AcDbCircle
 10
19.2657829392011237
 20
11.2027313647570708
 30
0.0
 40
0.06
  0
CIRCLE
  5
370
100
AcDbEntity
  8
field_heads
 62
34
420
8339200
370
35
 48
1.0
  6
ByLayer
100
AcDbCircle
 10
20.849655568026634
 20
11.2212056695466416
 30
0.0
 40
0.06
  0
CIRCLE
  5
371
100
AcDbEntity
  8
field_heads
 62
34
420
8339200
370
35
 48
1.0
  6
ByLayer
100
AcDbCircle
 10
22.3695431506302853
 20
11.2389336521734506
 30
0.0
 40
0.06
  0
CIRCLE
  5
372
100
AcDbEntity
  8
field_heads
 62
91
420
8388479
370
35
 48
1.0
  6
ByLayer
100
AcDbCircle
 10
15.3744216122923234
 20
9.3586985436453816
 30
0.0
 40
0.06
  0
CIRCLE
  5
373
100
AcDbEntity
  8
field_heads
 62
91
420
8388479
370
35
 48
1.0
  6
ByLayer
100
AcDbCircle
 10
16.8499781185259394
 20
9.493552184715881
 30
0.0
 40
0.06
  0
CIRCLE
  5
374
100
AcDbEntity
  8
field_heads
 62
91
420
8388479
370
35
 48
1.0
  6
ByLayer
100
AcDbCircle
 10
12.0868209463176939
 20
9.7208832684332407
 30
0.0
 40
0.06
  0
CIRCLE
  5
375
100
AcDbEntity
  8
field_heads
 62
91
420
8388479
370
35
 48
1.0
  6
ByLayer
100
AcDbCircle
 10
18.3532858955837455
 20
9.6351802506155479
 30
0.0
 40
0.06
  0
CIRCLE
  5
376
100
AcDbEntity
  8
field_heads
 62
34
420
8339200
370
35
 48
1.0
  6
ByLayer
100
AcDbCircle
 10
19.9499781185259337
 20
9.6935521847158768
 30
0.0
 40
0.06
  0
CIRCLE
  5
377
100
AcDbEntity
  8
field_heads
 62
34
420
8339200
370
35
 48
1.0
  6
ByLayer
100
AcDbCircle
 10
21.399782621253749
 20
9.7491554579558155
 30
0.0
 40
0.06
  0
CIRCLE
  5
378
100
AcDbEntity
  8
field_heads
 62
34
420
8339200
370
35
 48
1.0
  6
ByLayer
100
AcDbCircle
 10
22.2499781185259451
 20
8.0935521847158753
 30
0.0
 40
0.06
  0
CIRCLE
  5
379
100
AcDbEntity
  8
field_heads
 62
34
420
8339200
370
35
 48
1.0
  6
ByLayer
100
AcDbCircle
 10
21.0932673410156397
 20
8.0481052978780809
 30
0.0
 40
0.06
  0
CIRCLE
  5
37A
100
AcDbEntity
  8
field_heads
 62
34
420
8339200
370
35
 48
1.0
  6
ByLayer
100
AcDbCircle
 10
19.6313084427111875
 20
7.9917473019652192
 30
0.0
 40
0.06
  0
CIRCLE
  5
37B
100
AcDbEntity
  8
field_heads
 62
92
420
42240
370
35
 48
1.0
  6
ByLayer
100
AcDbCircle
 10
17.6037231467709034
 20
7.8778284181744809
 30
0.0
 40
0.06
  0
CIRCLE
  5
37C
100
AcDbEntity
  8
field_heads
 62
96
420
19456
370
35
 48
1.0
  6
ByLayer
100
AcDbCircle
 10
16.2499781185259451
 20
7.7935521847158711
 30
0.0
 40
0.06
  0
CIRCLE
  5
37D
100
AcDbEntity
  8
field_heads
 62
92
420
42240
370
35
 48
1.0
  6
ByLayer
100
AcDbCircle
 10
15.0128926438462287
 20
7.712741711240696
 30
0.0
 40
0.06
  0
CIRCLE
  5
37E
100
AcDbEntity
  8
field_heads
 62
92
420
42240
370
35
 48
1.0
  6
ByLayer
100
AcDbCircle
 10
13.9347777263186785
 20
7.6648543824454265
 30
0.0
 40
0.06
  0
CIRCLE
  5
37F
100
AcDbEntity
  8
field_heads
 62
96
420
19456
370
35
 48
1.0
  6
ByLayer
100
AcDbCircle
 10
10.713789727252319
 20
7.5323183138266714
 30
0.0
 40
0.06
  0
CIRCLE
  5
380
100
AcDbEntity
  8
field_heads
 62
96
420
19456
370
35
 48
1.0
  6
ByLayer
100
AcDbCircle
 10
12.0764620254592998
 20
7.8056205422766851
 30
0.0
 40
0.06
  0
CIRCLE
  5
381
100
AcDbEntity
  8
field_heads
 62
136
420
19532
370
35
 48
1.0
  6
ByLayer
100
AcDbCircle
 10
14.5546451433965132
 20
5.8024129031616383
 30
0.0
 40
0.06
  0
CIRCLE
  5
382
100
AcDbEntity
  8
field_heads
 62
136
420
19532
370
35
 48
1.0
  6
ByLayer
100
AcDbCircle
 10
21.6499781185259437
 20
6.5935521847158753
 30
0.0
 40
0.06
  0
CIRCLE
  5
383
100
AcDbEntity
  8
field_heads
 62
56
420
5000192
370
35
 48
1.0
  6
ByLayer
100
AcDbCircle
 10
9.89199144552299
 20
2.6248344423143948
 30
0.0
 40
0.06
  0
CIRCLE
  5
384
100
AcDbEntity
  8
field_heads
 62
40
420
16760576
370
35
 48
1.0
  6
ByLayer
100
AcDbCircle
 10
8.5502502249695596
 20
2.6260410495764503
 30
0.0
 40
0.06
  0
CIRCLE
  5
385
100
AcDbEntity
  8
field_heads
 62
40
420
16760576
370
35
 48
1.0
  6
ByLayer
100
AcDbCircle
 10
11.3499781185259394
 20
2.5935521847158753
 30
0.0
 40
0.06
  0
CIRCLE
  5
386
100
AcDbEntity
  8
field_heads
 62
40
420
16760576
370
35
 48
1.0
  6
ByLayer
100
AcDbCircle
 10
12.9499781185259337
 20
2.5935521847158753
 30
0.0
 40
0.06
  0
CIRCLE
  5
387
100
AcDbEntity
  8
field_heads
 62
143
420
5411237
370
35
 48
1.0
  6
ByLayer
100
AcDbCircle
 10
10.761401284935495
 20
4.3047139876351395
 30
0.0
 40
0.06
  0
CIRCLE
  5
388
100
AcDbEntity
  8
field_heads
 62
1
420
16711680
370
35
 48
1.0
  6
ByLayer
100
AcDbCircle
 10
12.0499781185259494
 20
4.5935521847158753
 30
0.0
 40
0.06
  0
CIRCLE
  5
389
100
AcDbEntity
  8
field_heads
 62
1
420
16711680
370
35
 48
1.0
  6
ByLayer
100
AcDbCircle
 10
13.319955775100695
 20
4.8644626019839308
 30
0.0
 40
0.06
  0
CIRCLE
  5
38A
100
AcDbEntity
  8
field_heads
 62
143
420
5411237
370
35
 48
1.0
  6
ByLayer
100
AcDbCircle
 10
9.3499781185259181
 20
3.993552184715881
 30
0.0
 40
0.06
  0
CIRCLE
  5
38B
100
AcDbEntity
  8
field_heads
 62
143
420
5411237
370
35
 48
1.0
  6
ByLayer
100
AcDbCircle
 10
8.1847688099532334
 20
3.92076406007412
 30
0.0
 40
0.06
  0
CIRCLE
  5
38C
100
AcDbEntity
  8
field_heads
 62
143
420
5411237
370
35
 48
1.0
  6
ByLayer
100
AcDbCircle
 10
6.4289936118845432
 20
3.7142249025209964
 30
0.0
 40
0.06
  0
CIRCLE
  5
38D
100
AcDbEntity
  8
field_heads
 62
92
420
42240
370
35
 48
1.0
  6
ByLayer
100
AcDbCircle
 10
7.1041499868252558
 20
4.6503736375567257
 30
0.0
 40
0.06
  0
CIRCLE
  5
38E
100
AcDbEntity
  8
field_heads
 62
91
420
8388479
370
35
 48
1.0
  6
ByLayer
100
AcDbCircle
 10
14.0998633028129987
 20
9.2993112821249113
 30
0.0
 40
0.06
  0
CIRCLE
  5
38F
100
AcDbEntity
  8
field_heads
 62
56
420
5000192
370
35
 48
1.0
  6
ByLayer
100
AcDbCircle
 10
7.1311222107098899
 20
2.7598048310090562
 30
0.0
 40
0.06
  0
CIRCLE
  5
390
100
AcDbEntity
  8
field_heads
 62
56
420
5000192
370
35
 48
1.0
  6
ByLayer
100
AcDbCircle
 10
5.602510222336619
 20
2.8767415583906555
 30
0.0
 40
0.06
  0
CIRCLE
  5
391
100
AcDbEntity
  8
field_heads
 62
253
420
12237498
370
35
 48
1.0
  6
ByLayer
100
AcDbCircle
 10
5.1499781185259437
 20
3.8935521847158725
 30
0.0
 40
0.06
  0
CIRCLE
  5
392
100
AcDbEntity
  8
field_heads
 62
253
420
12237498
370
35
 48
1.0
  6
ByLayer
100
AcDbCircle
 10
5.6963236070159837
 20
4.7353051749208603
 30
0.0
 40
0.06
  0
CIRCLE
  5
393
100
AcDbEntity
  8
field_heads
 62
253
420
12237498
370
35
 48
1.0
  6
ByLayer
100
AcDbCircle
 10
4.7499781185259451
 20
4.493552184715881
 30
0.0
 40
0.06
  0
CIRCLE
  5
394
100
AcDbEntity
  8
field_heads
 62
143
420
5411237
370
35
 48
1.0
  6
ByLayer
100
AcDbCircle
 10
3.6507606029246489
 20
3.3696800280381325
 30
0.0
 40
0.06
  0
CIRCLE
  5
395
100
AcDbEntity
  8
field_heads
 62
143
420
5411237
370
35
 48
1.0
  6
ByLayer
100
AcDbCircle
 10
2.8499781185259465
 20
2.7935521847158782
 30
0.0
 40
0.06
  0
CIRCLE
  5
396
100
AcDbEntity
  8
field_heads
 62
143
420
5411237
370
35
 48
1.0
  6
ByLayer
100
AcDbCircle
 10
2.883254434553578
 20
1.6496742628438099
 30
0.0
 40
0.06
  0
CIRCLE
  5
397
100
AcDbEntity
  8
field_heads
 62
81
420
10485631
370
35
 48
1.0
  6
ByLayer
100
AcDbCircle
 10
2.9499781185259337
 20
-0.006447815284119
 30
0.0
 40
0.06
  0
CIRCLE
  5
398
100
AcDbEntity
  8
field_heads
 62
81
420
10485631
370
35
 48
1.0
  6
ByLayer
100
AcDbCircle
 10
4.5499781185259494
 20
-0.006447815284119
 30
0.0
 40
0.06
  0
CIRCLE
  5
399
100
AcDbEntity
  8
field_heads
 62
81
420
10485631
370
35
 48
1.0
  6
ByLayer
100
AcDbCircle
 10
5.998396839996154
 20
-0.0024890139049987
 30
0.0
 40
0.06
  0
CIRCLE
  5
39A
100
AcDbEntity
  8
field_heads
 62
81
420
10485631
370
35
 48
1.0
  6
ByLayer
100
AcDbCircle
 10
4.1023616830827763
 20
1.3322466507028352
 30
0.0
 40
0.06
  0
CIRCLE
  5
39B
100
AcDbEntity
  8
field_heads
 62
81
420
10485631
370
35
 48
1.0
  6
ByLayer
100
AcDbCircle
 10
4.9499781185259337
 20
2.0858904196623911
 30
0.0
 40
0.06
  0
CIRCLE
  5
39C
100
AcDbEntity
  8
field_heads
 62
81
420
10485631
370
35
 48
1.0
  6
ByLayer
100
AcDbCircle
 10
6.7561916613583648
 20
1.3191224385459108
 30
0.0
 40
0.06
  0
CIRCLE
  5
39D
100
AcDbEntity
  8
field_heads
 62
81
420
10485631
370
35
 48
1.0
  6
ByLayer
100
AcDbCircle
 10
5.4499781185259337
 20
1.3935521847158654
 30
0.0
 40
0.06
  0
CIRCLE
  5
39E
100
AcDbEntity
  8
field_heads
 62
30
420
16744192
370
35
 48
1.0
  6
ByLayer
100
AcDbCircle
 10
5.0499781185259494
 20
6.3935521847158654
 30
0.0
 40
0.06
  0
CIRCLE
  5
39F
100
AcDbEntity
  8
field_heads
 62
30
420
16744192
370
35
 48
1.0
  6
ByLayer
100
AcDbCircle
 10
8.6191461405455456
 20
7.9734330157038116
 30
0.0
 40
0.06
  0
CIRCLE
  5
3A0
100
AcDbEntity
  8
field_heads
 62
253
420
12237498
370
35
 48
1.0
  6
ByLayer
100
AcDbCircle
 10
9.7421196955619536
 20
6.849459909656467
 30
0.0
 40
0.06
  0
CIRCLE
  5
3A1
100
AcDbEntity
  8
field_heads
 62
253
420
12237498
370
35
 48
1.0
  6
ByLayer
100
AcDbCircle
 10
7.960199873276224
 20
5.1358467348338976
 30
0.0
 40
0.06
  0
CIRCLE
  5
3A2
100
AcDbEntity
  8
field_heads
 62
253
420
12237498
370
35
 48
1.0
  6
ByLayer
100
AcDbCircle
 10
9.3316684986454348
 20
5.4337239675444309
 30
0.0
 40
0.06
  0
CIRCLE
  5
3A3
100
AcDbEntity
  8
field_heads
 62
253
420
12237498
370
35
 48
1.0
  6
ByLayer
100
AcDbCircle
 10
10.6499781185259437
 20
5.6935521847158768
 30
0.0
 40
0.06
  0
CIRCLE
  5
3A4
100
AcDbEntity
  8
field_heads
 62
253
420
12237498
370
35
 48
1.0
  6
ByLayer
100
AcDbCircle
 10
12.064780976016614
 20
6.185532856820565
 30
0.0
 40
0.06
  0
CIRCLE
  5
3A5
100
AcDbEntity
  8
field_heads
 62
96
420
19456
370
35
 48
1.0
  6
ByLayer
100
AcDbCircle
 10
5.7891773286582691
 20
5.8530600795870313
 30
0.0
 40
0.06
  0
CIRCLE
  5
3A6
100
AcDbEntity
  8
field_heads
 62
92
420
42240
370
35
 48
1.0
  6
ByLayer
100
AcDbCircle
 10
7.0991467892567286
 20
5.9004686545642855
 30
0.0
 40
0.06
  0
CIRCLE
  5
3A7
100
AcDbEntity
  8
field_heads
 62
92
420
42240
370
35
 48
1.0
  6
ByLayer
100
AcDbCircle
 10
8.3771050245437877
 20
6.4203319093730258
 30
0.0
 40
0.06
  0
CIRCLE
  5
3A8
100
AcDbEntity
  8
field_heads
 62
92
420
42240
370
35
 48
1.0
  6
ByLayer
100
AcDbCircle
 10
7.2214995574092953
 20
6.7371629195972886
 30
0.0
 40
0.06
  0
CIRCLE
  5
3A9
100
AcDbEntity
  8
field_heads
 62
30
420
16744192
370
35
 48
1.0
  6
ByLayer
100
AcDbCircle
 10
3.3499781185259465
 20
4.493552184715881
 30
0.0
 40
0.06
  0
CIRCLE
  5
3AA
100
AcDbEntity
  8
field_heads
 62
30
420
16744192
370
35
 48
1.0
  6
ByLayer
100
AcDbCircle
 10
4.3499781185259465
 20
5.5935521847158753
 30
0.0
 40
0.06
  0
CIRCLE
  5
3AB
100
AcDbEntity
  8
field_heads
 62
30
420
16744192
370
35
 48
1.0
  6
ByLayer
100
AcDbCircle
 10
0.8663457939712345
 20
5.259240014864325
 30
0.0
 40
0.06
  0
CIRCLE
  5
3AC
100
AcDbEntity
  8
field_heads
 62
92
420
42240
370
35
 48
1.0
  6
ByLayer
100
AcDbCircle
 10
1.5926018850404731
 20
4.3617099808638002
 30
0.0
 40
0.06
  0
CIRCLE
  5
3AD
100
AcDbEntity
  8
field_heads
 62
30
420
16744192
370
35
 48
1.0
  6
ByLayer
100
AcDbCircle
 10
1.9499781185259337
 20
4.7935521847158782
 30
0.0
 40
0.06
  0
CIRCLE
  5
3AE
100
AcDbEntity
  8
field_heads
 62
30
420
16744192
370
35
 48
1.0
  6
ByLayer
100
AcDbCircle
 10
3.1598771107309958
 20
5.537783192571041
 30
0.0
 40
0.06
  0
CIRCLE
  5
3AF
100
AcDbEntity
  8
field_heads
 62
40
420
16760576
370
35
 48
1.0
  6
ByLayer
100
AcDbCircle
 10
7.6499781185259437
 20
-0.006447815284119
 30
0.0
 40
0.06
  0
CIRCLE
  5
3B0
100
AcDbEntity
  8
field_heads
 62
40
420
16760576
370
35
 48
1.0
  6
ByLayer
100
AcDbCircle
 10
7.7055950440802548
 20
1.5242278494649284
 30
0.0
 40
0.06
  0
CIRCLE
  5
3B1
100
AcDbEntity
  8
field_heads
 62
81
420
10485631
370
35
 48
1.0
  6
ByLayer
100
AcDbCircle
 10
8.6798360439548432
 20
1.2345685291864754
 30
0.0
 40
0.06
  0
CIRCLE
  5
3B2
100
AcDbEntity
  8
field_heads
 62
81
420
10485631
370
35
 48
1.0
  6
ByLayer
100
AcDbCircle
 10
10.4143364130561835
 20
1.235225776442995
 30
0.0
 40
0.06
  0
CIRCLE
  5
3B3
100
AcDbEntity
  8
field_heads
 62
81
420
10485631
370
35
 48
1.0
  6
ByLayer
100
AcDbCircle
 10
12.07357639071558
 20
1.1767845511353912
 30
0.0
 40
0.06
  0
CIRCLE
  5
3B4
100
AcDbEntity
  8
field_heads
 62
81
420
10485631
370
35
 48
1.0
  6
ByLayer
100
AcDbCircle
 10
13.5524623473742167
 20
1.2114121680604555
 30
0.0
 40
0.06
  0
CIRCLE
  5
3B5
100
AcDbEntity
  8
field_heads
 62
81
420
10485631
370
35
 48
1.0
  6
ByLayer
100
AcDbCircle
 10
15.7873883059288644
 20
1.2114121680604555
 30
0.0
 40
0.06
  0
CIRCLE
  5
3B6
100
AcDbEntity
  8
field_heads
 62
81
420
10485631
370
35
 48
1.0
  6
ByLayer
100
AcDbCircle
 10
17.5735962123135039
 20
1.1536994731853483
 30
0.0
 40
0.06
  0
CIRCLE
  5
3B7
100
AcDbEntity
  8
field_heads
 62
81
420
10485631
370
35
 48
1.0
  6
ByLayer
100
AcDbCircle
 10
19.5387134728109899
 20
1.1652420121603697
 30
0.0
 40
0.06
  0
CIRCLE
  5
3B8
100
AcDbEntity
  8
field_heads
 62
81
420
10485631
370
35
 48
1.0
  6
ByLayer
100
AcDbCircle
 10
21.2931793970143062
 20
1.2114121680604555
 30
0.0
 40
0.06
  0
CIRCLE
  5
3B9
100
AcDbEntity
  8
field_heads
 62
81
420
10485631
370
35
 48
1.0
  6
ByLayer
100
AcDbCircle
 10
23.0015300262838949
 20
1.1883270901104055
 30
0.0
 40
0.06
  0
CIRCLE
  5
3BA
100
AcDbEntity
  8
field_heads
 62
136
420
19532
370
35
 48
1.0
  6
ByLayer
100
AcDbCircle
 10
19.2499781185259451
 20
5.5935521847158753
 30
0.0
 40
0.06
  0
CIRCLE
  5
3BB
100
AcDbEntity
  8
field_heads
 62
200
420
12517631
370
35
 48
1.0
  6
ByLayer
100
AcDbCircle
 10
14.4325725630663086
 20
4.7103450818169179
 30
0.0
 40
0.06
  0
CIRCLE
  5
3BC
100
AcDbEntity
  8
field_heads
 62
136
420
19532
370
35
 48
1.0
  6
ByLayer
100
AcDbCircle
 10
16.1499781185259437
 20
5.9535521847158748
 30
0.0
 40
0.06
  0
CIRCLE
  5
3BD
100
AcDbEntity
  8
field_heads
 62
30
420
16744192
370
35
 48
1.0
  6
ByLayer
100
AcDbCircle
 10
9.969795344053793
 20
8.8411054935082092
 30
0.0
 40
0.06
  0
SPLINE
  5
3BE
100
AcDbEntity
  8
field_pipes
 62
92
420
42240
370
50
 48
1.0
  6
Continuous
100
AcDbSpline
 70
8
 71
3
 72
19
 73
15
 74
0
 40
0.0
 40
0.0
 40
0.0
 40
0.0
 40
1.0
 40
2.0
 40
3.0
 40
4.0
 40
5.0
 40
6.0
 40
7.0
 40
8.0
 40
9.0
 40
10.0
 40
11.0
 40
12.0
 40
12.0
 40
12.0
 40
12.0
 10
10.9060264768355637
 20
7.567341733040351
 30
0.0
 10
10.2610782845331343
 20
8.1029766724101648
 30
0.0
 10
9.3194857260863486
 20
7.6836542163643387
 30
0.0
 10
8.0966758764673585
 20
7.2940586007088157
 30
0.0
 10
8.0509040041405342
 20
6.8622376034195156
 30
0.0
 10
7.5175386910766591
 20
6.4633389424435066
 30
0.0
 10
6.9213368000264381
 20
6.1380845199913594
 30
0.0
 10
5.7891773286582691
 20
5.8530600795870313
 30
0.0
 10
4.6095831079169258
 20
5.6215658308397991
 30
0.0
 10
4.4499781185259337
 20
5.1935521847158768
 30
0.0
 10
4.4499781185259337
 20
4.7935521847158782
 30
0.0
 10
4.4499781185259337
 20
4.7935521847158782
 30
0.0
 10
4.4499781185259337
 20
4.2935521847158782
 30
0.0
 10
4.4499781185259337
 20
4.2935521847158782
 30
0.0
 10
4.4499781185259337
 20
4.2935521847158782
 30
0.0
  0
LINE
  5
3BF
100
AcDbEntity
  8
field_pipes
 62
30
420
16744192
370
50
 48
1.0
  6
Continuous
100
AcDbLine
 10
4.3499781185259465
 20
5.5935521847158753
 30
0.0
 11
4.0632282292505337
 21
5.9537402837788278
 31
0.0
  0
SPLINE
  5
3C0
100
AcDbEntity
  8
field_pipes
 62
92
420
42240
370
50
 48
1.0
  6
Continuous
100
AcDbSpline
 70
8
 71
3
 72
11
 73
7
 74
0
 40
0.0
 40
0.0
 40
0.0
 40
0.0
 40
1.0
 40
2.0
 40
3.0
 40
4.0
 40
4.0
 40
4.0
 40
4.0
 10
4.1499781185259437
 20
4.2935521847158782
 30
0.0
 10
4.6499781185259437
 20
4.2935521847158782
 30
0.0
 10
5.6499781185259437
 20
4.1935521847158768
 30
0.0
 10
6.6499781185259437
 20
4.2935521847158782
 30
0.0
 10
7.1041499868252558
 20
4.6503736375567257
 30
0.0
 10
7.1041499868252558
 20
4.6503736375567257
 30
0.0
 10
7.1041499868252558
 20
4.6503736375567257
 30
0.0
  0
LINE
  5
3C1
100
AcDbEntity
  8
field_pipes
 62
40
420
16760576
370
50
 48
1.0
  6
Continuous
100
AcDbLine
 10
11.3499781185259394
 20
3.0558833550547959
 30
0.0
 11
11.3499781185259394
 21
2.5935521847158753
 31
0.0
  0
LINE
  5
3C2
100
AcDbEntity
  8
field_pipes
 62
40
420
16760576
370
50
 48
1.0
  6
Continuous
100
AcDbLine
 10
12.9082017424250495
 20
3.1648714866166614
 30
0.0
 11
12.9499781185259337
 21
2.5935521847158753
 31
0.0
  0
LINE
  5
3C3
100
AcDbEntity
  8
field_pipes
 62
120
420
65471
370
50
 48
1.0
  6
Continuous
100
AcDbLine
 10
19.1807712670248449
 20
6.3154924318562848
 30
0.0
 11
19.2499781185259451
 21
5.5935521847158753
 31
0.0
  0
LINE
  5
3C4
100
AcDbEntity
  8
field_pipes
 62
200
420
12517631
370
50
 48
1.0
  6
Continuous
100
AcDbLine
 10
14.4325725630663086
 20
4.7103450818169179
 30
0.0
 11
14.5347755836116761
 21
4.3916614119845647
 31
0.0
  0
LINE
  5
3C5
100
AcDbEntity
  8
field_pipes
 62
51
420
16184738
370
50
 48
1.0
  6
Continuous
100
AcDbLine
 10
14.9286863594265498
 20
1.3124608093396404
 30
0.0
 11
14.9261359576854744
 21
1.0895566847003408
 31
0.0
  0
LINE
  5
3C6
100
AcDbEntity
  8
field_pipes
 62
1
420
16711680
370
50
 48
1.0
  6
Continuous
100
AcDbLine
 10
14.8773490530557737
 20
1.0810388564354056
 30
0.0
 11
14.8773490530557737
 21
1.0810388564354056
 31
0.0
  0
LINE
  5
3C7
100
AcDbEntity
  8
field_pipes
 62
51
420
16184738
370
50
 48
1.0
  6
Continuous
100
AcDbLine
 10
14.9261359576854744
 20
1.0895566847003408
 30
0.0
 11
3.2511158601659034
 21
1.1377160317247572
 31
0.0
  0
LINE
  5
3C8
100
AcDbEntity
  8
field_pipes
 62
51
420
16184738
370
50
 48
1.0
  6
Continuous
100
AcDbLine
 10
3.2511158601659034
 20
1.1377160317247572
 30
0.0
 11
2.4855641871343437
 21
1.8566623636815507
 31
0.0
  0
ELLIPSE
  5
3C9
100
AcDbEntity
  8
field_heads
 62
92
420
42240
370
35
 48
1.0
  6
ByLayer
100
AcDbEllipse
 10
5.4342681765228988
 20
2.8311584897674109
 30
0.0
 11
-0.0010538573933374
 21
-0.0739451583372173
 31
0.0
 40
0.5599374355451581
 41
0.0
 42
6.2831853071795862
  0
ELLIPSE
  5
3CA
100
AcDbEntity
  8
field_heads
 62
256
370
35
 48
1.0
  6
ByLayer
100
AcDbEllipse
 10
2.4855641871343437
 20
1.8566623636815507
 30
0.0
 11
-0.04883769026398
 21
-0.0372763948170842
 31
0.0
 40
0.6479379791574154
 41
0.0
 42
6.2831853071795862
  0
LINE
  5
3CB
100
AcDbEntity
  8
field_pipes
 62
30
420
16744192
370
50
 48
1.0
  6
ByLayer
100
AcDbLine
 10
0.8516796472335955
 20
5.2592778476426147
 30
0.0
 11
0.2540364303980454
 21
5.2576757711355313
 31
0.0
  0
LINE
  5
3CC
100
AcDbEntity
  8
field_pipes
 62
30
420
16744192
370
50
 48
1.0
  6
ByLayer
100
AcDbLine
 10
0.255140755137603
 20
5.3567590100316949
 30
0.0
 11
0.2499781185259451
 21
7.2935521847158711
 31
0.0
  0
LINE
  5
3CD
100
AcDbEntity
  8
field_pipes
 62
30
420
16744192
370
50
 48
1.0
  6
ByLayer
100
AcDbLine
 10
0.255140755137603
 20
5.3567590100316949
 30
0.0
 11
0.2499781185259451
 21
4.3935521847158654
 31
0.0
  0
LINE
  5
3CE
100
AcDbEntity
  8
field_pipes
 62
81
420
10485631
370
50
 48
1.0
  6
ByLayer
100
AcDbLine
 10
5.4498829903077493
 20
1.3302225233328073
 30
0.0
 11
5.423937139744524
 21
1.7853361974471369
 31
0.0
  0
LINE
  5
3CF
100
AcDbEntity
  8
field_pipes
 62
40
420
16760576
370
50
 48
1.0
  6
ByLayer
100
AcDbLine
 10
7.7055950440802548
 20
1.5242278494649284
 30
0.0
 11
7.4214376552628565
 21
1.577985684418195
 31
0.0
  0
LINE
  5
3D0
100
AcDbEntity
  8
field_pipes
 62
143
420
5411237
370
50
 48
1.0
  6
ByLayer
100
AcDbLine
 10
9.3499781185259394
 20
3.993552184715881
 30
0.0
 11
8.1847688099531553
 21
3.92076406007412
 31
0.0
  0
LINE
  5
3D1
100
AcDbEntity
  8
field_pipes
 62
143
420
5411237
370
50
 48
1.0
  6
ByLayer
100
AcDbLine
 10
8.1847688099531553
 20
3.92076406007412
 30
0.0
 11
6.4289936118845432
 21
3.7142249025209964
 31
0.0
  0
LINE
  5
3D2
100
AcDbEntity
  8
field_pipes
 62
143
420
5411237
370
50
 48
1.0
  6
ByLayer
100
AcDbLine
 10
6.4289936118845432
 20
3.7142249025209964
 30
0.0
 11
3.6507606029246489
 21
3.3696800280381325
 31
0.0
  0
LINE
  5
3D3
100
AcDbEntity
  8
field_pipes
 62
143
420
5411237
370
50
 48
1.0
  6
ByLayer
100
AcDbLine
 10
3.6507606029246489
 20
3.3696800280381325
 30
0.0
 11
3.1990808927488414
 21
2.6994080120054669
 31
0.0
  0
LINE
  5
3D4
100
AcDbEntity
  8
field_pipes
 62
143
420
5411237
370
50
 48
1.0
  6
ByLayer
100
AcDbLine
 10
2.5344585242201925
 20
2.2713312423236727
 30
0.0
 11
2.9766659767212591
 21
1.7509756252851492
 31
0.0
  0
LINE
  5
3D5
100
AcDbEntity
  8
field_pipes
 62
143
420
5411237
370
50
 48
1.0
  6
ByLayer
100
AcDbLine
 10
2.5344585242201925
 20
2.2713312423236727
 30
0.0
 11
3.1999999999999997
 21
2.6999999999999997
 31
0.0
  0
LINE
  5
3D6
100
AcDbEntity
  8
zBlock Wall
 62
34
420
8339200
370
200
 48
1.0
  6
Continuous
100
AcDbLine
 10
5.7499781185259451
 20
6.5935521847158753
 30
0.0
 11
7.8499781185259394
 21
6.8935521847158654
 31
0.0
  0
LINE
  5
3D7
100
AcDbEntity
  8
zBlock Wall
 62
34
420
8339200
370
200
 48
1.0
  6
Continuous
100
AcDbLine
 10
7.8499781185259394
 20
6.8935521847158654
 30
0.0
 11
8.4499781185259337
 21
7.993552184715881
 31
0.0
  0
LINE
  5
3D8
100
AcDbEntity
  8
zBlock Wall
 62
34
420
8339200
370
200
 48
1.0
  6
Continuous
100
AcDbLine
 10
8.4499781185259337
 20
7.993552184715881
 30
0.0
 11
9.9710240034862281
 21
9.0392712306260705
 31
0.0
  0
LINE
  5
3D9
100
AcDbEntity
  8
zBlock Wall
 62
34
420
8339200
370
200
 48
1.0
  6
Continuous
100
AcDbLine
 10
9.9733719486289232
 20
9.0327976791576958
 30
0.0
 11
9.5707367080432633
 21
10.142908773970241
 31
0.0
  0
SPLINE
  5
3DA
100
AcDbEntity
  8
yd_pipes
 62
34
420
8339200
370
70
 48
1.0
  6
ByLayer
100
AcDbSpline
 70
8
 71
3
 72
12
 73
8
 74
0
 40
0.0
 40
0.0
 40
0.0
 40
0.0
 40
1.0
 40
2.0
 40
3.0
 40
4.0
 40
5.0
 40
5.0
 40
5.0
 40
5.0
 10
9.2131314162204632
 20
9.5209306721697402
 30
0.0
 10
8.9499781185259337
 20
9.3935521847158654
 30
0.0
 10
8.9499781185259337
 20
9.3935521847158654
 30
0.0
 10
8.6150363232588845
 20
9.3421441528025611
 30
0.0
 10
8.0499781185259494
 20
8.993552184715881
 30
0.0
 10
7.3925552602726938
 20
9.0748487623704648
 30
0.0
 10
7.3122998642116599
 20
8.6224754025793615
 30
0.0
 10
7.3122998642116599
 20
8.6224754025793615
 30
0.0
  0
HATCH
  5
3DB
100
AcDbEntity
  8
field_pipes
 62
1
420
16711680
370
50
 48
1.0
  6
Continuous
100
AcDbHatch
 10
0.0
 20
0.0
 30
0.0
210
0.0
220
0.0
230
1.0
  2
ANSI31
 70
0
 71
0
 91
1
 92
1
 93
4
 72
1
 10
14.2006761104284962
 20
3.1458210715843791
 11
14.2006761104284962
 21
3.0257786662441717
 72
1
 10
14.2006761104284962
 20
3.0257786662441717
 11
14.3668886716688178
 21
3.0257786662441717
 72
1
 10
14.3668886716688178
 20
3.0257786662441717
 11
14.3668886716688178
 21
3.1458210715843791
 72
1
 10
14.3668886716688178
 20
3.1458210715843791
 11
14.2006761104284962
 21
3.1458210715843791
 97
0
 75
0
 76
1
 52
0.0
 41
0.0393700787401575
 77
0
 78
1
 53
45.0
 43
0.0
 44
0.0
 45
-0.0883883476483184
 46
0.0883883476483185
 79
0
 98
0
1001
ACAD
1010
0.0
1020
0.0
1030
0
  0
HATCH
  5
3DC
100
AcDbEntity
  8
field_pipes
 62
1
420
16711680
370
50
 48
1.0
  6
ByLayer
100
AcDbHatch
 10
0.0
 20
0.0
 30
0.0
210
0.0
220
0.0
230
1.0
  2
SOLID
 70
1
 71
0
 91
1
 92
1
 93
4
 72
1
 10
0.6299781185259477
 20
5.3035521847158904
 11
0.7676293351204748
 21
5.3035521847158762
 72
1
 10
0.7676293351204748
 20
5.3035521847158762
 11
0.7676293351204748
 21
5.212702381763485
 72
1
 10
0.7676293351204748
 20
5.212702381763485
 11
0.6299781185259477
 21
5.212702381763485
 72
1
 10
0.6299781185259477
 20
5.212702381763485
 11
0.6299781185259477
 21
5.3035521847158904
 97
0
 75
0
 76
1
 98
0
1001
ACAD
1010
0.0
1020
0.0
1030
0
  0
HATCH
  5
3DD
100
AcDbEntity
  8
field_heads
 62
256
370
35
 48
1.0
  6
ByLayer
100
AcDbHatch
 10
0.0
 20
0.0
 30
0.0
210
0.0
220
0.0
230
1.0
  2
ZIGZAG
 70
0
 71
0
 91
1
 92
1
 93
1
 72
2
 10
13.319955775100695
 20
4.8644626019839308
 40
0.06
 50
0.0
 51
360.0
 73
1
 97
0
 75
0
 76
1
 52
0.0
 41
0.2
 77
0
 78
1
 53
45.0
 43
0.0
 44
0.0
 45
-0.0883883476483184
 46
0.0883883476483185
 79
0
 98
0
1001
ACAD
1010
0.0
1020
0.0
1030
0
  0
HATCH
  5
3DE
100
AcDbEntity
  8
field_pipes
 62
1
420
16711680
370
50
 48
1.0
  6
Continuous
100
AcDbHatch
 10
0.0
 20
0.0
 30
0.0
210
0.0
220
0.0
230
1.0
  2
ANSI31
 70
0
 71
0
 91
1
 92
1
 93
4
 72
1
 10
13.882305490538279
 20
5.0718304382123307
 11
13.882305490538279
 21
4.9517880328721091
 72
1
 10
13.882305490538279
 20
4.9517880328721091
 11
14.0485180517785864
 21
4.9517880328721091
 72
1
 10
14.0485180517785864
 20
4.9517880328721091
 11
14.0485180517785864
 21
5.0718304382123307
 72
1
 10
14.0485180517785864
 20
5.0718304382123307
 11
13.882305490538279
 21
5.0718304382123307
 97
0
 75
0
 76
1
 52
0.0
 41
0.0393700787401575
 77
0
 78
1
 53
45.0
 43
0.0
 44
0.0
 45
-0.0883883476483184
 46
0.0883883476483185
 79
0
 98
0
1001
ACAD
1010
0.0
1020
0.0
1030
0
  0
HATCH
  5
3DF
100
AcDbEntity
  8
field_pipes
 62
1
420
16711680
370
50
 48
1.0
  6
Continuous
100
AcDbHatch
 10
0.0
 20
0.0
 30
0.0
210
0.0
220
0.0
230
1.0
  2
ANSI31
 70
0
 71
0
 91
1
 92
1
 93
4
 72
1
 10
14.29450588660157
 20
4.4456083701778653
 11
14.29450588660157
 21
4.3255659648376508
 72
1
 10
14.29450588660157
 20
4.3255659648376508
 11
14.4607184478418773
 21
4.3255659648376508
 72
1
 10
14.4607184478418773
 20
4.3255659648376508
 11
14.4607184478418773
 21
4.4456083701778653
 72
1
 10
14.4607184478418773
 20
4.4456083701778653
 11
14.29450588660157
 21
4.4456083701778653
 97
0
 75
0
 76
1
 52
0.0
 41
0.0393700787401575
 77
0
 78
1
 53
45.0
 43
0.0
 44
0.0
 45
-0.0883883476483184
 46
0.0883883476483185
 79
0
 98
0
1001
ACAD
1010
0.0
1020
0.0
1030
0
  0
HATCH
  5
3E0
100
AcDbEntity
  8
field_pipes
 62
1
420
16711680
370
50
 48
1.0
  6
Continuous
100
AcDbHatch
 10
0.0
 20
0.0
 30
0.0
210
0.0
220
0.0
230
1.0
  2
ANSI31
 70
0
 71
0
 91
1
 92
1
 93
4
 72
1
 10
13.7088398316559577
 20
7.7082556493017549
 11
13.7088398316559577
 21
7.5882132439615191
 72
1
 10
13.7088398316559577
 20
7.5882132439615191
 11
13.8750523928962792
 21
7.5882132439615191
 72
1
 10
13.8750523928962792
 20
7.5882132439615191
 11
13.8750523928962792
 21
7.7082556493017549
 72
1
 10
13.8750523928962792
 20
7.7082556493017549
 11
13.7088398316559577
 21
7.7082556493017549
 97
0
 75
0
 76
1
 52
0.0
 41
0.0393700787401575
 77
0
 78
1
 53
45.0
 43
0.0
 44
0.0
 45
-0.0883883476483184
 46
0.0883883476483185
 79
0
 98
0
1001
ACAD
1010
0.0
1020
0.0
1030
0
  0
HATCH
  5
3E1
100
AcDbEntity
  8
field_pipes
 62
1
420
16711680
370
50
 48
1.0
  6
Continuous
100
AcDbHatch
 10
0.0
 20
0.0
 30
0.0
210
0.0
220
0.0
230
1.0
  2
ANSI31
 70
0
 71
0
 91
1
 92
1
 93
4
 72
1
 10
13.2784614262934042
 20
10.1622203126773982
 11
13.2784614262934042
 21
10.0421779073371695
 72
1
 10
13.2784614262934042
 20
10.0421779073371695
 11
13.4446739875337258
 21
10.0421779073371695
 72
1
 10
13.4446739875337258
 20
10.0421779073371695
 11
13.4446739875337258
 21
10.1622203126773982
 72
1
 10
13.4446739875337258
 20
10.1622203126773982
 11
13.2784614262934042
 21
10.1622203126773982
 97
0
 75
0
 76
1
 52
0.0
 41
0.0393700787401575
 77
0
 78
1
 53
45.0
 43
0.0
 44
0.0
 45
-0.0883883476483184
 46
0.0883883476483185
 79
0
 98
0
1001
ACAD
1010
0.0
1020
0.0
1030
0
  0
HATCH
  5
3E2
100
AcDbEntity
  8
field_pipes
 62
1
420
16711680
370
50
 48
1.0
  6
Continuous
100
AcDbHatch
 10
0.0
 20
0.0
 30
0.0
210
0.0
220
0.0
230
1.0
  2
ANSI31
 70
0
 71
0
 91
1
 92
1
 93
4
 72
1
 10
14.1112117633204832
 20
5.8186777926526361
 11
14.1112117633204832
 21
5.6986353873124074
 72
1
 10
14.1112117633204832
 20
5.6986353873124074
 11
14.2774243245608048
 21
5.6986353873124074
 72
1
 10
14.2774243245608048
 20
5.6986353873124074
 11
14.2774243245608048
 21
5.8186777926526361
 72
1
 10
14.2774243245608048
 20
5.8186777926526361
 11
14.1112117633204832
 21
5.8186777926526361
 97
0
 75
0
 76
1
 52
0.0
 41
0.0393700787401575
 77
0
 78
1
 53
45.0
 43
0.0
 44
0.0
 45
-0.0883883476483184
 46
0.0883883476483185
 79
0
 98
0
1001
ACAD
1010
0.0
1020
0.0
1030
0
  0
HATCH
  5
3E3
100
AcDbEntity
  8
field_pipes
 62
1
420
16711680
370
50
 48
1.0
  6
Continuous
100
AcDbHatch
 10
0.0
 20
0.0
 30
0.0
210
0.0
220
0.0
230
1.0
  2
ANSI31
 70
0
 71
0
 91
1
 92
1
 93
4
 72
1
 10
13.62897371897526
 20
6.6980530499880615
 11
13.62897371897526
 21
6.5780106446478257
 72
1
 10
13.62897371897526
 20
6.5780106446478257
 11
13.7951862802155674
 21
6.5780106446478257
 72
1
 10
13.7951862802155674
 20
6.5780106446478257
 11
13.7951862802155674
 21
6.6980530499880615
 72
1
 10
13.7951862802155674
 20
6.6980530499880615
 11
13.62897371897526
 21
6.6980530499880615
 97
0
 75
0
 76
1
 52
0.0
 41
0.0393700787401575
 77
0
 78
1
 53
45.0
 43
0.0
 44
0.0
 45
-0.0883883476483184
 46
0.0883883476483185
 79
0
 98
0
1001
ACAD
1010
0.0
1020
0.0
1030
0
  0
HATCH
  5
3E4
100
AcDbEntity
  8
field_pipes
 62
1
420
16711680
370
50
 48
1.0
  6
Continuous
100
AcDbHatch
 10
0.0
 20
0.0
 30
0.0
210
0.0
220
0.0
230
1.0
  2
ANSI31
 70
0
 71
0
 91
1
 92
1
 93
4
 72
1
 10
13.4843058946571333
 20
8.4839879079039662
 11
13.5691886935031576
 21
8.3991051090579347
 72
1
 10
13.5691886935031576
 20
8.3991051090579347
 11
13.6867187226745699
 21
8.5166351382293612
 72
1
 10
13.6867187226745699
 20
8.5166351382293612
 11
13.6279537080888673
 21
8.4578701236436515
 72
1
 10
13.6279537080888673
 20
8.4578701236436515
 11
13.4843058946571333
 21
8.4839879079039662
 97
0
 75
0
 76
1
 52
45.0
 41
0.0393700787401575
 77
0
 78
1
 53
45.0
 43
0.0
 44
0.0
 45
-0.0883883476483184
 46
0.0883883476483185
 79
0
 98
0
1001
ACAD
1010
0.0
1020
0.0
1030
0
  0
HATCH
  5
3E5
100
AcDbEntity
  8
field_pipes
 62
1
420
16711680
370
50
 48
1.0
  6
Continuous
100
AcDbHatch
 10
0.0
 20
0.0
 30
0.0
210
0.0
220
0.0
230
1.0
  2
ANSI31
 70
0
 71
0
 91
1
 92
1
 93
4
 72
1
 10
12.5006592766654734
 20
11.5535733873859883
 11
12.5006592766654734
 21
11.4335309820457596
 72
1
 10
12.5006592766654734
 20
11.4335309820457596
 11
12.6668718379057879
 21
11.4335309820457596
 72
1
 10
12.6668718379057879
 20
11.4335309820457596
 11
12.6668718379057879
 21
11.5535733873859883
 72
1
 10
12.6668718379057879
 20
11.5535733873859883
 11
12.5006592766654734
 21
11.5535733873859883
 97
0
 75
0
 76
1
 52
0.0
 41
0.0393700787401575
 77
0
 78
1
 53
45.0
 43
0.0
 44
0.0
 45
-0.0883883476483184
 46
0.0883883476483185
 79
0
 98
0
1001
ACAD
1010
0.0
1020
0.0
1030
0
  0
HATCH
  5
3E6
100
AcDbEntity
  8
field_pipes
 62
240
420
16711743
370
50
 48
1.0
  6
Continuous
100
AcDbHatch
 10
0.0
 20
0.0
 30
0.0
210
0.0
220
0.0
230
1.0
  2
ANSI31
 70
0
 71
0
 91
1
 92
1
 93
4
 72
1
 10
12.966871837905785
 20
11.5535733873859883
 11
12.966871837905785
 21
11.4335309820457596
 72
1
 10
12.966871837905785
 20
11.4335309820457596
 11
13.1330843991460995
 21
11.4335309820457596
 72
1
 10
13.1330843991460995
 20
11.4335309820457596
 11
13.0499781185259494
 21
11.4335309820457596
 72
1
 10
13.0499781185259494
 20
11.4335309820457596
 11
12.966871837905785
 21
11.5535733873859883
 97
0
 75
0
 76
1
 52
0.0
 41
0.0393700787401575
 77
0
 78
1
 53
45.0
 43
0.0
 44
0.0
 45
-0.0883883476483184
 46
0.0883883476483185
 79
0
 98
0
1001
ACAD
1010
0.0
1020
0.0
1030
0
  0
HATCH
  5
3E7
100
AcDbEntity
  8
field_pipes
 62
1
420
16711680
370
50
 48
1.0
  6
Continuous
100
AcDbHatch
 10
0.0
 20
0.0
 30
0.0
210
0.0
220
0.0
230
1.0
  2
ANSI31
 70
0
 71
0
 91
1
 92
1
 93
4
 72
1
 10
13.2225586550101539
 20
11.5572971085124792
 11
13.2225586550101539
 21
11.4372547031722505
 72
1
 10
13.2225586550101539
 20
11.4372547031722505
 11
13.3887712162504755
 21
11.4372547031722505
 72
1
 10
13.3887712162504755
 20
11.4372547031722505
 11
13.3056649356303183
 21
11.4372547031722505
 72
1
 10
13.3056649356303183
 20
11.4372547031722505
 11
13.2225586550101539
 21
11.5572971085124792
 97
0
 75
0
 76
1
 52
0.0
 41
0.0393700787401575
 77
0
 78
1
 53
45.0
 43
0.0
 44
0.0
 45
-0.0883883476483184
 46
0.0883883476483185
 79
0
 98
0
1001
ACAD
1010
0.0
1020
0.0
1030
0
  0
HATCH
  5
3E8
100
AcDbEntity
  8
field_pipes
 62
1
420
16711680
370
50
 48
1.0
  6
Continuous
100
AcDbHatch
 10
0.0
 20
0.0
 30
0.0
210
0.0
220
0.0
230
1.0
  2
ANSI31
 70
0
 71
0
 91
1
 92
1
 93
4
 72
1
 10
14.5493621360790186
 20
3.1482279647299549
 11
14.5493621360790186
 21
3.0281855593897262
 72
1
 10
14.5493621360790186
 20
3.0281855593897262
 11
14.7155746973193331
 21
3.0281855593897262
 72
1
 10
14.7155746973193331
 20
3.0281855593897262
 11
14.7155746973193331
 21
3.1482279647299549
 72
1
 10
14.7155746973193331
 20
3.1482279647299549
 11
14.5493621360790186
 21
3.1482279647299549
 97
0
 75
0
 76
1
 52
0.0
 41
0.0393700787401575
 77
0
 78
1
 53
45.0
 43
0.0
 44
0.0
 45
-0.0883883476483184
 46
0.0883883476483185
 79
0
 98
0
1001
ACAD
1010
0.0
1020
0.0
1030
0
  0
HATCH
  5
3E9
100
AcDbEntity
  8
field_pipes
 62
1
420
16711680
370
50
 48
1.0
  6
Continuous
100
AcDbHatch
 10
0.0
 20
0.0
 30
0.0
210
0.0
220
0.0
230
1.0
  2
ANSI31
 70
0
 71
0
 91
1
 92
1
 93
4
 72
1
 10
14.4351064928628858
 20
1.3812066320723417
 11
14.4351064928628858
 21
1.2611642267321059
 72
1
 10
14.4351064928628858
 20
1.2611642267321059
 11
14.6013190541031932
 21
1.2611642267321059
 72
1
 10
14.6013190541031932
 20
1.2611642267321059
 11
14.6013190541031932
 21
1.3812066320723417
 72
1
 10
14.6013190541031932
 20
1.3812066320723417
 11
14.4351064928628858
 21
1.3812066320723417
 97
0
 75
0
 76
1
 52
0.0
 41
0.0393700787401575
 77
0
 78
1
 53
45.0
 43
0.0
 44
0.0
 45
-0.0883883476483184
 46
0.0883883476483185
 79
0
 98
0
1001
ACAD
1010
0.0
1020
0.0
1030
0
  0
HATCH
  5
3EA
100
AcDbEntity
  8
field_pipes
 62
1
420
16711680
370
50
 48
1.0
  6
Continuous
100
AcDbHatch
 10
0.0
 20
0.0
 30
0.0
210
0.0
220
0.0
230
1.0
  2
ANSI31
 70
0
 71
0
 91
1
 92
1
 93
4
 72
1
 10
13.193668064058734
 20
11.0321815219551311
 11
13.193668064058734
 21
10.9121391166148953
 72
1
 10
13.193668064058734
 20
10.9121391166148953
 11
13.3598806252990485
 21
10.9121391166148953
 72
1
 10
13.3598806252990485
 20
10.9121391166148953
 11
13.3598806252990485
 21
11.0321815219551311
 72
1
 10
13.3598806252990485
 20
11.0321815219551311
 11
13.193668064058734
 21
11.0321815219551311
 97
0
 75
0
 76
1
 52
0.0
 41
0.0393700787401575
 77
0
 78
1
 53
45.0
 43
0.0
 44
0.0
 45
-0.0883883476483184
 46
0.0883883476483185
 79
0
 98
0
1001
ACAD
1010
0.0
1020
0.0
1030
0
  0
HATCH
  5
3EB
100
AcDbEntity
  8
field_pipes
 62
1
420
16711680
370
50
 48
1.0
  6
Continuous
100
AcDbHatch
 10
0.0
 20
0.0
 30
0.0
210
0.0
220
0.0
230
1.0
  2
ANSI31
 70
0
 71
0
 91
1
 92
1
 93
4
 72
1
 10
12.2651245111463396
 20
11.7181798722503316
 11
12.2651245111463396
 21
11.5981374669100958
 72
1
 10
12.2651245111463396
 20
11.5981374669100958
 11
12.4313370723866541
 21
11.5981374669100958
 72
1
 10
12.4313370723866541
 20
11.5981374669100958
 11
12.4313370723866541
 21
11.7181798722503316
 72
1
 10
12.4313370723866541
 20
11.7181798722503316
 11
12.2651245111463396
 21
11.7181798722503316
 97
0
 75
0
 76
1
 52
0.0
 41
0.0393700787401575
 77
0
 78
1
 53
45.0
 43
0.0
 44
0.0
 45
-0.0883883476483184
 46
0.0883883476483185
 79
0
 98
0
1001
ACAD
1010
0.0
1020
0.0
1030
0
  0
HATCH
  5
3EC
100
AcDbEntity
  8
field_heads
 62
256
370
35
 48
1.0
  6
ByLayer
100
AcDbHatch
 10
0.0
 20
0.0
 30
0.0
210
0.0
220
0.0
230
1.0
  2
ZIGZAG
 70
0
 71
0
 91
1
 92
1
 93
1
 72
2
 10
14.5546451433965132
 20
5.8024129031616383
 40
0.06
 50
0.0
 51
360.0
 73
1
 97
0
 75
0
 76
1
 52
0.0
 41
0.2
 77
0
 78
1
 53
45.0
 43
0.0
 44
0.0
 45
-0.0883883476483184
 46
0.0883883476483185
 79
0
 98
0
1001
ACAD
1010
0.0
1020
0.0
1030
0
  0
HATCH
  5
3ED
100
AcDbEntity
  8
field_heads
 62
256
370
35
 48
1.0
  6
ByLayer
100
AcDbHatch
 10
0.0
 20
0.0
 30
0.0
210
0.0
220
0.0
230
1.0
  2
ZIGZAG
 70
0
 71
0
 91
1
 92
1
 93
1
 72
2
 10
12.0499781185259494
 20
4.5935521847158753
 40
0.06
 50
0.0
 51
360.0
 73
1
 97
0
 75
0
 76
1
 52
0.0
 41
0.2
 77
0
 78
1
 53
45.0
 43
0.0
 44
0.0
 45
-0.0883883476483184
 46
0.0883883476483185
 79
0
 98
0
1001
ACAD
1010
0.0
1020
0.0
1030
0
  0
LINE
  5
3EE
100
AcDbEntity
  8
field_pipes
 62
2
420
16776960
370
50
 48
1.0
  6
Continuous
100
AcDbLine
 10
14.9299825554780483
 20
1.5119960330531015
 30
0.0
 11
14.9299999999999997
 21
1.3200000000000001
 31
0.0
  0
LINE
  5
3EF
100
AcDbEntity
  8
field_pipes
 62
2
420
16776960
370
50
 48
1.0
  6
Continuous
100
AcDbLine
 10
14.9299999999999997
 20
1.3200000000000001
 30
0.0
 11
14.6837655572856409
 21
1.3167410364387779
 31
0.0
  0
LINE
  5
3F0
100
AcDbEntity
  8
field_pipes
 62
2
420
16776960
370
50
 48
1.0
  6
Continuous
100
AcDbLine
 10
14.9310123382937689
 20
1.5119942071970414
 30
0.0
 11
14.1473635053917874
 21
1.513383655482329
 31
0.0
  0
LINE
  5
3F1
100
AcDbEntity
  8
zProperty Fence
 62
94
420
32768
370
140
 48
1.0
  6
ByLayer
100
AcDbLine
 10
1.5499781185259494
 20
5.7935521847158782
 30
0.0
 11
3.1915079517116354
 21
6.1916441796372652
 31
0.0
  0
LINE
  5
3F2
100
AcDbEntity
  8
zProperty Fence
 62
94
420
32768
370
140
 48
1.0
  6
ByLayer
100
AcDbLine
 10
1.5499781185259494
 20
5.7935521847158782
 30
0.0
 11
1.5499781185259494
 21
5.3935521847158654
 31
0.0
  0
LINE
  5
3F3
100
AcDbEntity
  8
zProperty Fence
 62
94
420
32768
370
140
 48
1.0
  6
ByLayer
100
AcDbLine
 10
1.5499781185259494
 20
5.3935521847158654
 30
0.0
 11
0.3341861993078297
 21
5.3859507968605413
 31
0.0
  0
LINE
  5
3F4
100
AcDbEntity
  8
zProperty Fence
 62
94
420
32768
370
140
 48
1.0
  6
ByLayer
100
AcDbLine
 10
0.3341861993078297
 20
5.3859507968605413
 30
0.0
 11
0.3341861993078297
 21
7.640013784647671
 31
0.0
  0
LINE
  5
3F5
100
AcDbEntity
  8
zProperty Fence
 62
94
420
32768
370
140
 48
1.0
  6
ByLayer
100
AcDbLine
 10
0.3341861993078297
 20
7.640013784647671
 30
0.0
 11
2.627451092933434
 21
7.640013784647671
 31
0.0
  0
LINE
  5
3F6
100
AcDbEntity
  8
zProperty Fence
 62
94
420
32768
370
140
 48
1.0
  6
ByLayer
100
AcDbLine
 10
2.627451092933434
 20
7.640013784647671
 30
0.0
 11
3.1704323499150533
 21
7.1484061905441365
 31
0.0
  0
LINE
  5
3F7
100
AcDbEntity
  8
zProperty Fence
 62
94
420
32768
370
140
 48
1.0
  6
ByLayer
100
AcDbLine
 10
3.1704323499150533
 20
7.1484061905441365
 30
0.0
 11
3.1915079517115927
 21
6.1916441796372368
 31
0.0
  0
LINE
  5
3F8
100
AcDbEntity
  8
zProperty Fence
 62
94
420
32768
370
140
 48
1.0
  6
ByLayer
100
AcDbLine
 10
0.362283796225114
 20
6.4521340162404215
 30
0.0
 11
0.5921258347738458
 21
6.4521340162404215
 31
0.0
  0
LINE
  5
3F9
100
AcDbEntity
  8
zProperty Fence
 62
94
420
32768
370
140
 48
1.0
  6
ByLayer
100
AcDbLine
 10
0.5921258347738458
 20
6.4521340162404215
 30
0.0
 11
0.5921258347738458
 21
6.4521340162404215
 31
0.0
  0
LINE
  5
3FA
100
AcDbEntity
  8
zProperty Fence
 62
94
420
32768
370
140
 48
1.0
  6
ByLayer
100
AcDbLine
 10
1.5499781185259494
 20
5.7935521847158782
 30
0.0
 11
1.5499781185259494
 21
6.3435521847158753
 31
0.0
  0
LINE
  5
3FB
100
AcDbEntity
  8
zProperty Fence
 62
94
420
32768
370
140
 48
1.0
  6
ByLayer
100
AcDbLine
 10
1.5499781185259494
 20
6.3435521847158753
 30
0.0
 11
1.2013320476892844
 21
6.3424987395025951
 31
0.0
  0
LINE
  5
3FC
100
AcDbEntity
  8
zProperty Fence
 62
94
420
32768
370
140
 48
1.0
  6
ByLayer
100
AcDbLine
 10
1.2013320476892844
 20
6.3424987395025951
 30
0.0
 11
1.2013320476892844
 21
6.3424987395025951
 31
0.0
  0
LINE
  5
3FD
100
AcDbEntity
  8
field_pipes
 62
2
420
16776960
370
50
 48
1.0
  6
ByLayer
100
AcDbLine
 10
14.1499781185259437
 20
2.1935521847158768
 30
0.0
 11
8.1499781185259437
 21
2.1935521847158768
 31
0.0
  0
LINE
  5
3FE
100
AcDbEntity
  8
field_pipes
 62
2
420
16776960
370
50
 48
1.0
  6
ByLayer
100
AcDbLine
 10
14.1499781185259437
 20
1.8935521847158654
 30
0.0
 11
8.1499781185259437
 21
1.8935521847158654
 31
0.0
  0
LINE
  5
3FF
100
AcDbEntity
  8
field_pipes
 62
2
420
16776960
370
50
 48
1.0
  6
ByLayer
100
AcDbLine
 10
23.3499781185259394
 20
2.1935521847158768
 30
0.0
 11
14.1499781185259437
 21
2.1935521847158768
 31
0.0
  0
LINE
  5
400
100
AcDbEntity
  8
field_pipes
 62
2
420
16776960
370
50
 48
1.0
  6
ByLayer
100
AcDbLine
 10
14.1499781185259437
 20
1.1935521847158768
 30
0.0
 11
8.1499781185259437
 21
1.1935521847158768
 31
0.0
  0
LINE
  5
401
100
AcDbEntity
  8
field_pipes
 62
2
420
16776960
370
50
 48
1.0
  6
ByLayer
100
AcDbLine
 10
14.1499781185259437
 20
0.8935521847158654
 30
0.0
 11
8.1499781185259437
 21
0.8935521847158654
 31
0.0
  0
LINE
  5
402
100
AcDbEntity
  8
field_pipes
 62
2
420
16776960
370
50
 48
1.0
  6
ByLayer
100
AcDbLine
 10
14.1499781185259437
 20
0.5935521847158753
 30
0.0
 11
8.1499781185259437
 21
0.5935521847158753
 31
0.0
  0
LINE
  5
403
100
AcDbEntity
  8
field_pipes
 62
2
420
16776960
370
50
 48
1.0
  6
ByLayer
100
AcDbLine
 10
14.1499781185259437
 20
1.5935521847158753
 30
0.0
 11
8.1499781185259437
 21
1.5935521847158753
 31
0.0
  0
LINE
  5
404
100
AcDbEntity
  8
field_pipes
 62
2
420
16776960
370
50
 48
1.0
  6
ByLayer
100
AcDbLine
 10
23.3499781185259394
 20
1.8935521847158654
 30
0.0
 11
14.1499781185259437
 21
1.8935521847158654
 31
0.0
  0
LINE
  5
405
100
AcDbEntity
  8
field_pipes
 62
2
420
16776960
370
50
 48
1.0
  6
ByLayer
100
AcDbLine
 10
23.3499781185259394
 20
1.5935521847158753
 30
0.0
 11
14.1499781185259437
 21
1.5935521847158753
 31
0.0
  0
LINE
  5
406
100
AcDbEntity
  8
field_pipes
 62
2
420
16776960
370
50
 48
1.0
  6
ByLayer
100
AcDbLine
 10
23.3499781185259394
 20
1.1935521847158768
 30
0.0
 11
14.0999781185259465
 21
1.1935521847158768
 31
0.0
  0
LINE
  5
407
100
AcDbEntity
  8
field_pipes
 62
2
420
16776960
370
50
 48
1.0
  6
ByLayer
100
AcDbLine
 10
23.3499781185259394
 20
0.8935521847158654
 30
0.0
 11
14.0999781185259465
 21
0.8935521847158654
 31
0.0
  0
LINE
  5
408
100
AcDbEntity
  8
field_pipes
 62
2
420
16776960
370
50
 48
1.0
  6
ByLayer
100
AcDbLine
 10
23.2999781185259494
 20
0.5935521847158753
 30
0.0
 11
14.1499781185259437
 21
0.5935521847158753
 31
0.0
  0
LINE
  5
409
100
AcDbEntity
  8
field_pipes
 62
2
420
16776960
370
50
 48
1.0
  6
ByLayer
100
AcDbLine
 10
14.1499781185259437
 20
2.1935521847158768
 30
0.0
 11
14.1499781185259437
 21
0.5935521847158753
 31
0.0
  0
LINE
  5
40A
100
AcDbEntity
  8
field_pipes
 62
81
420
10485631
370
50
 48
1.0
  6
ByLayer
100
AcDbLine
 10
14.319363770241516
 20
1.3184648797019207
 30
0.0
 11
14.3199773506043044
 21
1.4533031660345088
 31
0.0
  0
LINE
  5
40B
100
AcDbEntity
  8
field_pipes
 62
81
420
10485631
370
50
 48
1.0
  6
ByLayer
100
AcDbLine
 10
14.3199773506043044
 20
1.4533031660345088
 30
0.0
 11
15.0586080590629692
 21
1.4516358280921651
 31
0.0
  0
LINE
  5
40C
100
AcDbEntity
  8
field_pipes
 62
81
420
10485631
370
50
 48
1.0
  6
ByLayer
100
AcDbLine
 10
15.0586080590629692
 20
1.4516358280921651
 30
0.0
 11
15.0589785786057035
 21
1.3022701374237755
 31
0.0
  0
LINE
  5
40D
100
AcDbEntity
  8
field_pipes
 62
81
420
10485631
370
50
 48
1.0
  6
ByLayer
100
AcDbLine
 10
15.0589785786057035
 20
1.3022701374237755
 30
0.0
 11
15.3499781185259394
 21
1.2935521847158782
 31
0.0
  0
LINE
  5
40E
100
AcDbEntity
  8
field_pipes
 62
256
370
50
 48
1.0
  6
ByLayer
100
AcDbLine
 10
15.3499781185259394
 20
1.2935521847158782
 30
0.0
 11
15.3499781185259749
 21
1.2935521847158782
 31
0.0
  0
TEXT
  5
40F
100
AcDbEntity
  8
aText
 62
161
420
11184895
370
35
 48
2.0
  6
Continuous
100
AcDbText
 10
3.629255438304746
 20
9.2166778662355853
 30
0.0
 40
0.15
  1
House
 50
0.0
 41
1.0
  7
textstyle32
 71
0
 72
0
 11
3.629255438304746
 21
9.2166778662355853
 31
0.0
100
AcDbText
 73
0
  0
TEXT
  5
410
100
AcDbEntity
  8
aText
 62
161
420
11184895
370
35
 48
2.0
  6
Continuous
100
AcDbText
 10
6.1292177578864298
 20
7.8772628602960211
 30
0.0
 40
0.15
  1
Pool
 50
0.0
 41
1.0
  7
textstyle21
 71
0
 72
0
 11
6.1292177578864298
 21
7.8772628602960211
 31
0.0
100
AcDbText
 73
0
  0
TEXT
  5
411
100
AcDbEntity
  8
aText
 62
161
420
11184895
370
35
 48
2.0
  6
Continuous
100
AcDbText
 10
8.3067929370125881
 20
10.3327963082865217
 30
0.0
 40
0.15
  1
Garage
 50
359.4351546099362054
 41
1.0
  7
textstyle20
 71
0
 72
0
 11
8.3067929370125881
 21
10.3327963082865217
 31
0.0
100
AcDbText
 73
0
  0
TEXT
  5
412
100
AcDbEntity
  8
aText
 62
161
420
11184895
370
35
 48
2.0
  6
Continuous
100
AcDbText
 10
11.074718291003137
 20
9.7493494357154482
 30
0.0
 40
0.15
  1
Barn
 50
17.2414593989401013
 41
1.0
  7
textstyle23
 71
0
 72
0
 11
11.074718291003137
 21
9.7493494357154482
 31
0.0
100
AcDbText
 73
0
  0
TEXT
  5
413
100
AcDbEntity
  8
aText
 62
161
420
11184895
370
35
 48
2.0
  6
Continuous
100
AcDbText
 10
10.3999999999999986
 20
11.1999999999999993
 30
0.0
 40
0.15
  1
Barn
 50
0.0
 41
1.0
  7
textstyle22
 71
0
 72
0
 11
10.3999999999999986
 21
11.1999999999999993
 31
0.0
100
AcDbText
 73
0
  0
TEXT
  5
414
100
AcDbEntity
  8
aText
 62
161
420
11184895
370
35
 48
2.0
  6
Continuous
100
AcDbText
 10
0.6499781185259437
 20
6.4935521847158739
 30
0.0
 40
0.15
  1
Chicken House
 50
0.0
 41
1.0
  7
textstyle17
 71
0
 72
0
 11
0.6499781185259437
 21
6.4935521847158739
 31
0.0
100
AcDbText
 73
0
  0
TEXT
  5
415
100
AcDbEntity
  8
aText
 62
161
420
11184895
370
35
 48
2.0
  6
Continuous
100
AcDbText
 10
1.7
 20
3.2999999999999998
 30
0.0
 40
0.15
  1
Pond
 50
0.0
 41
1.0
  7
textstyle16
 71
0
 72
0
 11
1.7
 21
3.2999999999999998
 31
0.0
100
AcDbText
 73
0
  0
TEXT
  5
416
100
AcDbEntity
  8
aText
 62
161
420
11184895
370
35
 48
2.0
  6
Continuous
100
AcDbText
 10
6.7015443143443036
 20
10.5357208359901051
 30
0.0
 40
0.15
  1
Well
 50
356.0671543862605404
 41
1.0
  7
textstyle19
 71
0
 72
0
 11
6.7015443143443036
 21
10.5357208359901051
 31
0.0
100
AcDbText
 73
0
  0
TEXT
  5
417
100
AcDbEntity
  8
aText
 62
161
420
11184895
370
35
 48
2.0
  6
Continuous
100
AcDbText
 10
6.7155013323696267
 20
10.3880108977694405
 30
0.0
 40
0.15
  1
House
 50
356.0670000000000641
 41
1.0
  7
textstyle18
 71
0
 72
0
 11
6.7155013323696267
 21
10.3880108977694405
 31
0.0
100
AcDbText
 73
0
  0
TEXT
  5
418
100
AcDbEntity
  8
aText
 62
161
420
11184895
370
35
 48
2.0
  6
Continuous
100
AcDbText
 10
11.8616222154351263
 20
11.9781351811487156
 30
0.0
 40
0.15
  1
Well
 50
0.0
 41
1.0
  7
textstyle29
 71
0
 72
0
 11
11.8616222154351263
 21
11.9781351811487156
 31
0.0
100
AcDbText
 73
0
  0
TEXT
  5
419
100
AcDbEntity
  8
aText
 62
161
420
11184895
370
35
 48
2.0
  6
Continuous
100
AcDbText
 10
12.3515267189399367
 20
11.9794628356297679
 30
0.0
 40
0.15
  1
House
 50
0.0
 41
1.0
  7
textstyle28
 71
0
 72
0
 11
12.3515267189399367
 21
11.9794628356297679
 31
0.0
100
AcDbText
 73
0
  0
TEXT
  5
41A
100
AcDbEntity
  8
aText
 62
161
420
11184895
370
35
 48
2.0
  6
Continuous
100
AcDbText
 10
14.5884517433123548
 20
0.1281681741298826
 30
0.0
 40
0.15
  1
Vineyard
 50
0.0
 41
1.0
  7
textstyle31
 71
0
 72
0
 11
14.5884517433123548
 21
0.1281681741298826
 31
0.0
100
AcDbText
 73
0
  0
TEXT
  5
41B
100
AcDbEntity
  8
aText
 62
161
420
11184895
370
35
 48
2.0
  6
Continuous
100
AcDbText
 10
4.2999999999999998
 20
2.5999999999999996
 30
0.0
 40
0.15
  1
Gazebo
 50
0.0
 41
1.0
  7
textstyle30
 71
0
 72
0
 11
4.2999999999999998
 21
2.5999999999999996
 31
0.0
100
AcDbText
 73
0
  0
TEXT
  5
41C
100
AcDbEntity
  8
aText
 62
161
420
11184895
370
35
 48
1.0
  6
ByLayer
100
AcDbText
 10
0.0
 20
0.0
 30
0.0
 40
0.15
  1
Daylillies
 50
0.0
 41
1.0
  7
textstyle25
 71
0
 72
0
 11
5.8999999999999995
 21
2.5999999999999996
 31
0.0
100
AcDbText
 73
3
  0
TEXT
  5
41D
100
AcDbEntity
  8
aText
 62
161
420
11184895
370
35
 48
1.0
  6
ByLayer
100
AcDbText
 10
0.0
 20
0.0
 30
0.0
 40
0.15
  1
Cut
 50
0.0
 41
1.0
  7
textstyle24
 71
0
 72
0
 11
2.3999999999999999
 21
2.0999999999999996
 31
0.0
100
AcDbText
 73
3
  0
TEXT
  5
41E
100
AcDbEntity
  8
aText
 62
161
420
11184895
370
35
 48
1.0
  6
ByLayer
100
AcDbText
 10
0.0
 20
0.0
 30
0.0
 40
0.15
  1
Valve
 50
0.0
 41
1.0
  7
textstyle27
 71
0
 72
0
 11
5.0768911622636779
 21
3.0361210042448263
 31
0.0
100
AcDbText
 73
3
  0
TEXT
  5
41F
100
AcDbEntity
  8
aText
 62
161
420
11184895
370
35
 48
1.0
  6
ByLayer
100
AcDbText
 10
0.0
 20
0.0
 30
0.0
 40
0.15
  1
Valve
 50
0.0
 41
1.0
  7
textstyle26
 71
0
 72
0
 11
1.5926018850404731
 21
4.3617099808638002
 31
0.0
100
AcDbText
 73
3
  0
TEXT
  5
420
100
AcDbEntity
  8
aText
 62
161
420
11184895
370
35
 48
1.0
  6
ByLayer
100
AcDbText
 10
0.0
 20
0.0
 30
0.0
 40
0.15
  1
Valve
 50
0.0
 41
1.0
  7
textstyle5
 71
0
 72
0
 11
0.4499781185259337
 21
5.1935521847158768
 31
0.0
100
AcDbText
 73
3
  0
TEXT
  5
421
100
AcDbEntity
  8
aText
 62
161
420
11184895
370
35
 48
1.0
  6
ByLayer
100
AcDbText
 10
0.0
 20
0.0
 30
0.0
 40
0.15
  1
Valve
 50
0.0
 41
1.0
  7
textstyle4
 71
0
 72
0
 11
13.4499781185259337
 21
6.493552184715881
 31
0.0
100
AcDbText
 73
3
  0
TEXT
  5
422
100
AcDbEntity
  8
aText
 62
161
420
11184895
370
35
 48
1.0
  6
ByLayer
100
AcDbText
 10
0.0
 20
0.0
 30
0.0
 40
0.15
  1
Valve
 50
0.0
 41
1.0
  7
textstyle7
 71
0
 72
0
 11
13.7718139804503892
 21
7.5576240847182916
 31
0.0
100
AcDbText
 73
3
  0
TEXT
  5
423
100
AcDbEntity
  8
aText
 62
161
420
11184895
370
35
 48
1.0
  6
ByLayer
100
AcDbText
 10
0.0
 20
0.0
 30
0.0
 40
0.15
  1
Valve
 50
0.0
 41
1.0
  7
textstyle6
 71
0
 72
0
 11
14.3195416095876737
 21
4.2823485653720681
 31
0.0
100
AcDbText
 73
3
  0
TEXT
  5
424
100
AcDbEntity
  8
aText
 62
161
420
11184895
370
35
 48
1.0
  6
ByLayer
100
AcDbText
 10
0.0
 20
0.0
 30
0.0
 40
0.15
  1
Valve
 50
0.0
 41
1.0
  7
textstyle1
 71
0
 72
0
 11
14.5084008229285999
 21
3.3015959724064956
 31
0.0
100
AcDbText
 73
3
  0
TEXT
  5
425
100
AcDbEntity
  8
aText
 62
161
420
11184895
370
35
 48
1.0
  6
ByLayer
100
AcDbText
 10
0.0
 20
0.0
 30
0.0
 40
0.15
  1
Valve
 50
0.0
 41
1.0
  7
textstyle0
 71
0
 72
0
 11
14.0059738823585889
 21
3.2970075985200182
 31
0.0
100
AcDbText
 73
3
  0
TEXT
  5
426
100
AcDbEntity
  8
aText
 62
161
420
11184895
370
35
 48
1.0
  6
ByLayer
100
AcDbText
 10
0.0
 20
0.0
 30
0.0
 40
0.15
  1
Valve
 50
0.0
 41
1.0
  7
textstyle3
 71
0
 72
0
 11
14.1807102642386837
 21
1.2563357227042005
 31
0.0
100
AcDbText
 73
3
  0
TEXT
  5
427
100
AcDbEntity
  8
aText
 62
161
420
11184895
370
35
 48
1.0
  6
ByLayer
100
AcDbText
 10
0.3610399344751158
 20
0.3501148625107422
 30
0.0
 40
0.15
  1
Valve
 50
0.0
 41
1.0
  7
textstyle2
 71
0
 72
0
 11
14.936353511735355
 21
1.5925561023620733
 31
0.0
100
AcDbText
 73
3
  0
TEXT
  5
428
100
AcDbEntity
  8
aText
 62
161
420
11184895
370
35
 48
1.0
  6
ByLayer
100
AcDbText
 10
0.0
 20
0.0
 30
0.0
 40
0.15
  1
Valve
 50
0.0
 41
1.0
  7
textstyle13
 71
0
 72
0
 11
14.0923244582001033
 21
5.6549633499209264
 31
0.0
100
AcDbText
 73
3
  0
TEXT
  5
429
100
AcDbEntity
  8
aText
 62
161
420
11184895
370
35
 48
1.0
  6
ByLayer
100
AcDbText
 10
0.0
 20
0.0
 30
0.0
 40
0.15
  1
Valve
 50
0.0
 41
1.0
  7
textstyle12
 71
0
 72
0
 11
13.4499781185259337
 21
10.2935521847158711
 31
0.0
100
AcDbText
 73
3
  0
TEXT
  5
42A
100
AcDbEntity
  8
aText
 62
161
420
11184895
370
35
 48
1.0
  6
ByLayer
100
AcDbText
 10
0.0
 20
0.0
 30
0.0
 40
0.15
  1
Valve
 50
0.0
 41
1.0
  7
textstyle15
 71
0
 72
0
 11
12.8169506372522832
 21
11.0378366476052747
 31
0.0
100
AcDbText
 73
3
  0
TEXT
  5
42B
100
AcDbEntity
  8
aText
 62
161
420
11184895
370
35
 48
1.0
  6
ByLayer
100
AcDbText
 10
0.0
 20
0.0
 30
0.0
 40
0.15
  1
Field Shutoff
 50
0.0
 41
1.0
  7
textstyle14
 71
0
 72
0
 11
12.4934158086379554
 21
11.4039299287156055
 31
0.0
100
AcDbText
 73
3
  0
TEXT
  5
42C
100
AcDbEntity
  8
aText
 62
161
420
11184895
370
35
 48
1.0
  6
ByLayer
100
AcDbText
 10
0.0
 20
0.0
 30
0.0
 40
0.15
  1
Valve
 50
0.0
 41
1.0
  7
textstyle9
 71
0
 72
0
 11
12.4722198475152481
 21
11.7749974309339649
 31
0.0
100
AcDbText
 73
3
  0
TEXT
  5
42D
100
AcDbEntity
  8
aText
 62
161
420
11184895
370
35
 48
1.0
  6
ByLayer
100
AcDbText
 10
0.0
 20
0.0
 30
0.0
 40
0.15
  1
Yard Shutoff Valve
 50
0.0
 41
1.0
  7
textstyle8
 71
0
 72
0
 11
6.8004334937134772
 21
11.3049002430486212
 31
0.0
100
AcDbText
 73
3
  0
TEXT
  5
42E
100
AcDbEntity
  8
aText
 62
161
420
11184895
370
35
 48
1.0
  6
ByLayer
100
AcDbText
 10
0.0
 20
0.0
 30
0.0
 40
0.15
  1
BlowOut Valve
 50
0.0
 41
1.0
  7
textstyle11
 71
0
 72
0
 11
6.7538570224572467
 21
10.8935521847158654
 31
0.0
100
AcDbText
 73
3
  0
TEXT
  5
42F
100
AcDbEntity
  8
aText
 62
161
420
11184895
370
35
 48
1.0
  6
ByLayer
100
AcDbText
 10
0.0
 20
0.0
 30
0.0
 40
0.15
  1
Tree Drip
 50
90.0
 41
1.0
  7
textstyle10
 71
0
 72
0
 11
0.1229647936732192
 21
5.4733952242977395
 31
0.0
100
AcDbText
 73
3
  0
TEXT
  5
430
100
AcDbEntity
  8
aText
 62
161
420
11184895
370
35
 48
1.0
  6
ByLayer
100
AcDbText
 10
0.0
 20
0.0
 30
0.0
 40
0.15
  1
Wire Splices
 50
0.0
 41
1.0
  7
textstyle61
 71
0
 72
0
 11
13.7330843991460938
 21
8.5535733873859883
 31
0.0
100
AcDbText
 73
3
  0
TEXT
  5
431
100
AcDbEntity
  8
aText
 62
161
420
11184895
370
35
 48
1.0
  6
ByLayer
100
AcDbText
 10
0.0
 20
0.0
 30
0.0
 40
0.15
  1
Wire Splices
 50
0.0
 41
1.0
  7
textstyle60
 71
0
 72
0
 11
12.8323648430616899
 21
11.6169337939996993
 31
0.0
100
AcDbText
 73
3
  0
TEXT
  5
432
100
AcDbEntity
  8
aText
 62
161
420
11184895
370
35
 48
1.0
  6
ByLayer
100
AcDbText
 10
0.0
 20
0.0
 30
0.0
 40
0.15
  1
\H0.1;Drip
 50
0.0
 41
1.0
  7
textstyle63
 71
0
 72
0
 11
23.783090204067733
 21
3.5515998597781859
 31
0.0
100
AcDbText
 73
3
  0
TEXT
  5
433
100
AcDbEntity
  8
aText
 62
161
420
11184895
370
35
 48
1.0
  6
ByLayer
100
AcDbText
 10
0.0
 20
0.0
 30
0.0
 40
0.15
  1
2
 50
0.0
 41
1.0
  7
textstyle62
 71
0
 72
0
 11
13.2499781185259451
 21
10.2935521847158711
 31
0.0
100
AcDbText
 73
3
  0
TEXT
  5
434
100
AcDbEntity
  8
aText
 62
161
420
11184895
370
35
 48
1.0
  6
ByLayer
100
AcDbText
 10
0.0
 20
0.0
 30
0.0
 40
0.15
  1
12
 50
0.0
 41
1.0
  7
textstyle57
 71
0
 72
0
 11
13.160915828313577
 21
11.1689378552991556
 31
0.0
100
AcDbText
 73
3
  0
TEXT
  5
435
100
AcDbEntity
  8
aText
 62
161
420
11184895
370
35
 48
1.0
  6
ByLayer
100
AcDbText
 10
0.0
 20
0.0
 30
0.0
 40
0.15
  1
11
 50
0.0
 41
1.0
  7
textstyle56
 71
0
 72
0
 11
13.7371478211878895
 21
7.8435990630870549
 31
0.0
100
AcDbText
 73
3
  0
TEXT
  5
436
100
AcDbEntity
  8
aText
 62
161
420
11184895
370
35
 48
1.0
  6
ByLayer
100
AcDbText
 10
0.0
 20
0.0
 30
0.0
 40
0.15
  1
4
 50
0.0
 41
1.0
  7
textstyle59
 71
0
 72
0
 11
13.516383302700568
 21
6.7437568231879084
 31
0.0
100
AcDbText
 73
3
  0
TEXT
  5
437
100
AcDbEntity
  8
aText
 62
161
420
11184895
370
35
 48
1.0
  6
ByLayer
100
AcDbText
 10
0.0
 20
0.0
 30
0.0
 40
0.15
  1
1
 50
0.0
 41
1.0
  7
textstyle58
 71
0
 72
0
 11
14.0792855669569761
 21
5.9528378364682482
 31
0.0
100
AcDbText
 73
3
  0
TEXT
  5
438
100
AcDbEntity
  8
aText
 62
161
420
11184895
370
35
 48
1.0
  6
ByLayer
100
AcDbText
 10
0.0
 20
0.0
 30
0.0
 40
0.15
  1
6
 50
0.0
 41
1.0
  7
textstyle69
 71
0
 72
0
 11
13.9192211244918838
 21
5.198534151351538
 31
0.0
100
AcDbText
 73
3
  0
TEXT
  5
439
100
AcDbEntity
  8
aText
 62
161
420
11184895
370
35
 48
1.0
  6
ByLayer
100
AcDbText
 10
0.0
 20
0.0
 30
0.0
 40
0.15
  1
10
 50
0.0
 41
1.0
  7
textstyle68
 71
0
 72
0
 11
14.2753645089766934
 21
4.5742828257377113
 31
0.0
100
AcDbText
 73
3
  0
TEXT
  5
43A
100
AcDbEntity
  8
aText
 62
161
420
11184895
370
35
 48
1.0
  6
ByLayer
100
AcDbText
 10
0.0
 20
0.0
 30
0.0
 40
0.15
  1
5
 50
0.0
 41
1.0
  7
textstyle71
 71
0
 72
0
 11
14.2613588702609988
 21
2.99964887298745
 31
0.0
100
AcDbText
 73
3
  0
TEXT
  5
43B
100
AcDbEntity
  8
aText
 62
161
420
11184895
370
35
 48
1.0
  6
ByLayer
100
AcDbText
 10
0.0
 20
0.0
 30
0.0
 40
0.15
  1
8
 50
0.0
 41
1.0
  7
textstyle70
 71
0
 72
0
 11
14.5994950049684888
 21
3.0076520951107071
 31
0.0
100
AcDbText
 73
3
  0
TEXT
  5
43C
100
AcDbEntity
  8
aText
 62
161
420
11184895
370
35
 48
1.0
  6
ByLayer
100
AcDbText
 10
0.0
 20
0.0
 30
0.0
 40
0.15
  1
3
 50
0.0
 41
1.0
  7
textstyle65
 71
0
 72
0
 11
14.4792799393254086
 21
1.3714933722879294
 31
0.0
100
AcDbText
 73
3
  0
TEXT
  5
43D
100
AcDbEntity
  8
aText
 62
161
420
11184895
370
35
 48
1.0
  6
ByLayer
100
AcDbText
 10
0.0
 20
0.0
 30
0.0
 40
0.15
  1
9
 50
0.0
 41
1.0
  7
textstyle64
 71
0
 72
0
 11
14.7726152337710133
 21
1.3730493786683198
 31
0.0
100
AcDbText
 73
3
  0
TEXT
  5
43E
100
AcDbEntity
  8
aText
 62
161
420
11184895
370
35
 48
1.0
  6
ByLayer
100
AcDbText
 10
0.0
 20
0.0
 30
0.0
 40
0.15
  1
Cap
 50
0.0
 41
1.0
  7
textstyle67
 71
0
 72
0
 11
3.8596116096977582
 21
8.1386359092164469
 31
0.0
100
AcDbText
 73
3
  0
TEXT
  5
43F
100
AcDbEntity
  8
aText
 62
161
420
11184895
370
35
 48
1.0
  6
ByLayer
100
AcDbText
 10
0.0
 20
0.0
 30
0.0
 40
0.15
  1
Cap
 50
0.0
 41
1.0
  7
textstyle66
 71
0
 72
0
 11
4.9017264242458083
 21
8.4635521847158799
 31
0.0
100
AcDbText
 73
3
  0
TEXT
  5
440
100
AcDbEntity
  8
aText
 62
161
420
11184895
370
35
 48
1.0
  6
ByLayer
100
AcDbText
 10
0.0
 20
0.0
 30
0.0
 40
0.15
  1
Cap
 50
0.0
 41
1.0
  7
textstyle45
 71
0
 72
0
 11
7.5429063100222749
 21
7.7898095374942997
 31
0.0
100
AcDbText
 73
3
  0
TEXT
  5
441
100
AcDbEntity
  8
aText
 62
161
420
11184895
370
35
 48
1.0
  6
ByLayer
100
AcDbText
 10
0.0
 20
0.0
 30
0.0
 40
0.15
  1
Cap
 50
0.0
 41
1.0
  7
textstyle44
 71
0
 72
0
 11
4.863349050989207
 21
8.1819866957173772
 31
0.0
100
AcDbText
 73
3
  0
TEXT
  5
442
100
AcDbEntity
  8
aText
 62
161
420
11184895
370
35
 48
1.0
  6
ByLayer
100
AcDbText
 10
0.0
 20
0.0
 30
0.0
 40
0.15
  1
Cap
 50
0.0
 41
1.0
  7
textstyle47
 71
0
 72
0
 11
4.5036517409871735
 21
8.1201291829885847
 31
0.0
100
AcDbText
 73
3
  0
TEXT
  5
443
100
AcDbEntity
  8
aText
 62
161
420
11184895
370
35
 48
1.0
  6
ByLayer
100
AcDbText
 10
0.0
 20
0.0
 30
0.0
 40
0.15
  1
Cap
 50
0.0
 41
1.0
  7
textstyle46
 71
0
 72
0
 11
4.1664017910891573
 21
7.9585634114432082
 31
0.0
100
AcDbText
 73
3
  0
TEXT
  5
444
100
AcDbEntity
  8
aText
 62
161
420
11184895
370
35
 48
1.0
  6
ByLayer
100
AcDbText
 10
0.0
 20
0.0
 30
0.0
 40
0.15
  1
Cap
 50
0.0
 41
1.0
  7
textstyle41
 71
0
 72
0
 11
2.4305607264762443
 21
11.2420818710781347
 31
0.0
100
AcDbText
 73
3
  0
TEXT
  5
445
100
AcDbEntity
  8
aText
 62
161
420
11184895
370
35
 48
1.0
  6
ByLayer
100
AcDbText
 10
0.0
 20
0.0
 30
0.0
 40
0.15
  1
Valve
 50
0.0
 41
1.0
  7
textstyle40
 71
0
 72
0
 11
1.3617145080962842
 21
7.7666411413944161
 31
0.0
100
AcDbText
 73
3
  0
TEXT
  5
446
100
AcDbEntity
  8
aText
 62
161
420
11184895
370
35
 48
1.0
  6
ByLayer
100
AcDbText
 10
0.0
 20
0.0
 30
0.0
 40
0.15
  1
Drip
 50
0.0
 41
1.0
  7
textstyle43
 71
0
 72
0
 11
1.3635337337185831
 21
7.1665980213682516
 31
0.0
100
AcDbText
 73
3
  0
TEXT
  5
447
100
AcDbEntity
  8
aText
 62
161
420
11184895
370
35
 48
1.0
  6
ByLayer
100
AcDbText
 10
-0.0126799235014761
 20
-0.1652136773733348
 30
0.0
 40
0.15
  1
Drip
 50
0.0
 41
1.0
  7
textstyle42
 71
0
 72
0
 11
1.9581632200156665
 21
6.9686493973574493
 31
0.0
100
AcDbText
 73
3
  0
TEXT
  5
448
100
AcDbEntity
  8
aText
 62
161
420
11184895
370
35
 48
1.0
  6
ByLayer
100
AcDbText
 10
0.0
 20
0.0
 30
0.0
 40
0.15
  1
Drip
 50
0.0
 41
1.0
  7
textstyle53
 71
0
 72
0
 11
2.4483971475455562
 21
6.9890363952555106
 31
0.0
100
AcDbText
 73
3
  0
TEXT
  5
449
100
AcDbEntity
  8
aText
 62
161
420
11184895
370
35
 48
1.0
  6
ByLayer
100
AcDbText
 10
0.0
 20
0.0
 30
0.0
 40
0.15
  1
Chicken Water
 50
0.0
 41
1.0
  7
textstyle52
 71
0
 72
0
 11
1.1499781185259437
 21
6.2935521847158711
 31
0.0
100
AcDbText
 73
3
  0
TEXT
  5
44A
100
AcDbEntity
  8
aText
 62
161
420
11184895
370
35
 48
1.0
  6
ByLayer
100
AcDbText
 10
0.0
 20
0.0
 30
0.0
 40
0.15
  1
Cap
 50
0.0
 41
1.0
  7
textstyle55
 71
0
 72
0
 11
13.300389841445849
 21
4.8077424623489406
 31
0.0
100
AcDbText
 73
3
  0
TEXT
  5
44B
100
AcDbEntity
  8
aText
 62
161
420
11184895
370
35
 48
1.0
  6
ByLayer
100
AcDbText
 10
0.0
 20
0.0
 30
0.0
 40
0.15
  1
Cap
 50
0.0
 41
1.0
  7
textstyle54
 71
0
 72
0
 11
11.9216683870150035
 21
4.5316745935271712
 31
0.0
100
AcDbText
 73
3
  0
TEXT
  5
44C
100
AcDbEntity
  8
aText
 62
161
420
11184895
370
35
 48
1.0
  6
ByLayer
100
AcDbText
 10
0.0
 20
0.0
 30
0.0
 40
0.15
  1
Cap
 50
0.0
 41
1.0
  7
textstyle49
 71
0
 72
0
 11
14.7077500725622556
 21
4.3386368759142755
 31
0.0
100
AcDbText
 73
3
  0
TEXT
  5
44D
100
AcDbEntity
  8
aText
 62
161
420
11184895
370
35
 48
1.0
  6
ByLayer
100
AcDbText
 10
0.0
 20
0.0
 30
0.0
 40
0.15
  1
Cap
 50
0.0
 41
1.0
  7
textstyle48
 71
0
 72
0
 11
16.0157966963869143
 21
4.4164281949523101
 31
0.0
100
AcDbText
 73
3
  0
TEXT
  5
44E
100
AcDbEntity
  8
aText
 62
161
420
11184895
370
35
 48
1.0
  6
ByLayer
100
AcDbText
 10
0.0
 20
0.0
 30
0.0
 40
0.15
  1
Cap
 50
0.0
 41
1.0
  7
textstyle51
 71
0
 72
0
 11
17.4534955186082996
 21
6.0442835748222095
 31
0.0
100
AcDbText
 73
3
  0
TEXT
  5
44F
100
AcDbEntity
  8
aText
 62
161
420
11184895
370
35
 48
1.0
  6
ByLayer
100
AcDbText
 10
0.0
 20
0.0
 30
0.0
 40
0.15
  1
Cap
 50
0.0
 41
1.0
  7
textstyle50
 71
0
 72
0
 11
17.7041564355086294
 21
4.5403180734202806
 31
0.0
100
AcDbText
 73
3
  0
TEXT
  5
450
100
AcDbEntity
  8
aText
 62
161
420
11184895
370
35
 48
1.0
  6
ByLayer
100
AcDbText
 10
0.0
 20
0.0
 30
0.0
 40
0.15
  1
Cap
 50
0.0
 41
1.0
  7
textstyle37
 71
0
 72
0
 11
19.0352523390482631
 21
6.4245966901192517
 31
0.0
100
AcDbText
 73
3
  0
TEXT
  5
451
100
AcDbEntity
  8
aText
 62
161
420
11184895
370
35
 48
1.0
  6
ByLayer
100
AcDbText
 10
0.0
 20
0.0
 30
0.0
 40
0.15
  1
Cap
 50
0.0
 41
1.0
  7
textstyle36
 71
0
 72
0
 11
21.0117280746071273
 21
4.9321558285747997
 31
0.0
100
AcDbText
 73
3
  0
TEXT
  5
452
100
AcDbEntity
  8
aText
 62
161
420
11184895
370
35
 48
1.0
  6
ByLayer
100
AcDbText
 10
0.0
 20
0.0
 30
0.0
 40
0.15
  1
Cap
 50
0.0
 41
1.0
  7
textstyle39
 71
0
 72
0
 11
20.354823602730427
 21
6.364092330867436
 31
0.0
100
AcDbText
 73
3
  0
TEXT
  5
453
100
AcDbEntity
  8
aText
 62
161
420
11184895
370
35
 48
1.0
  6
ByLayer
100
AcDbText
 10
0.0
 20
0.0
 30
0.0
 40
0.15
  1
Cap
 50
0.0
 41
1.0
  7
textstyle38
 71
0
 72
0
 11
14.9499781185259337
 21
2.993552184715881
 31
0.0
100
AcDbText
 73
3
  0
TEXT
  5
454
100
AcDbEntity
  8
aText
 62
161
420
11184895
370
35
 48
1.0
  6
ByLayer
100
AcDbText
 10
0.0
 20
0.0
 30
0.0
 40
0.15
  1
Cap
 50
0.0
 41
1.0
  7
textstyle34
 71
0
 72
0
 11
14.5630074220651764
 21
5.7429984916483647
 31
0.0
100
AcDbText
 73
3
  0
TEXT
  5
455
100
AcDbEntity
  8
aText
 62
161
420
11184895
370
35
 48
1.0
  6
ByLayer
100
AcDbText
 10
0.0
 20
0.0
 30
0.0
 40
0.15
  1
Drip
 50
0.0
 41
1.0
  7
textstyle33
 71
0
 72
0
 11
2.6838846361843451
 21
10.1254416799409768
 31
0.0
100
AcDbText
 73
3
  0
TEXT
  5
456
100
AcDbEntity
  8
aText
 62
161
420
11184895
370
35
 48
1.0
  6
ByLayer
100
AcDbText
 10
0.0
 20
0.0
 30
0.0
 40
0.15
  1
Drip
 50
0.0
 41
1.0
  7
textstyle35
 71
0
 72
0
 11
2.8899781185259457
 21
9.5735521847158793
 31
0.0
100
AcDbText
 73
3
  0
CIRCLE
  5
457
100
AcDbEntity
  8
field_pipes
 62
1
420
16711680
370
50
 48
1.0
  6
ByLayer
100
AcDbCircle
 10
14.1499781185259437
 20
2.1935521847158768
 30
0.0
 40
0.030669273716451
  0
CIRCLE
  5
458
100
AcDbEntity
  8
field_pipes
 62
1
420
16711680
370
50
 48
1.0
  6
ByLayer
100
AcDbCircle
 10
14.1499781185259437
 20
1.8935521847158654
 30
0.0
 40
0.030669273716451
  0
CIRCLE
  5
459
100
AcDbEntity
  8
field_pipes
 62
1
420
16711680
370
50
 48
1.0
  6
ByLayer
100
AcDbCircle
 10
14.1499781185259437
 20
1.5935521847158753
 30
0.0
 40
0.030669273716451
  0
CIRCLE
  5
45A
100
AcDbEntity
  8
field_pipes
 62
1
420
16711680
370
50
 48
1.0
  6
ByLayer
100
AcDbCircle
 10
14.1499781185259366
 20
1.1935521847158768
 30
0.0
 40
0.030669273716451
  0
CIRCLE
  5
45B
100
AcDbEntity
  8
field_pipes
 62
1
420
16711680
370
50
 48
1.0
  6
ByLayer
100
AcDbCircle
 10
14.1499781185259366
 20
0.8935521847158654
 30
0.0
 40
0.030669273716451
  0
CIRCLE
  5
45C
100
AcDbEntity
  8
field_pipes
 62
1
420
16711680
370
50
 48
1.0
  6
ByLayer
100
AcDbCircle
 10
14.1499781185259437
 20
0.5935521847158753
 30
0.0
 40
0.030669273716451
  0
LINE
  5
45D
100
AcDbEntity
  8
field_pipes
 62
14
420
8388608
370
50
 48
1.0
  6
ByLayer
100
AcDbLine
 10
14.0892123260823183
 20
1.5254084649226414
 30
0.0
 11
14.2332703243008893
 21
1.5254084649226414
 31
0.0
  0
LINE
  5
45E
100
AcDbEntity
  8
field_pipes
 62
14
420
8388608
370
50
 48
1.0
  6
ByLayer
100
AcDbLine
 10
14.2332703243008893
 20
1.5254084649226414
 30
0.0
 11
14.2332703243008893
 21
1.4533794658133559
 31
0.0
  0
LINE
  5
45F
100
AcDbEntity
  8
field_pipes
 62
14
420
8388608
370
50
 48
1.0
  6
ByLayer
100
AcDbLine
 10
14.2332703243008893
 20
1.4533794658133559
 30
0.0
 11
14.0892123260823183
 21
1.4533794658133559
 31
0.0
  0
LINE
  5
460
100
AcDbEntity
  8
field_pipes
 62
14
420
8388608
370
50
 48
1.0
  6
ByLayer
100
AcDbLine
 10
14.0892123260823183
 20
1.4533794658133559
 30
0.0
 11
14.0892123260823183
 21
1.5254084649226414
 31
0.0
  0
HATCH
  5
461
100
AcDbEntity
  8
field_pipes
 62
14
420
8388608
370
50
 48
1.0
  6
ByLayer
100
AcDbHatch
 10
0.0
 20
0.0
 30
0.0
210
0.0
220
0.0
230
1.0
  2
SOLID
 70
1
 71
0
 91
1
 92
1
 93
4
 72
1
 10
14.0892123260823183
 20
1.5254084649226414
 11
14.2332703243008893
 21
1.5254084649226414
 72
1
 10
14.2332703243008893
 20
1.5254084649226414
 11
14.2332703243008893
 21
1.4533794658133559
 72
1
 10
14.2332703243008893
 20
1.4533794658133559
 11
14.0892123260823183
 21
1.4533794658133559
 72
1
 10
14.0892123260823183
 20
1.4533794658133559
 11
14.0892123260823183
 21
1.5254084649226414
 97
0
 75
0
 76
1
 98
0
1001
ACAD
1010
0.0
1020
0.0
1030
0
  0
LWPOLYLINE
  5
462
100
AcDbEntity
  8
yd_pipes
 62
34
420
8339200
370
70
 48
1.0
  6
ByLayer
100
AcDbPolyline
 90
5
 70
128
 10
9.2131314162204632
 20
9.5209306721697402
 10
9.2934910626861651
 20
9.7051598894455609
 10
9.1924751901751591
 20
9.9434487889481886
 10
9.5375246652248151
 20
10.0666764180895356
 10
9.6416980513309554
 20
9.8136626120840447
  0
LWPOLYLINE
  5
463
100
AcDbEntity
  8
yd_pipes
 62
211
420
16744447
370
70
 48
1.0
  6
ByLayer
100
AcDbPolyline
 90
3
 70
128
 10
7.9721792130614375
 20
10.0989005583135381
 10
7.8297937966200593
 20
10.6121738931892651
 10
7.36953954017428
 20
10.137888892695905
  0
LWPOLYLINE
  5
464
100
AcDbEntity
  8
yd_pipes
 62
161
420
8364031
370
70
 48
1.0
  6
ByLayer
100
AcDbPolyline
 90
4
 70
128
 10
6.4551362475117244
 20
10.531373940236108
 10
6.3499781185259394
 20
10.493552184715881
 10
6.3811925537743548
 20
10.3792944290644655
 10
6.6199781185259496
 20
10.4235521847158807
  0
LINE
  5
465
100
AcDbEntity
  8
yd_cov_blockwall
 62
161
420
8364031
370
35
 48
1.0
  6
ByLayer
100
AcDbLine
 10
2.6561338253478297
 20
6.0950911114213469
 30
0.0
 11
3.4534054467287234
 21
6.2388765830290893
 31
0.0
  0
LINE
  5
466
100
AcDbEntity
  8
yd_cov_blockwall
 62
161
420
8364031
370
35
 48
1.0
  6
ByLayer
100
AcDbLine
 10
2.0744720284920817
 20
5.8033403548682827
 30
0.0
 11
3.1829548592328436
 21
6.0544349005410965
 31
0.0
  0
LINE
  5
467
100
AcDbEntity
  8
yd_cov_blockwall
 62
161
420
8364031
370
35
 48
1.0
  6
ByLayer
100
AcDbLine
 10
1.5790201579891345
 20
6.2773536357872644
 30
0.0
 11
1.5747040489856658
 21
5.3026783072195443
 31
0.0
  0
LINE
  5
468
100
AcDbEntity
  8
yd_cov_south_fence
 62
43
420
10850642
370
35
 48
1.0
  6
ByLayer
100
AcDbLine
 10
0.4046304810736387
 20
7.2540540922123995
 30
0.0
 11
0.4109875172907067
 21
7.6474200123653588
 31
0.0
  0
LINE
  5
469
100
AcDbEntity
  8
yd_cov_se
 62
20
420
16727808
370
35
 48
1.0
  6
ByLayer
100
AcDbLine
 10
1.0707904048458303
 20
7.7014427883257568
 30
0.0
 11
1.9028840806769551
 21
7.7165466162902305
 31
0.0
  0
LINE
  5
46A
100
AcDbEntity
  8
yd_cov_se
 62
20
420
16727808
370
35
 48
1.0
  6
ByLayer
100
AcDbLine
 10
1.8154288744033735
 20
7.576294587430759
 30
0.0
 11
2.6468281854647273
 21
7.553028591211131
 31
0.0
  0
LINE
  5
46B
100
AcDbEntity
  8
yd_cov_se
 62
20
420
16727808
370
35
 48
1.0
  6
ByLayer
100
AcDbLine
 10
2.6984231545954529
 20
9.0870049174406091
 30
0.0
 11
2.9333468903720643
 21
8.2465705487125405
 31
0.0
  0
LINE
  5
46C
100
AcDbEntity
  8
yd_cov_se
 62
20
420
16727808
370
35
 48
1.0
  6
ByLayer
100
AcDbLine
 10
3.0634985457070911
 20
8.840898770570206
 30
0.0
 11
3.2871506517994433
 21
8.0603516945479683
 31
0.0
  0
LINE
  5
46D
100
AcDbEntity
  8
yd_cov_se
 62
20
420
16727808
370
35
 48
1.0
  6
ByLayer
100
AcDbLine
 10
2.8638365398587524
 20
9.4376752280445118
 30
0.0
 11
3.0870596031114559
 21
8.6726211238856195
 31
0.0
  0
LINE
  5
46E
100
AcDbEntity
  8
yd_cov_se
 62
20
420
16727808
370
35
 48
1.0
  6
ByLayer
100
AcDbLine
 10
2.5961543426294824
 20
9.8850682909588841
 30
0.0
 11
2.772692679931346
 21
8.8213073648495097
 31
0.0
  0
LINE
  5
46F
100
AcDbEntity
  8
yd_cov_se
 62
20
420
16727808
370
35
 48
1.0
  6
ByLayer
100
AcDbLine
 10
2.9197280623792494
 20
10.2984110201954593
 30
0.0
 11
3.0461045052103586
 21
9.8284841223153592
 31
0.0
  0
LINE
  5
470
100
AcDbEntity
  8
yd_cov_south_fence
 62
43
420
10850642
370
35
 48
1.0
  6
ByLayer
100
AcDbLine
 10
0.8429921463056758
 20
11.3187828534020625
 30
0.0
 11
1.4511317612287087
 21
10.9931312904061187
 31
0.0
  0
LINE
  5
471
100
AcDbEntity
  8
yd_cov_south_fence
 62
43
420
10850642
370
35
 48
1.0
  6
ByLayer
100
AcDbLine
 10
1.6627785339321548
 20
10.3611337517369932
 30
0.0
 11
1.4155239244963624
 21
11.003807184916262
 31
0.0
  0
LINE
  5
472
100
AcDbEntity
  8
yd_cov_south_fence
 62
43
420
10850642
370
35
 48
1.0
  6
ByLayer
100
AcDbLine
 10
0.4636980370373678
 20
10.850876830788458
 30
0.0
 11
0.4508741909369931
 21
10.2100161686016335
 31
0.0
  0
LINE
  5
473
100
AcDbEntity
  8
yd_cov_west
 62
160
420
1135856
370
35
 48
1.0
  6
ByLayer
100
AcDbLine
 10
2.9987871022382748
 20
10.5880451397682407
 30
0.0
 11
2.4305607264762443
 21
11.2420818710781347
 31
0.0
  0
LINE
  5
474
100
AcDbEntity
  8
yd_cov_west
 62
160
420
1135856
370
35
 48
1.0
  6
ByLayer
100
AcDbLine
 10
3.0905224301760725
 20
11.6368718609511177
 30
0.0
 11
2.5020520571738416
 21
11.279883604317412
 31
0.0
  0
LINE
  5
475
100
AcDbEntity
  8
yd_cov_west
 62
160
420
1135856
370
35
 48
1.0
  6
ByLayer
100
AcDbLine
 10
2.7829700820027838
 20
11.6523454473345325
 30
0.0
 11
3.4607148917643187
 21
11.6517197575293352
 31
0.0
  0
LINE
  5
476
100
AcDbEntity
  8
yd_cov_west
 62
160
420
1135856
370
35
 48
1.0
  6
ByLayer
100
AcDbLine
 10
3.2843972735128659
 20
11.6144502536233247
 30
0.0
 11
3.8293600718752927
 21
11.6139471473475808
 31
0.0
  0
LINE
  5
477
100
AcDbEntity
  8
yd_cov_west
 62
160
420
1135856
370
35
 48
1.0
  6
ByLayer
100
AcDbLine
 10
3.604054247955311
 20
11.6099866343801779
 30
0.0
 11
4.268937404206163
 21
11.6093728183737355
 31
0.0
  0
LINE
  5
478
100
AcDbEntity
  8
yd_cov_west
 62
160
420
1135856
370
35
 48
1.0
  6
ByLayer
100
AcDbLine
 10
4.0968843834656283
 20
11.6259748934808016
 30
0.0
 11
4.6418471818280551
 21
11.6254717872050577
 31
0.0
  0
LINE
  5
479
100
AcDbEntity
  8
yd_cov_west
 62
160
420
1135856
370
35
 48
1.0
  6
ByLayer
100
AcDbLine
 10
4.4952529331568272
 20
11.6335639035243261
 30
0.0
 11
5.0402157315192539
 21
11.6330607972485822
 31
0.0
  0
LINE
  5
47A
100
AcDbEntity
  8
yd_cov_west
 62
160
420
1135856
370
35
 48
1.0
  6
ByLayer
100
AcDbLine
 10
4.4237453853364599
 20
11.0493317700386626
 30
0.0
 11
4.9902339485528415
 21
11.1791141806250778
 31
0.0
  0
LINE
  5
47B
100
AcDbEntity
  8
yd_cov_west
 62
160
420
1135856
370
35
 48
1.0
  6
ByLayer
100
AcDbLine
 10
3.9284222147160293
 20
10.945700075196207
 30
0.0
 11
4.4949107779324109
 21
11.0754824857826222
 31
0.0
  0
LINE
  5
47C
100
AcDbEntity
  8
yd_cov_west
 62
160
420
1135856
370
35
 48
1.0
  6
ByLayer
100
AcDbLine
 10
3.65583106043416
 20
10.4546742257077199
 30
0.0
 11
3.9338269595502595
 21
10.5079675607969847
 31
0.0
  0
LINE
  5
47D
100
AcDbEntity
  8
yd_cov_west
 62
160
420
1135856
370
35
 48
1.0
  6
ByLayer
100
AcDbLine
 10
3.9338269595502595
 20
10.5079675607969847
 30
0.0
 11
3.8699388990110606
 21
10.7837214641435111
 31
0.0
  0
LINE
  5
47E
100
AcDbEntity
  8
yd_cov_south_fence
 62
43
420
10850642
370
35
 48
1.0
  6
ByLayer
100
AcDbLine
 10
0.496647066526144
 20
10.8885718345546962
 30
0.0
 11
0.6366933027779353
 21
11.2284007367209568
 31
0.0
  0
LINE
  5
47F
100
AcDbEntity
  8
yd_cov_south_fence
 62
43
420
10850642
370
35
 48
1.0
  6
ByLayer
100
AcDbLine
 10
0.6366933027779353
 20
11.2284007367209568
 30
0.0
 11
1.0032194800986787
 21
11.200919973004055
 31
0.0
  0
LINE
  5
480
100
AcDbEntity
  8
yd_cov_patio
 62
52
420
10855680
370
35
 48
1.0
  6
ByLayer
100
AcDbLine
 10
3.1801432188969585
 20
7.7331228271018304
 30
0.0
 11
3.7930844382720039
 21
7.8679300895902955
 31
0.0
  0
LINE
  5
481
100
AcDbEntity
  8
yd_cov_patio
 62
52
420
10855680
370
35
 48
1.0
  6
ByLayer
100
AcDbLine
 10
3.7930844382720039
 20
7.8679300895902955
 30
0.0
 11
3.9447140296814993
 21
7.2532646692106013
 31
0.0
  0
LINE
  5
482
100
AcDbEntity
  8
yd_cov_patio
 62
52
420
10855680
370
35
 48
1.0
  6
ByLayer
100
AcDbLine
 10
3.9920338692932589
 20
7.8960133960208054
 30
0.0
 11
4.3596363712482358
 21
7.1517661663302903
 31
0.0
  0
LINE
  5
483
100
AcDbEntity
  8
yd_cov_patio
 62
52
420
10855680
370
35
 48
1.0
  6
ByLayer
100
AcDbLine
 10
4.8122055514677484
 20
7.7576950981621451
 30
0.0
 11
3.9920338692932589
 21
7.8960133960208054
 31
0.0
  0
LINE
  5
484
100
AcDbEntity
  8
yd_cov_patio
 62
52
420
10855680
370
35
 48
1.0
  6
ByLayer
100
AcDbLine
 10
4.3764716541837885
 20
7.9329606727997302
 30
0.0
 11
5.1799781185259448
 21
8.1935521847158768
 31
0.0
  0
LINE
  5
485
100
AcDbEntity
  8
yd_cov_patio
 62
52
420
10855680
370
35
 48
1.0
  6
ByLayer
100
AcDbLine
 10
5.1799781185259448
 20
8.1935521847158768
 30
0.0
 11
5.4712743993257789
 21
7.5070166688237236
 31
0.0
  0
LINE
  5
486
100
AcDbEntity
  8
yd_cov_patio
 62
52
420
10855680
370
35
 48
1.0
  6
ByLayer
100
AcDbLine
 10
4.9224880458905744
 20
8.3320260296479844
 30
0.0
 11
5.1311729167714333
 21
8.5437463411340175
 31
0.0
  0
LINE
  5
487
100
AcDbEntity
  8
yd_cov_patio
 62
52
420
10855680
370
35
 48
1.0
  6
ByLayer
100
AcDbLine
 10
5.1311729167714333
 20
8.5437463411340175
 30
0.0
 11
5.2567718714710665
 21
8.2743028995573766
 31
0.0
  0
LINE
  5
488
100
AcDbEntity
  8
f_cov_2
 62
30
420
15765248
370
35
 48
1.0
  6
ByLayer
100
AcDbLine
 10
4.5499781185259423
 20
7.1935521847158768
 30
0.0
 11
5.0799781185259505
 21
7.2935521847158711
 31
0.0
  0
LINE
  5
489
100
AcDbEntity
  8
yd_cov_patio
 62
52
420
10855680
370
35
 48
1.0
  6
ByLayer
100
AcDbLine
 10
5.4506046833846042
 20
7.7632371571498027
 30
0.0
 11
5.597842773180254
 21
7.3269186766360264
 31
0.0
  0
LINE
  5
48A
100
AcDbEntity
  8
yd_cov_patio
 62
52
420
10855680
370
35
 48
1.0
  6
ByLayer
100
AcDbLine
 10
5.597842773180254
 20
7.3269186766360264
 30
0.0
 11
6.0455433526481031
 21
7.2191361981495987
 31
0.0
  0
LINE
  5
48B
100
AcDbEntity
  8
yd_cov_pool_east
 62
230
420
16711807
370
35
 48
1.0
  6
ByLayer
100
AcDbLine
 10
5.919349642559034
 20
7.566984572024289
 30
0.0
 11
6.6431161941894388
 21
7.5083503821151965
 31
0.0
  0
LINE
  5
48C
100
AcDbEntity
  8
yd_cov_pool_east
 62
230
420
16711807
370
35
 48
1.0
  6
ByLayer
100
AcDbLine
 10
6.2591121291768133
 20
7.5394595390983312
 30
0.0
 11
7.3413769959256783
 21
7.4494276472067824
 31
0.0
  0
LINE
  5
48D
100
AcDbEntity
  8
yd_cov_pool_east
 62
230
420
16711807
370
35
 48
1.0
  6
ByLayer
100
AcDbLine
 10
7.0380088127006246
 20
7.4891046062323383
 30
0.0
 11
7.9219982049384114
 21
7.3967313783181226
 31
0.0
  0
LINE
  5
48E
100
AcDbEntity
  8
yd_cov_north
 62
211
420
16744447
370
35
 48
1.0
  6
ByLayer
100
AcDbLine
 10
5.7499781185259451
 20
8.4935521847158739
 30
0.0
 11
5.4505398368112594
 21
8.4618845709414501
 31
0.0
  0
LINE
  5
48F
100
AcDbEntity
  8
yd_cov_north
 62
211
420
16744447
370
35
 48
1.0
  6
ByLayer
100
AcDbLine
 10
5.4505398368112594
 20
8.4618845709414501
 30
0.0
 11
5.6469897412833916
 21
8.6900808841266084
 31
0.0
  0
LINE
  5
490
100
AcDbEntity
  8
yd_cov_north
 62
211
420
16744447
370
35
 48
1.0
  6
ByLayer
100
AcDbLine
 10
5.8203448079128535
 20
8.7348133103364205
 30
0.0
 11
5.7822161305160691
 21
8.6036803851454309
 31
0.0
  0
LINE
  5
491
100
AcDbEntity
  8
yd_cov_north
 62
211
420
16744447
370
35
 48
1.0
  6
ByLayer
100
AcDbLine
 10
5.7822161305160691
 20
8.6036803851454309
 30
0.0
 11
5.7118393303173534
 21
8.4866472868229366
 31
0.0
  0
LINE
  5
492
100
AcDbEntity
  8
yd_cov_pool_west
 62
32
420
12934912
370
35
 48
1.0
  6
ByLayer
100
AcDbLine
 10
6.0089154786589702
 20
9.0197829199915844
 30
0.0
 11
6.0586924570550664
 21
8.8043848379778495
 31
0.0
  0
LINE
  5
493
100
AcDbEntity
  8
yd_cov_pool_west
 62
32
420
12934912
370
35
 48
1.0
  6
ByLayer
100
AcDbLine
 10
6.0586924570550664
 20
8.8043848379778495
 30
0.0
 11
6.0172728142495444
 21
8.5872247714294758
 31
0.0
  0
LINE
  5
494
100
AcDbEntity
  8
yd_cov_pool_west
 62
32
420
12934912
370
35
 48
1.0
  6
ByLayer
100
AcDbLine
 10
6.1758941895618733
 20
8.4980832913681539
 30
0.0
 11
7.0441122576744775
 21
8.432302227043742
 31
0.0
  0
LINE
  5
495
100
AcDbEntity
  8
yd_cov_pool_west
 62
32
420
12934912
370
35
 48
1.0
  6
ByLayer
100
AcDbLine
 10
6.7476790545735454
 20
8.4668190995153481
 30
0.0
 11
7.5688681942502427
 21
8.4107078238131407
 31
0.0
  0
LINE
  5
496
100
AcDbEntity
  8
yd_cov_pool_west
 62
32
420
12934912
370
35
 48
1.0
  6
ByLayer
100
AcDbLine
 10
7.342723522426148
 20
8.4226861055361013
 30
0.0
 11
7.8675700774215755
 21
8.3113781987765734
 31
0.0
  0
LINE
  5
497
100
AcDbEntity
  8
f_cov_2
 62
30
420
15765248
370
35
 48
1.0
  6
ByLayer
100
AcDbLine
 10
7.778058229547014
 20
7.5222353401652029
 30
0.0
 11
8.6191461405455456
 21
7.9734330157038116
 31
0.0
  0
LINE
  5
498
100
AcDbEntity
  8
f_cov_2
 62
30
420
15765248
370
35
 48
1.0
  6
ByLayer
100
AcDbLine
 10
8.6191461405455456
 20
7.9734330157038116
 30
0.0
 11
9.5040265553477781
 21
8.4644070160834488
 31
0.0
  0
LINE
  5
499
100
AcDbEntity
  8
f_cov_2
 62
30
420
15765248
370
35
 48
1.0
  6
ByLayer
100
AcDbLine
 10
9.0955452403592147
 20
8.3889565206089145
 30
0.0
 11
10.9291179015700664
 21
9.0612240255410796
 31
0.0
  0
LINE
  5
49A
100
AcDbEntity
  8
yd_cov_garage_east
 62
94
420
32512
370
35
 48
1.0
  6
ByLayer
100
AcDbLine
 10
8.985012522210404
 20
9.5228531396741118
 30
0.0
 11
8.5062731274936283
 21
9.3600749003661647
 31
0.0
  0
LINE
  5
49B
100
AcDbEntity
  8
yd_cov_garage_east
 62
94
420
32512
370
35
 48
1.0
  6
ByLayer
100
AcDbLine
 10
8.5062731274936283
 20
9.3600749003661647
 30
0.0
 11
8.0522850940830608
 21
9.4727440236978637
 31
0.0
  0
LINE
  5
49C
100
AcDbEntity
  8
yd_cov_garage_east
 62
94
420
32512
370
35
 48
1.0
  6
ByLayer
100
AcDbLine
 10
9.5015831033180831
 20
9.7121116282960003
 30
0.0
 11
8.6427417956301085
 21
9.4139463019695881
 31
0.0
  0
LINE
  5
49D
100
AcDbEntity
  8
yd_cov_garage_south
 62
211
420
16744447
370
35
 48
1.0
  6
ByLayer
100
AcDbLine
 10
7.8983042692041892
 20
10.4779633664399654
 30
0.0
 11
8.1212887603751085
 21
9.7134045602313535
 31
0.0
  0
LINE
  5
49E
100
AcDbEntity
  8
yd_cov_garage_south
 62
211
420
16744447
370
35
 48
1.0
  6
ByLayer
100
AcDbLine
 10
7.8239802176893178
 20
10.6331307799261054
 30
0.0
 11
7.2603559430372187
 21
10.2622235074419663
 31
0.0
  0
LINE
  5
49F
100
AcDbEntity
  8
yd_cov_garage_south
 62
211
420
16744447
370
35
 48
1.0
  6
ByLayer
100
AcDbLine
 10
7.8239802176893178
 20
10.6331307799261054
 30
0.0
 11
8.0643544521090504
 21
10.0026827208555247
 31
0.0
  0
LINE
  5
4A0
100
AcDbEntity
  8
yd_cov_north
 62
211
420
16744447
370
35
 48
1.0
  6
ByLayer
100
AcDbLine
 10
5.2026405756919516
 20
11.5930490784401314
 30
0.0
 11
5.6412037104571695
 21
11.5532767342280351
 31
0.0
  0
LINE
  5
4A1
100
AcDbEntity
  8
yd_cov_north
 62
211
420
16744447
370
35
 48
1.0
  6
ByLayer
100
AcDbLine
 10
5.6412037104571695
 20
11.5532767342280351
 30
0.0
 11
6.0797668452223874
 21
11.5930490784401314
 31
0.0
  0
LINE
  5
4A2
100
AcDbEntity
  8
yd_cov_north
 62
211
420
16744447
370
35
 48
1.0
  6
ByLayer
100
AcDbLine
 10
4.5720933508778572
 20
10.9961079889977213
 30
0.0
 11
5.0154692954410933
 21
11.1012806417103747
 31
0.0
  0
LINE
  5
4A3
100
AcDbEntity
  8
yd_cov_north
 62
211
420
16744447
370
35
 48
1.0
  6
ByLayer
100
AcDbLine
 10
5.0154692954410933
 20
11.1012806417103747
 30
0.0
 11
5.224491460865643
 21
10.6963692323166768
 31
0.0
  0
LINE
  5
4A4
100
AcDbEntity
  8
yd_cov_north
 62
211
420
16744447
370
35
 48
1.0
  6
ByLayer
100
AcDbLine
 10
5.2316597780590968
 20
10.8699768765343734
 30
0.0
 11
5.6068966510286558
 21
9.5874365251125013
 31
0.0
  0
LINE
  5
4A5
100
AcDbEntity
  8
yd_cov_north
 62
211
420
16744447
370
35
 48
1.0
  6
ByLayer
100
AcDbLine
 10
5.5026530325008949
 20
9.8859415006893343
 30
0.0
 11
5.802773862122919
 21
8.8815371242209125
 31
0.0
  0
LINE
  5
4A6
100
AcDbEntity
  8
yd_cov_north
 62
211
420
16744447
370
35
 48
1.0
  6
ByLayer
100
AcDbLine
 10
5.6786681436942885
 20
9.2077502320660898
 30
0.0
 11
5.8051801278960937
 21
8.8297162199076382
 31
0.0
  0
LINE
  5
4A7
100
AcDbEntity
  8
yd_cov_north
 62
211
420
16744447
370
35
 48
1.0
  6
ByLayer
100
AcDbLine
 10
5.8051801278960937
 20
8.8297162199076382
 30
0.0
 11
6.0195459183812972
 21
8.4936175671805714
 31
0.0
  0
LINE
  5
4A8
100
AcDbEntity
  8
yd_cov_well
 62
161
420
8364031
370
35
 48
1.0
  6
ByLayer
100
AcDbLine
 10
6.5697942693780078
 20
10.2818840471012081
 30
0.0
 11
6.752206651854479
 21
10.0226516675984314
 31
0.0
  0
LINE
  5
4A9
100
AcDbEntity
  8
yd_cov_well
 62
161
420
8364031
370
35
 48
1.0
  6
ByLayer
100
AcDbLine
 10
6.752206651854479
 20
10.0226516675984314
 30
0.0
 11
7.0086509491996338
 21
10.2089633049766846
 31
0.0
  0
LINE
  5
4AA
100
AcDbEntity
  8
yd_cov_well
 62
161
420
8364031
370
35
 48
1.0
  6
ByLayer
100
AcDbLine
 10
6.8945346073601286
 20
10.2730567994956559
 30
0.0
 11
6.6799781185259448
 21
10.253552184715879
 31
0.0
  0
LINE
  5
4AB
100
AcDbEntity
  8
yd_cov_well
 62
161
420
8364031
370
35
 48
1.0
  6
ByLayer
100
AcDbLine
 10
6.6799781185259448
 20
10.253552184715879
 30
0.0
 11
6.590485935990408
 21
10.4924420161386109
 31
0.0
  0
LINE
  5
4AC
100
AcDbEntity
  8
yd_cov_well
 62
161
420
8364031
370
35
 48
1.0
  6
ByLayer
100
AcDbLine
 10
6.2830708227566134
 20
11.0349360188824832
 30
0.0
 11
6.5886030118834853
 21
10.5479611221758987
 31
0.0
  0
LINE
  5
4AD
100
AcDbEntity
  8
yd_cov_well
 62
161
420
8364031
370
35
 48
1.0
  6
ByLayer
100
AcDbLine
 10
6.5886030118834853
 20
10.5479611221758987
 30
0.0
 11
6.7153240185131224
 21
10.0148131943814107
 31
0.0
  0
LINE
  5
4AE
100
AcDbEntity
  8
yd_cov_well
 62
161
420
8364031
370
35
 48
1.0
  6
ByLayer
100
AcDbLine
 10
6.0184257949857596
 20
11.5874861909766196
 30
0.0
 11
6.3974772888764093
 21
11.527870094523621
 31
0.0
  0
LINE
  5
4AF
100
AcDbEntity
  8
yd_cov_well
 62
161
420
8364031
370
35
 48
1.0
  6
ByLayer
100
AcDbLine
 10
6.3974772888764093
 20
11.527870094523621
 30
0.0
 11
6.7746957193249315
 21
11.5981578580886975
 31
0.0
  0
LINE
  5
4B0
100
AcDbEntity
  8
yd_cov_west_fence
 62
20
420
16728579
370
35
 48
1.0
  6
ByLayer
100
AcDbLine
 10
10.0990732909428047
 20
12.4720565619777304
 30
0.0
 11
10.0970108078889922
 21
12.1138923649012398
 31
0.0
  0
LINE
  5
4B1
100
AcDbEntity
  8
f_cov_12
 62
30
420
16744192
370
35
 48
1.0
  6
ByLayer
100
AcDbLine
 10
22.3695431506302853
 20
12.2231856206773841
 30
0.0
 11
22.3695431506302853
 21
10.2546816836695172
 31
0.0
  0
LINE
  5
4B2
100
AcDbEntity
  8
f_cov_12
 62
30
420
16744192
370
35
 48
1.0
  6
ByLayer
100
AcDbLine
 10
22.2499781185259451
 20
8.993552184715881
 30
0.0
 11
22.2499781185259451
 21
7.1935521847158697
 31
0.0
  0
LINE
  5
4B3
100
AcDbEntity
  8
f_cov_10
 62
200
420
13566207
370
35
 48
1.0
  6
ByLayer
100
AcDbLine
 10
22.5803576801934938
 20
5.9148822267519563
 30
0.0
 11
22.5803576801934938
 21
4.8844625733402154
 31
0.0
  0
LINE
  5
4B4
100
AcDbEntity
  8
f_cov_10
 62
200
420
13566207
370
35
 48
1.0
  6
ByLayer
100
AcDbLine
 10
22.5803576801934938
 20
4.8844625733402154
 30
0.0
 11
23.2519326881168809
 21
4.1029565459355126
 31
0.0
  0
LINE
  5
4B5
100
AcDbEntity
  8
f_cov_7
 62
81
420
10354484
370
35
 48
1.0
  6
ByLayer
100
AcDbLine
 10
11.9498158822385676
 20
10.6414226811645491
 30
0.0
 11
12.5517020774071852
 21
8.8900429667944891
 31
0.0
  0
LINE
  5
4B6
100
AcDbEntity
  8
f_cov_11
 62
92
420
42240
370
35
 48
1.0
  6
ByLayer
100
AcDbLine
 10
12.6710579699288601
 20
8.5141970468408701
 30
0.0
 11
12.076462025459314
 21
7.805620542276678
 31
0.0
  0
LINE
  5
4B7
100
AcDbEntity
  8
f_cov_11
 62
92
420
42240
370
35
 48
1.0
  6
ByLayer
100
AcDbLine
 10
12.076462025459314
 20
7.805620542276678
 30
0.0
 11
11.2141354436652918
 21
8.1403112447639216
 31
0.0
  0
LINE
  5
4B8
100
AcDbEntity
  8
f_cov_5
 62
40
420
16764672
370
35
 48
1.0
  6
ByLayer
100
AcDbLine
 10
12.0
 20
2.5999999999999943
 30
0.0
 11
13.8999562370518674
 21
2.5871043694317564
 31
0.0
  0
LINE
  5
4B9
100
AcDbEntity
  8
f_cov_5
 62
40
420
16764672
370
35
 48
1.0
  6
ByLayer
100
AcDbLine
 10
10.3999890592629711
 20
2.5893698726261647
 30
0.0
 11
12.2999452963148386
 21
2.5764742420579267
 31
0.0
  0
LINE
  5
4BA
100
AcDbEntity
  8
f_cov_5
 62
40
420
16764672
370
35
 48
1.0
  6
ByLayer
100
AcDbLine
 10
8.9420133269970421
 20
2.6312822575985138
 30
0.0
 11
10.8419695640489095
 21
2.6183866270302758
 31
0.0
  0
LINE
  5
4BB
100
AcDbEntity
  8
f_cov_5
 62
40
420
16764672
370
35
 48
1.0
  6
ByLayer
100
AcDbLine
 10
7.6002721064436258
 20
2.6324888648605551
 30
0.0
 11
9.5002283434954933
 21
2.6195932342923172
 31
0.0
  0
LINE
  5
4BC
100
AcDbEntity
  8
f_cov_5
 62
40
420
16764672
370
35
 48
1.0
  6
ByLayer
100
AcDbLine
 10
7.700517376612332
 20
2.2934944708547249
 30
0.0
 11
7.7106727115481704
 21
0.7549612280751319
 31
0.0
  0
LINE
  5
4BD
100
AcDbEntity
  8
f_cov_5
 62
40
420
16764672
370
35
 48
1.0
  6
ByLayer
100
AcDbLine
 10
5.6025102223366119
 20
2.8767415583906555
 30
0.0
 11
5.4701042166185019
 21
1.9360138349500318
 31
0.0
  0
LINE
  5
4BE
100
AcDbEntity
  8
f_cov_5
 62
40
420
16764672
370
35
 48
1.0
  6
ByLayer
100
AcDbLine
 10
5.6025102223366119
 20
2.8767415583906555
 30
0.0
 11
4.6525102223366162
 21
2.8767415583906555
 31
0.0
  0
LINE
  5
4BF
100
AcDbEntity
  8
f_cov_3
 62
81
420
10485631
370
35
 48
1.0
  6
ByLayer
100
AcDbLine
 10
4.9499781185259337
 20
2.9398999228699694
 30
0.0
 11
4.9464163082667412
 21
1.2318883440931714
 31
0.0
  0
LINE
  5
4C0
100
AcDbEntity
  8
f_cov_5
 62
40
420
16764672
370
35
 48
1.0
  6
ByLayer
100
AcDbLine
 10
6.4504872047857233
 20
0.028502833560033
 30
0.0
 11
7.6499781185259437
 21
-0.006447815284119
 31
0.0
  0
LINE
  5
4C1
100
AcDbEntity
  8
f_cov_5
 62
40
420
16764672
370
35
 48
1.0
  6
ByLayer
100
AcDbLine
 10
7.6499781185259437
 20
-0.006447815284119
 30
0.0
 11
7.6499781185259579
 21
1.1935521847158697
 31
0.0
  0
LINE
  5
4C2
100
AcDbEntity
  8
f_cov_3
 62
81
420
10485631
370
35
 48
1.0
  6
ByLayer
100
AcDbLine
 10
5.0359016551236806
 20
-0.0103578661219643
 30
0.0
 11
6.935857892175548
 21
-0.0232534966902023
 31
0.0
  0
LINE
  5
4C3
100
AcDbEntity
  8
f_cov_3
 62
81
420
10485631
370
35
 48
1.0
  6
ByLayer
100
AcDbLine
 10
3.6000000000000156
 20
0.0
 30
0.0
 11
5.4999562370518831
 21
-0.0128956305682379
 31
0.0
  0
LINE
  5
4C4
100
AcDbEntity
  8
f_cov_3
 62
81
420
10485631
370
35
 48
1.0
  6
ByLayer
100
AcDbLine
 10
2.0
 20
0.0
 30
0.0
 11
3.8999767520245925
 21
-0.0080591348322585
 31
0.0
  0
LINE
  5
4C5
100
AcDbEntity
  8
yd_cov_garage_east
 62
94
420
32512
370
35
 48
1.0
  6
ByLayer
100
AcDbLine
 10
9.0067952011274315
 20
8.4745420094868109
 30
0.0
 11
9.4190866967006741
 21
8.7519547438709182
 31
0.0
  0
LINE
  5
4C6
100
AcDbEntity
  8
yd_cov_garage_east
 62
94
420
32512
370
35
 48
1.0
  6
ByLayer
100
AcDbLine
 10
9.4190866967006741
 20
8.7519547438709182
 30
0.0
 11
9.8228197023097437
 21
9.0416817924914454
 31
0.0
  0
LINE
  5
4C7
100
AcDbEntity
  8
yd_cov_garage_east
 62
94
420
32512
370
35
 48
1.0
  6
ByLayer
100
AcDbLine
 10
8.3210192232784976
 20
7.9689031914393667
 30
0.0
 11
8.8313167252653173
 21
8.3543279913805151
 31
0.0
  0
LINE
  5
4C8
100
AcDbEntity
  8
yd_cov_garage_east
 62
94
420
32512
370
35
 48
1.0
  6
ByLayer
100
AcDbLine
 10
8.8313167252653173
 20
8.3543279913805151
 30
0.0
 11
9.3697846000679874
 21
8.6993035916034245
 31
0.0
  0
LINE
  5
4C9
100
AcDbEntity
  8
yd_cov_garage_east
 62
94
420
32512
370
35
 48
1.0
  6
ByLayer
100
AcDbLine
 10
9.7103202270179167
 20
9.5957541867986507
 30
0.0
 11
9.8959401342057447
 21
9.1514786121154401
 31
0.0
  0
LINE
  5
4CA
100
AcDbEntity
  8
yd_cov_garage_east
 62
94
420
32512
370
35
 48
1.0
  6
ByLayer
100
AcDbLine
 10
9.8959401342057447
 20
9.1514786121154401
 30
0.0
 11
9.5255826914347637
 21
8.8437922445450639
 31
0.0
  0
LINE
  5
4CB
100
AcDbEntity
  8
yd_cov_garage_south
 62
211
420
16744447
370
35
 48
1.0
  6
ByLayer
100
AcDbLine
 10
7.8042020435902515
 20
8.7691046348152213
 30
0.0
 11
7.7426689624751859
 21
8.4252099853625353
 31
0.0
  0
LINE
  5
4CC
100
AcDbEntity
  8
yd_cov_garage_south
 62
211
420
16744447
370
35
 48
1.0
  6
ByLayer
100
AcDbLine
 10
7.7426689624751859
 20
8.4252099853625353
 30
0.0
 11
7.7087097158898175
 21
7.975501072103242
 31
0.0
  0
LINE
  5
4CD
100
AcDbEntity
  8
yd_cov_pool_west
 62
32
420
12934912
370
35
 48
1.0
  6
ByLayer
100
AcDbLine
 10
9.3893474355895066
 20
10.0433070040228145
 30
0.0
 11
9.1839868328245942
 21
9.9634721900372583
 31
0.0
  0
LINE
  5
4CE
100
AcDbEntity
  8
yd_cov_pool_west
 62
32
420
12934912
370
35
 48
1.0
  6
ByLayer
100
AcDbLine
 10
9.1839868328245942
 20
9.9634721900372583
 30
0.0
 11
9.2589847752351844
 21
9.7562962181528263
 31
0.0
  0
LINE
  5
4CF
100
AcDbEntity
  8
yd_cov_pool_west
 62
32
420
12934912
370
35
 48
1.0
  6
ByLayer
100
AcDbLine
 10
9.3308180286636642
 20
9.5209797837269434
 30
0.0
 11
9.2723557437688555
 21
9.7000327951468108
 31
0.0
  0
LINE
  5
4D0
100
AcDbEntity
  8
yd_cov_pool_west
 62
32
420
12934912
370
35
 48
1.0
  6
ByLayer
100
AcDbLine
 10
9.2723557437688555
 20
9.7000327951468108
 30
0.0
 11
9.1998448190295363
 21
9.8738717592690506
 31
0.0
  0
LINE
  5
4D1
100
AcDbEntity
  8
yd_cov_pool_west
 62
32
420
12934912
370
35
 48
1.0
  6
ByLayer
100
AcDbLine
 10
9.3598575131690112
 20
10.0235077511633222
 30
0.0
 11
9.5499781185259494
 21
10.0935521847158753
 31
0.0
  0
LINE
  5
4D2
100
AcDbEntity
  8
yd_cov_pool_west
 62
32
420
12934912
370
35
 48
1.0
  6
ByLayer
100
AcDbLine
 10
9.5499781185259494
 20
10.0935521847158753
 30
0.0
 11
9.6286035492898279
 21
9.906816786651703
 31
0.0
  0
LINE
  5
4D3
100
AcDbEntity
  8
yd_cov_pool_west
 62
32
420
12934912
370
35
 48
1.0
  6
ByLayer
100
AcDbLine
 10
9.5672595136072758
 20
10.1036196264983218
 30
0.0
 11
9.6499781185259437
 21
9.7935521847158711
 31
0.0
  0
LINE
  5
4D4
100
AcDbEntity
  8
yd_cov_pool_west
 62
32
420
12934912
370
35
 48
1.0
  6
ByLayer
100
AcDbLine
 10
9.6499781185259437
 20
9.7935521847158711
 30
0.0
 11
9.7953469650538736
 21
9.4390313182415824
 31
0.0
  0
LWPOLYLINE
  5
4D5
100
AcDbEntity
  8
zPond
 62
131
420
8388599
370
70
 48
1.0
  6
ByLayer
100
AcDbPolyline
 90
17
 70
0
 10
0.8974665151915175
 20
3.329200015664938
 10
0.8499781185259465
 20
2.6935521847158768
 10
1.2499781185259451
 20
1.7935521847158782
 10
2.0499781185259423
 20
1.7935521847158782
 10
2.4499781185259408
 20
2.2935521847158782
 10
2.5499781185259423
 20
2.5935521847158753
 10
2.8499781185259465
 20
2.9935521847158739
 10
3.1499781185259437
 20
3.1935521847158768
 10
3.3499781185259465
 20
3.3935521847158725
 10
3.2499781185259451
 20
3.6935521847158768
 10
3.0499781185259423
 20
3.8935521847158725
 10
2.5499781185259423
 20
3.9935521847158739
 10
2.0499781185259423
 20
3.9935521847158739
 10
1.3499781185259465
 20
3.9935521847158739
 10
1.0499781185259423
 20
3.7935521847158782
 10
0.9499781185259408
 20
3.6435521847158725
 10
0.8974665151915175
 20
3.329200015664938
  0
LINE
  5
4D6
100
AcDbEntity
  8
f_cov_2
 62
30
420
15765248
370
35
 48
1.0
  6
ByLayer
100
AcDbLine
 10
0.2546096928467705
 20
5.2576773078555519
 30
0.0
 11
1.6499781185259508
 21
5.3935521847158725
 31
0.0
  0
LINE
  5
4D7
100
AcDbEntity
  8
f_cov_11
 62
92
420
42240
370
35
 48
1.0
  6
ByLayer
100
AcDbLine
 10
6.4473943771059865
 20
6.5930712479779388
 30
0.0
 11
7.2214995574092953
 21
6.7371629195972886
 31
0.0
  0
LINE
  5
4D8
100
AcDbEntity
  8
f_cov_11
 62
92
420
42240
370
35
 48
1.0
  6
ByLayer
100
AcDbLine
 10
7.2214995574092953
 20
6.7371629195972886
 30
0.0
 11
7.9768667567525995
 21
6.9594726903198918
 31
0.0
  0
LINE
  5
4D9
100
AcDbEntity
  8
field_pipes
 62
81
420
10485631
370
50
 48
1.0
  6
ByLayer
100
AcDbLine
 10
5.423937139744524
 20
1.7853361974471369
 30
0.0
 11
4.9469280768099111
 21
1.8644498956899511
 31
0.0
  0
LINE
  5
4DA
100
AcDbEntity
  8
field_pipes
 62
81
420
10485631
370
50
 48
1.0
  6
ByLayer
100
AcDbLine
 10
4.9469280768099111
 20
1.8644498956899511
 30
0.0
 11
4.9499781185259337
 21
2.0935521847158753
 31
0.0
  0
ARC
  5
4DB
100
AcDbEntity
  8
yd_cov_north
 62
211
420
16744447
370
35
 48
1.0
  6
ByLayer
100
AcDbCircle
 10
5.5354201821263445
 20
8.5063650414783183
 30
0.0
 40
0.2149401716070544
100
AcDbArc
 50
356.5824997170642519
 51
58.7299344272532551
  0
HATCH
  5
4DC
100
AcDbEntity
  8
zBuildings
 62
52
420
11178244
370
70
 48
1.0
  6
ByLayer
100
AcDbHatch
 10
0.0
 20
0.0
 30
0.0
210
0.0
220
0.0
230
1.0
  2
ANSI36
 70
0
 71
0
 91
1
 92
1
 93
4
 72
1
 10
1.2013320476892844
 20
6.342498739502588
 11
1.2013320476892844
 21
6.7323907157684673
 72
1
 10
1.2013320476892844
 20
6.7323907157684673
 11
0.5921258347738458
 21
6.7323907157684673
 72
1
 10
0.5921258347738458
 20
6.7323907157684673
 11
0.5921258347738458
 21
6.342498739502588
 72
1
 10
0.5921258347738458
 20
6.3424987395025951
 11
1.2013320476892844
 21
6.342498739502588
 97
0
 75
0
 76
1
 52
0.0
 41
1.0
 77
0
 78
1
 53
45.0
 43
0.0
 44
0.0
 45
-0.0883883476483184
 46
0.0883883476483185
 79
0
 98
0
1001
ACAD
1010
0.0
1020
0.0
1030
0
  0
HATCH
  5
4DD
100
AcDbEntity
  8
zBuildings
 62
52
420
11178244
370
70
 48
1.0
  6
ByLayer
100
AcDbHatch
 10
0.0
 20
0.0
 30
0.0
210
0.0
220
0.0
230
1.0
  2
ANSI36
 70
0
 71
0
 91
1
 92
1
 93
8
 72
1
 10
2.911349345216415
 20
9.4021451559437352
 11
3.3156519676875362
 21
8.0123716256861215
 72
1
 10
3.3156519676875362
 20
8.0123716256861215
 11
5.7338569543842439
 21
8.7829768120181058
 72
1
 10
5.7338569543842439
 20
8.78297681201812
 11
4.9794239776634939
 21
11.0009415936432049
 72
1
 10
4.9794239776634868
 20
11.0009415936431978
 11
3.9820187423710962
 21
10.6702223499945106
 72
1
 10
3.9820187423711033
 20
10.6702223499945106
 11
4.1248014485231792
 21
10.1585843196162955
 72
1
 10
4.1248014485231792
 20
10.1585843196162955
 11
3.117470181214685
 21
9.8217482863687877
 72
1
 10
3.117470181214685
 20
9.8217482863687877
 11
3.221946373529633
 21
9.502199361077686
 72
1
 10
3.221946373529633
 20
9.5021993610777002
 11
2.9113493452164292
 21
9.4021451559437494
 97
0
 75
0
 76
1
 52
0.0
 41
1.0
 77
0
 78
1
 53
45.0
 43
0.0
 44
0.0
 45
-0.0883883476483184
 46
0.0883883476483185
 79
0
 98
0
1001
ACAD
1010
0.0
1020
0.0
1030
0
  0
HATCH
  5
4DE
100
AcDbEntity
  8
zBuildings
 62
52
420
11178244
370
70
 48
1.0
  6
ByLayer
100
AcDbHatch
 10
0.0
 20
0.0
 30
0.0
210
0.0
220
0.0
230
1.0
  2
ANSI36
 70
0
 71
0
 91
1
 92
1
 93
4
 72
1
 10
6.9202367969152689
 20
10.7754607150177293
 11
6.5969301308736874
 21
10.6720154612103357
 72
1
 10
6.5969301308736874
 20
10.6720154612103357
 11
6.7190751552386061
 21
10.2678343029055057
 72
1
 10
6.7190751552386061
 20
10.2678343029055057
 11
7.0407360356579645
 21
10.3750545963786251
 72
1
 10
7.0407360356579645
 20
10.3750545963786251
 11
6.9202367969152689
 21
10.7754607150177293
 97
0
 75
0
 76
1
 52
0.0
 41
1.0
 77
0
 78
1
 53
45.0
 43
0.0
 44
0.0
 45
-0.0883883476483184
 46
0.0883883476483185
 79
0
 98
0
1001
ACAD
1010
0.0
1020
0.0
1030
0
  0
HATCH
  5
4DF
100
AcDbEntity
  8
zBuildings
 62
52
420
11178244
370
70
 48
1.0
  6
ByLayer
100
AcDbHatch
 10
0.0
 20
0.0
 30
0.0
210
0.0
220
0.0
230
1.0
  2
ANSI36
 70
0
 71
0
 91
1
 92
1
 93
4
 72
1
 10
9.7274370380272472
 20
10.7166224594809165
 11
9.7195542427917658
 21
12.0217456329020607
 72
1
 10
9.7195542427917658
 20
12.0217456329020607
 11
11.3266033469302769
 21
12.0160033316202899
 72
1
 10
11.3266033469302769
 20
12.0160033316202899
 11
11.3266033469302769
 21
10.7193238553931209
 72
1
 10
11.3266033469302769
 20
10.7193238553931209
 11
9.7274370380272472
 21
10.7166224594809165
 97
0
 75
0
 76
1
 52
0.0
 41
1.0
 77
0
 78
1
 53
45.0
 43
0.0
 44
0.0
 45
-0.0883883476483184
 46
0.0883883476483185
 79
0
 98
0
1001
ACAD
1010
0.0
1020
0.0
1030
0
  0
HATCH
  5
4E0
100
AcDbEntity
  8
zBuildings
 62
52
420
11178244
370
70
 48
1.0
  6
ByLayer
100
AcDbHatch
 10
0.0
 20
0.0
 30
0.0
210
0.0
220
0.0
230
1.0
  2
ANSI36
 70
0
 71
0
 91
1
 92
1
 93
4
 72
1
 10
10.4413505687875272
 20
10.1169350936422759
 11
10.7269159810916435
 21
9.2507200096531292
 72
1
 10
10.7269159810916435
 20
9.2507200096531292
 11
11.9738849481529357
 21
9.6379282072863504
 72
1
 10
11.9738849481529357
 20
9.6379282072863504
 11
11.7073572300024296
 21
10.5167266708680316
 72
1
 10
11.7073572300024296
 20
10.5167266708680316
 11
10.4413505687875272
 21
10.1169350936422759
 97
0
 75
0
 76
1
 52
0.0
 41
1.0
 77
0
 78
1
 53
45.0
 43
0.0
 44
0.0
 45
-0.0883883476483184
 46
0.0883883476483185
 79
0
 98
0
1001
ACAD
1010
0.0
1020
0.0
1030
0
  0
HATCH
  5
4E1
100
AcDbEntity
  8
zBuildings
 62
52
420
11178244
370
70
 48
1.0
  6
ByLayer
100
AcDbHatch
 10
0.0
 20
0.0
 30
0.0
210
0.0
220
0.0
230
1.0
  2
ANSI36
 70
0
 71
0
 91
1
 92
1
 93
4
 72
1
 10
11.9929226423065458
 20
11.3448663665499581
 11
11.9953749715143658
 21
11.9540725794654108
 72
1
 10
11.9953749715143658
 20
11.9540725794654108
 11
12.4403084549163196
 21
11.9540725794654108
 72
1
 10
12.4403084549163196
 20
11.9540725794654108
 11
12.4403084549163196
 21
11.3448663665499581
 72
1
 10
12.4403084549163196
 20
11.3448663665499581
 11
11.9929226423065458
 21
11.3448663665499581
 97
0
 75
0
 76
1
 52
0.0
 41
1.0
 77
0
 78
1
 53
45.0
 43
0.0
 44
0.0
 45
-0.0883883476483184
 46
0.0883883476483185
 79
0
 98
0
1001
ACAD
1010
0.0
1020
0.0
1030
0
  0
HATCH
  5
4E2
100
AcDbEntity
  8
zBuildings
 62
52
420
11178244
370
70
 48
1.0
  6
ByLayer
100
AcDbHatch
 10
0.0
 20
0.0
 30
0.0
210
0.0
220
0.0
230
1.0
  2
ANSI36
 70
0
 71
0
 91
1
 92
1
 93
8
 72
1
 10
8.1625924840700463
 20
9.7058070779755141
 11
7.8009053878475072
 21
10.8762227717915607
 72
1
 10
7.8009053878475072
 20
10.8762227717915607
 11
9.1829491334170683
 21
11.3518491298894162
 72
1
 10
9.1829491334170683
 20
11.3518491298894162
 11
9.5707367080432419
 21
10.142908773970241
 72
1
 10
9.5707367080432419
 20
10.142908773970241
 11
9.1257437591117636
 21
9.9899547118241259
 72
1
 10
9.1257437591117636
 20
9.9899547118241259
 11
9.237105469347263
 21
9.6803726204321805
 72
1
 10
9.237105469347263
 20
9.6803726204321805
 11
8.6114892624010224
 21
9.4724697372740465
 72
1
 10
8.6114892624010224
 20
9.4724697372740465
 11
8.4942555740764831
 21
9.8158410903435751
 72
1
 10
8.4942555740764831
 20
9.8158410903435751
 11
8.1625924840700463
 21
9.7058070779755141
 97
0
 75
0
 76
1
 52
0.0
 41
1.0
 77
0
 78
1
 53
45.0
 43
0.0
 44
0.0
 45
-0.0883883476483184
 46
0.0883883476483185
 79
0
 98
0
1001
ACAD
1010
0.0
1020
0.0
1030
0
  0
HATCH
  5
4E3
100
AcDbEntity
  8
zBuildings
 62
52
420
11178244
370
70
 48
1.0
  6
ByLayer
100
AcDbHatch
 10
0.0
 20
0.0
 30
0.0
210
0.0
220
0.0
230
1.0
  2
ANSI36
 70
0
 71
0
 91
1
 92
1
 93
15
 72
1
 10
5.5098199761376989
 20
8.176765227185399
 11
5.5530553659113835
 21
7.8560071666748854
 72
1
 10
5.5530553659113835
 20
7.8560071666748854
 11
5.5336148560905087
 21
7.6956512149706811
 72
1
 10
5.5336148560905087
 20
7.6956512149706811
 11
5.5336148560905087
 21
7.5956512149706796
 72
1
 10
5.5336148560905087
 20
7.5956512149706796
 11
5.6226175008470989
 21
7.3546815725236456
 72
1
 10
5.6226175008470989
 20
7.3546815725236456
 11
5.901078132807136
 21
7.3198152117917203
 72
1
 10
5.901078132807136
 20
7.3198152117917203
 11
5.9193496425590197
 21
7.5669845720241184
 72
1
 10
5.9193496425590197
 20
7.5669845720241184
 11
6.0070936446117145
 21
7.6147347797163647
 72
1
 10
6.0070936446117145
 20
7.6147347797163647
 11
7.5336148560905087
 21
7.4956512149706782
 72
1
 10
7.5336148560905087
 20
7.4956512149706782
 11
7.5932868730485694
 21
8.3363894797204452
 72
1
 10
7.5932868730485694
 20
8.3363894797204452
 11
5.9865070220130931
 21
8.4518732126752951
 72
1
 10
5.9865070220130931
 20
8.4518732126752951
 11
5.7654850026004993
 21
8.4695549742283092
 72
1
 10
5.7654850026004993
 20
8.4695549742283092
 11
5.7077464164413172
 21
8.4421690860044905
 72
1
 10
5.7077464164413172
 20
8.4421690860044905
 11
5.4542043395766271
 21
8.3442096472158553
 72
1
 10
5.4542043395766271
 20
8.3442096472158553
 11
5.4750997528562877
 21
8.2457482417988501
 72
1
 10
5.4750997528562877
 20
8.2457482417988501
 11
5.5098199761376989
 21
8.176765227185399
 97
0
 75
0
 76
1
 52
0.0
 41
1.0
 77
0
 78
1
 53
45.0
 43
0.0
 44
0.0
 45
-0.0883883476483184
 46
0.0883883476483185
 79
0
 98
0
1001
ACAD
1010
0.0
1020
0.0
1030
0
  0
HATCH
  5
4E4
100
AcDbEntity
  8
zPond
 62
131
420
8388599
370
70
 48
1.0
  6
ByLayer
100
AcDbHatch
 10
0.0
 20
0.0
 30
0.0
210
0.0
220
0.0
230
1.0
  2
ANSI36
 70
0
 71
0
 91
1
 92
1
 93
16
 72
1
 10
0.8974665151915175
 20
3.329200015664938
 11
0.8499781185259465
 21
2.6935521847158768
 72
1
 10
0.8499781185259465
 20
2.6935521847158768
 11
1.2499781185259451
 21
1.7935521847158782
 72
1
 10
1.2499781185259451
 20
1.7935521847158782
 11
2.0499781185259423
 21
1.7935521847158782
 72
1
 10
2.0499781185259423
 20
1.7935521847158782
 11
2.4499781185259408
 21
2.2935521847158782
 72
1
 10
2.4499781185259408
 20
2.2935521847158782
 11
2.5499781185259423
 21
2.5935521847158753
 72
1
 10
2.5499781185259423
 20
2.5935521847158753
 11
2.8499781185259465
 21
2.9935521847158739
 72
1
 10
2.8499781185259465
 20
2.9935521847158739
 11
3.1499781185259437
 21
3.1935521847158768
 72
1
 10
3.1499781185259437
 20
3.1935521847158768
 11
3.3499781185259465
 21
3.3935521847158725
 72
1
 10
3.3499781185259465
 20
3.3935521847158725
 11
3.2499781185259451
 21
3.6935521847158768
 72
1
 10
3.2499781185259451
 20
3.6935521847158768
 11
3.0499781185259423
 21
3.8935521847158725
 72
1
 10
3.0499781185259423
 20
3.8935521847158725
 11
2.5499781185259423
 21
3.9935521847158739
 72
1
 10
2.5499781185259423
 20
3.9935521847158739
 11
2.0499781185259423
 21
3.9935521847158739
 72
1
 10
2.0499781185259423
 20
3.9935521847158739
 11
1.3499781185259465
 21
3.9935521847158739
 72
1
 10
1.3499781185259465
 20
3.9935521847158739
 11
1.0499781185259423
 21
3.7935521847158782
 72
1
 10
1.0499781185259423
 20
3.7935521847158782
 11
0.9499781185259408
 21
3.6435521847158725
 72
1
 10
0.9499781185259408
 20
3.6435521847158725
 11
0.8974665151915175
 21
3.329200015664938
 97
0
 75
0
 76
1
 52
0.0
 41
1.0
 77
0
 78
1
 53
45.0
 43
0.0
 44
0.0
 45
-0.0883883476483184
 46
0.0883883476483185
 79
0
 98
0
1001
ACAD
1010
0.0
1020
0.0
1030
0
  0
LINE
  5
4E5
100
AcDbEntity
  8
zBuildings
 62
52
420
11178244
370
70
 48
1.0
  6
ByLayer
100
AcDbLine
 10
7.8009053878475072
 20
10.8762227717915607
 30
0.0
 11
9.1829491334170683
 21
11.3518491298894162
 31
0.0
  0
LINE
  5
4E6
100
AcDbEntity
  8
zBuildings
 62
52
420
11178244
370
70
 48
1.0
  6
ByLayer
100
AcDbLine
 10
9.1829491334170683
 20
11.3518491298894162
 30
0.0
 11
9.5707367080432419
 21
10.142908773970241
 31
0.0
  0
LINE
  5
4E7
100
AcDbEntity
  8
zBuildings
 62
52
420
11178244
370
70
 48
1.0
  6
ByLayer
100
AcDbLine
 10
9.5707367080432419
 20
10.142908773970241
 30
0.0
 11
9.1257437591117636
 21
9.9899547118241259
 31
0.0
  0
LINE
  5
4E8
100
AcDbEntity
  8
zBuildings
 62
52
420
11178244
370
70
 48
1.0
  6
ByLayer
100
AcDbLine
 10
9.1257437591117636
 20
9.9899547118241259
 30
0.0
 11
9.237105469347263
 21
9.6803726204321805
 31
0.0
  0
LINE
  5
4E9
100
AcDbEntity
  8
zBuildings
 62
52
420
11178244
370
70
 48
1.0
  6
ByLayer
100
AcDbLine
 10
9.237105469347263
 20
9.6803726204321805
 30
0.0
 11
8.6114892624010224
 21
9.4724697372740465
 31
0.0
  0
LINE
  5
4EA
100
AcDbEntity
  8
zBuildings
 62
52
420
11178244
370
70
 48
1.0
  6
ByLayer
100
AcDbLine
 10
8.6114892624010224
 20
9.4724697372740465
 30
0.0
 11
8.4942555740764831
 21
9.8158410903435751
 31
0.0
  0
LINE
  5
4EB
100
AcDbEntity
  8
zBuildings
 62
52
420
11178244
370
70
 48
1.0
  6
ByLayer
100
AcDbLine
 10
8.4942555740764831
 20
9.8158410903435751
 30
0.0
 11
8.1625924840700463
 21
9.7058070779755141
 31
0.0
  0
LINE
  5
4EC
100
AcDbEntity
  8
zBuildings
 62
52
420
11178244
370
70
 48
1.0
  6
ByLayer
100
AcDbLine
 10
8.1625924840700463
 20
9.7058070779755141
 30
0.0
 11
7.8009053878475072
 21
10.8762227717915607
 31
0.0
  0
CIRCLE
  5
4ED
100
AcDbEntity
  8
field_heads
 62
1
420
16711680
370
35
 48
1.0
  6
ByLayer
100
AcDbCircle
 10
20.3799617032535636
 20
6.4505344175557155
 30
0.0
 40
0.06
  0
HATCH
  5
4EE
100
AcDbEntity
  8
field_heads
 62
256
370
35
 48
1.0
  6
ByLayer
100
AcDbHatch
 10
0.0
 20
0.0
 30
0.0
210
0.0
220
0.0
230
1.0
  2
ZIGZAG
 70
0
 71
0
 91
1
 92
1
 93
1
 72
2
 10
20.3799617032535636
 20
6.4505344175557155
 40
0.06
 50
0.0
 51
360.0
 73
1
 97
0
 75
0
 76
1
 52
0.0
 41
0.2
 77
0
 78
1
 53
45.0
 43
0.0
 44
0.0
 45
-0.0883883476483184
 46
0.0883883476483185
 79
0
 98
0
1001
ACAD
1010
0.0
1020
0.0
1030
0
  0
CIRCLE
  5
4EF
100
AcDbEntity
  8
field_heads
 62
1
420
16711680
370
35
 48
1.0
  6
ByLayer
100
AcDbCircle
 10
19.0499781185259494
 20
6.2935521847158711
 30
0.0
 40
0.06
  0
HATCH
  5
4F0
100
AcDbEntity
  8
field_heads
 62
256
370
35
 48
1.0
  6
ByLayer
100
AcDbHatch
 10
0.0
 20
0.0
 30
0.0
210
0.0
220
0.0
230
1.0
  2
ZIGZAG
 70
0
 71
0
 91
1
 92
1
 93
1
 72
2
 10
19.0499781185259494
 20
6.2935521847158711
 40
0.06
 50
0.0
 51
360.0
 73
1
 97
0
 75
0
 76
1
 52
0.0
 41
0.2
 77
0
 78
1
 53
45.0
 43
0.0
 44
0.0
 45
-0.0883883476483184
 46
0.0883883476483185
 79
0
 98
0
1001
ACAD
1010
0.0
1020
0.0
1030
0
  0
CIRCLE
  5
4F1
100
AcDbEntity
  8
field_heads
 62
1
420
16711680
370
35
 48
1.0
  6
ByLayer
100
AcDbCircle
 10
17.5150625079816038
 20
6.118864428415705
 30
0.0
 40
0.06
  0
HATCH
  5
4F2
100
AcDbEntity
  8
field_heads
 62
256
370
35
 48
1.0
  6
ByLayer
100
AcDbHatch
 10
0.0
 20
0.0
 30
0.0
210
0.0
220
0.0
230
1.0
  2
ZIGZAG
 70
0
 71
0
 91
1
 92
1
 93
1
 72
2
 10
17.5150625079816038
 20
6.118864428415705
 40
0.06
 50
0.0
 51
360.0
 73
1
 97
0
 75
0
 76
1
 52
0.0
 41
0.2
 77
0
 78
1
 53
45.0
 43
0.0
 44
0.0
 45
-0.0883883476483184
 46
0.0883883476483185
 79
0
 98
0
1001
ACAD
1010
0.0
1020
0.0
1030
0
  0
LINE
  5
4F3
100
AcDbEntity
  8
zBuildings
 62
52
420
11178244
370
70
 48
2.0
  6
ByLayer
100
AcDbLine
 10
5.0499781185259494
 20
2.4135521847158898
 30
0.0
 11
5.1325916270086367
 21
2.36409285917658
 31
0.0
  0
LINE
  5
4F4
100
AcDbEntity
  8
zBuildings
 62
52
420
11178244
370
70
 48
2.0
  6
ByLayer
100
AcDbLine
 10
5.1325916270086367
 20
2.36409285917658
 30
0.0
 11
5.2725916270086373
 21
2.36409285917658
 31
0.0
  0
LINE
  5
4F5
100
AcDbEntity
  8
zBuildings
 62
52
420
11178244
370
70
 48
2.0
  6
ByLayer
100
AcDbLine
 10
5.2725916270086373
 20
2.36409285917658
 30
0.0
 11
5.3607078286482235
 21
2.4276348132550112
 31
0.0
  0
LINE
  5
4F6
100
AcDbEntity
  8
zBuildings
 62
52
420
11178244
370
70
 48
2.0
  6
ByLayer
100
AcDbLine
 10
5.3607078286482235
 20
2.4276348132550112
 30
0.0
 11
5.3607078286482235
 21
2.7907316937032007
 31
0.0
  0
LINE
  5
4F7
100
AcDbEntity
  8
zBuildings
 62
52
420
11178244
370
70
 48
2.0
  6
ByLayer
100
AcDbLine
 10
5.3607078286482235
 20
2.7907316937032007
 30
0.0
 11
5.2670312040959857
 21
2.8623492284364502
 31
0.0
  0
LINE
  5
4F8
100
AcDbEntity
  8
zBuildings
 62
52
420
11178244
370
70
 48
2.0
  6
ByLayer
100
AcDbLine
 10
5.2670312040959857
 20
2.8623492284364502
 30
0.0
 11
5.1338808043528203
 21
2.8633071449813556
 31
0.0
  0
LINE
  5
4F9
100
AcDbEntity
  8
zBuildings
 62
52
420
11178244
370
70
 48
2.0
  6
ByLayer
100
AcDbLine
 10
5.1338808043528203
 20
2.8633071449813556
 30
0.0
 11
5.0499781185259494
 21
2.7935521847158853
 31
0.0
  0
LINE
  5
4FA
100
AcDbEntity
  8
zBuildings
 62
52
420
11178244
370
70
 48
2.0
  6
ByLayer
100
AcDbLine
 10
5.0499781185259494
 20
2.7935521847158853
 30
0.0
 11
5.0499781185259494
 21
2.4135521847158898
 31
0.0
  0
CIRCLE
  5
4FB
100
AcDbEntity
  8
field_heads
 62
1
420
16711680
370
35
 48
1.0
  6
ByLayer
100
AcDbCircle
 10
14.6499781185259437
 20
4.3935521847158654
 30
0.0
 40
0.06
  0
HATCH
  5
4FC
100
AcDbEntity
  8
field_heads
 62
256
370
35
 48
1.0
  6
ByLayer
100
AcDbHatch
 10
0.0
 20
0.0
 30
0.0
210
0.0
220
0.0
230
1.0
  2
ZIGZAG
 70
0
 71
0
 91
1
 92
1
 93
1
 72
2
 10
14.6499781185259437
 20
4.3935521847158654
 40
0.06
 50
0.0
 51
360.0
 73
1
 97
0
 75
0
 76
1
 52
0.0
 41
0.2
 77
0
 78
1
 53
45.0
 43
0.0
 44
0.0
 45
-0.0883883476483184
 46
0.0883883476483185
 79
0
 98
0
1001
ACAD
1010
0.0
1020
0.0
1030
0
  0
CIRCLE
  5
4FD
100
AcDbEntity
  8
field_heads
 62
1
420
16711680
370
35
 48
1.0
  6
ByLayer
100
AcDbCircle
 10
15.9633766505434593
 20
4.4763261894655599
 30
0.0
 40
0.06
  0
HATCH
  5
4FE
100
AcDbEntity
  8
field_heads
 62
256
370
35
 48
1.0
  6
ByLayer
100
AcDbHatch
 10
0.0
 20
0.0
 30
0.0
210
0.0
220
0.0
230
1.0
  2
ZIGZAG
 70
0
 71
0
 91
1
 92
1
 93
1
 72
2
 10
15.9633766505434593
 20
4.4763261894655599
 40
0.06
 50
0.0
 51
360.0
 73
1
 97
0
 75
0
 76
1
 52
0.0
 41
0.2
 77
0
 78
1
 53
45.0
 43
0.0
 44
0.0
 45
-0.0883883476483184
 46
0.0883883476483185
 79
0
 98
0
1001
ACAD
1010
0.0
1020
0.0
1030
0
  0
CIRCLE
  5
4FF
100
AcDbEntity
  8
field_heads
 62
1
420
16711680
370
35
 48
1.0
  6
ByLayer
100
AcDbCircle
 10
17.6499781185259437
 20
4.5935521847158753
 30
0.0
 40
0.06
  0
HATCH
  5
500
100
AcDbEntity
  8
field_heads
 62
256
370
35
 48
1.0
  6
ByLayer
100
AcDbHatch
 10
0.0
 20
0.0
 30
0.0
210
0.0
220
0.0
230
1.0
  2
ZIGZAG
 70
0
 71
0
 91
1
 92
1
 93
1
 72
2
 10
17.6499781185259437
 20
4.5935521847158753
 40
0.06
 50
0.0
 51
360.0
 73
1
 97
0
 75
0
 76
1
 52
0.0
 41
0.2
 77
0
 78
1
 53
45.0
 43
0.0
 44
0.0
 45
-0.0883883476483184
 46
0.0883883476483185
 79
0
 98
0
1001
ACAD
1010
0.0
1020
0.0
1030
0
  0
CIRCLE
  5
501
100
AcDbEntity
  8
field_heads
 62
1
420
16711680
370
35
 48
1.0
  6
ByLayer
100
AcDbCircle
 10
21.0073937604371395
 20
4.8141654553564166
 30
0.0
 40
0.06
  0
HATCH
  5
502
100
AcDbEntity
  8
field_heads
 62
256
370
35
 48
1.0
  6
ByLayer
100
AcDbHatch
 10
0.0
 20
0.0
 30
0.0
210
0.0
220
0.0
230
1.0
  2
ZIGZAG
 70
0
 71
0
 91
1
 92
1
 93
1
 72
2
 10
21.0073937604371395
 20
4.8141654553564166
 40
0.06
 50
0.0
 51
360.0
 73
1
 97
0
 75
0
 76
1
 52
0.0
 41
0.2
 77
0
 78
1
 53
45.0
 43
0.0
 44
0.0
 45
-0.0883883476483184
 46
0.0883883476483185
 79
0
 98
0
1001
ACAD
1010
0.0
1020
0.0
1030
0
  0
CIRCLE
  5
503
100
AcDbEntity
  8
field_heads
 62
1
420
16711680
370
35
 48
1.0
  6
ByLayer
100
AcDbCircle
 10
15.0499781185259494
 20
3.0935521847158753
 30
0.0
 40
0.06
  0
HATCH
  5
504
100
AcDbEntity
  8
field_heads
 62
256
370
35
 48
1.0
  6
ByLayer
100
AcDbHatch
 10
0.0
 20
0.0
 30
0.0
210
0.0
220
0.0
230
1.0
  2
ZIGZAG
 70
0
 71
0
 91
1
 92
1
 93
1
 72
2
 10
15.0499781185259494
 20
3.0935521847158753
 40
0.06
 50
0.0
 51
360.0
 73
1
 97
0
 75
0
 76
1
 52
0.0
 41
0.2
 77
0
 78
1
 53
45.0
 43
0.0
 44
0.0
 45
-0.0883883476483184
 46
0.0883883476483185
 79
0
 98
0
1001
ACAD
1010
0.0
1020
0.0
1030
0
  0
LINE
  5
505
100
AcDbEntity
  8
field_pipes
 62
81
420
10485631
370
50
 48
1.0
  6
ByLayer
100
AcDbLine
 10
4.1023616830827763
 20
1.3322466507028352
 30
0.0
 11
3.9511851903740483
 21
1.2164701714093691
 31
0.0
  0
ARC
  5
506
100
AcDbEntity
  8
f_cov_8
 62
240
420
16711765
370
35
 48
1.0
  6
ByLayer
100
AcDbCircle
 10
23.8883438303245583
 20
3.3913077710781963
 30
0.0
 40
0.9476371813821759
100
AcDbArc
 50
102.9301138738969712
 51
270.0944207756704145
  0
LINE
  5
507
100
AcDbEntity
  8
f_cov_8
 62
240
420
16711765
370
35
 48
1.0
  6
ByLayer
100
AcDbLine
 10
23.6762982543829175
 20
4.3149164009975651
 30
0.0
 11
23.8883438303245583
 21
3.3913077710781963
 31
0.0
  0
LINE
  5
508
100
AcDbEntity
  8
f_cov_8
 62
240
420
16711765
370
35
 48
1.0
  6
ByLayer
100
AcDbLine
 10
23.8883438303245583
 20
3.3913077710781963
 30
0.0
 11
23.8899054915495448
 21
2.4436718764687879
 31
0.0
  0
HATCH
  5
509
100
AcDbEntity
  8
field_pipes
 62
1
420
16711680
370
50
 48
1.0
  6
Continuous
100
AcDbHatch
 10
0.0
 20
0.0
 30
0.0
210
0.0
220
0.0
230
1.0
  2
ANSI31
 70
0
 71
0
 91
1
 92
1
 93
4
 72
1
 10
14.7255274172715431
 20
1.3846640240295898
 11
14.7255274172715431
 21
1.2646216186893611
 72
1
 10
14.7255274172715431
 20
1.2646216186893611
 11
14.8917399785118434
 21
1.2646216186893611
 72
1
 10
14.8917399785118434
 20
1.2646216186893611
 11
14.8917399785118434
 21
1.3846640240295898
 72
1
 10
14.8917399785118434
 20
1.3846640240295898
 11
14.7255274172715431
 21
1.3846640240295898
 97
0
 75
0
 76
1
 52
0.0
 41
0.0393700787401575
 77
0
 78
1
 53
45.0
 43
0.0
 44
0.0
 45
-0.0883883476483184
 46
0.0883883476483185
 79
0
 98
0
1001
ACAD
1010
0.0
1020
0.0
1030
0
  0
LINE
  5
50A
100
AcDbEntity
  8
field_pipes
 62
1
420
16711680
370
50
 48
1.0
  6
ByLayer
100
AcDbLine
 10
14.8485617802719787
 20
1.1882084304272809
 30
0.0
 11
14.9999781185259451
 21
1.2735521847158751
 31
0.0
  0
LINE
  5
50B
100
AcDbEntity
  8
field_pipes
 62
1
420
16711680
370
50
 48
1.0
  6
ByLayer
100
AcDbLine
 10
14.8485617802719787
 20
1.2761429146725902
 30
0.0
 11
14.9999781185259451
 21
1.1935521847158768
 31
0.0
  0
LINE
  5
50C
100
AcDbEntity
  8
yd_cov_west
 62
256
370
-1
 48
1.0
  6
ByLayer
100
AcDbLine
 10
3.6576472380137779
 20
10.6272504464129174
 30
0.0
 11
3.9235488453853335
 21
10.8650560051642984
 31
0.0
  0
LINE
  5
50D
100
AcDbEntity
  8
yd_cov_west
 62
256
370
-1
 48
1.0
  6
ByLayer
100
AcDbLine
 10
3.9235488453853335
 20
10.8650560051642984
 30
0.0
 11
4.2781574082958462
 21
10.9038878952338507
 31
0.0
  0
LINE
  5
50E
100
AcDbEntity
  8
f_cov_9
 62
60
420
12582656
370
-1
 48
1.0
  6
ByLayer
100
AcDbLine
 10
8.0688802574021601
 20
2.2934249799233148
 30
0.0
 11
23.3999999999999986
 21
2.2934249799233148
 31
0.0
  0
LINE
  5
50F
100
AcDbEntity
  8
f_cov_9
 62
60
420
12582656
370
-1
 48
1.0
  6
ByLayer
100
AcDbLine
 10
8.0688802574021601
 20
1.990264674677523
 30
0.0
 11
23.3999999999999986
 21
1.990264674677523
 31
0.0
  0
LINE
  5
510
100
AcDbEntity
  8
f_cov_9
 62
60
420
12582656
370
-1
 48
1.0
  6
ByLayer
100
AcDbLine
 10
8.0688802574021601
 20
1.6902646746775329
 30
0.0
 11
23.3999999999999986
 21
1.6902646746775329
 31
0.0
  0
LINE
  5
511
100
AcDbEntity
  8
f_cov_9
 62
60
420
12582656
370
-1
 48
1.0
  6
ByLayer
100
AcDbLine
 10
8.0645482373979203
 20
1.2902646746775344
 30
0.0
 11
23.395667979995757
 21
1.2902646746775344
 31
0.0
  0
LINE
  5
512
100
AcDbEntity
  8
f_cov_9
 62
60
420
12582656
370
-1
 48
1.0
  6
ByLayer
100
AcDbLine
 10
8.0645482373979203
 20
0.990264674677523
 30
0.0
 11
23.395667979995757
 21
0.990264674677523
 31
0.0
  0
LINE
  5
513
100
AcDbEntity
  8
f_cov_9
 62
60
420
12582656
370
-1
 48
1.0
  6
ByLayer
100
AcDbLine
 10
8.0645482373979203
 20
0.6902646746775329
 30
0.0
 11
23.395667979995757
 21
0.6902646746775329
 31
0.0
  0
LINE
  5
514
100
AcDbEntity
  8
f_cov_9
 62
60
420
12582656
370
-1
 48
1.0
  6
ByLayer
100
AcDbLine
 10
23.3999999999999986
 20
2.2934249799233148
 30
0.0
 11
23.3999999999999986
 21
2.0999999999999996
 31
0.0
  0
LINE
  5
515
100
AcDbEntity
  8
f_cov_9
 62
60
420
12582656
370
-1
 48
1.0
  6
ByLayer
100
AcDbLine
 10
23.3999999999999986
 20
1.990264674677523
 30
0.0
 11
23.3999999999999986
 21
1.7968396947542078
 31
0.0
  0
LINE
  5
516
100
AcDbEntity
  8
f_cov_9
 62
60
420
12582656
370
-1
 48
1.0
  6
ByLayer
100
AcDbLine
 10
23.3999999999999986
 20
1.6902646746775329
 30
0.0
 11
23.3999999999999986
 21
1.4968396947542177
 31
0.0
  0
LINE
  5
517
100
AcDbEntity
  8
f_cov_9
 62
60
420
12582656
370
-1
 48
1.0
  6
ByLayer
100
AcDbLine
 10
23.395667979995757
 20
1.2902646746775344
 30
0.0
 11
23.395667979995757
 21
1.0968396947542192
 31
0.0
  0
LINE
  5
518
100
AcDbEntity
  8
f_cov_9
 62
60
420
12582656
370
-1
 48
1.0
  6
ByLayer
100
AcDbLine
 10
23.395667979995757
 20
0.990264674677523
 30
0.0
 11
23.395667979995757
 21
0.7968396947542078
 31
0.0
  0
LINE
  5
519
100
AcDbEntity
  8
f_cov_9
 62
60
420
12582656
370
-1
 48
1.0
  6
ByLayer
100
AcDbLine
 10
23.395667979995757
 20
0.6902646746775329
 30
0.0
 11
23.395667979995757
 21
0.4968396947542177
 31
0.0
  0
LINE
  5
51A
100
AcDbEntity
  8
f_cov_9
 62
60
420
12582656
370
-1
 48
1.0
  6
ByLayer
100
AcDbLine
 10
23.3999999999999986
 20
2.0999999999999996
 30
0.0
 11
8.0688802574021601
 21
2.0999999999999996
 31
0.0
  0
LINE
  5
51B
100
AcDbEntity
  8
f_cov_9
 62
60
420
12582656
370
-1
 48
1.0
  6
ByLayer
100
AcDbLine
 10
23.3999999999999986
 20
1.7968396947542078
 30
0.0
 11
8.0688802574021601
 21
1.7968396947542078
 31
0.0
  0
LINE
  5
51C
100
AcDbEntity
  8
f_cov_9
 62
60
420
12582656
370
-1
 48
1.0
  6
ByLayer
100
AcDbLine
 10
23.3999999999999986
 20
1.4968396947542177
 30
0.0
 11
8.0688802574021601
 21
1.4968396947542177
 31
0.0
  0
LINE
  5
51D
100
AcDbEntity
  8
f_cov_9
 62
60
420
12582656
370
-1
 48
1.0
  6
ByLayer
100
AcDbLine
 10
23.395667979995757
 20
1.0968396947542192
 30
0.0
 11
8.0645482373979203
 21
1.0968396947542192
 31
0.0
  0
LINE
  5
51E
100
AcDbEntity
  8
f_cov_9
 62
60
420
12582656
370
-1
 48
1.0
  6
ByLayer
100
AcDbLine
 10
23.395667979995757
 20
0.7968396947542078
 30
0.0
 11
8.0645482373979203
 21
0.7968396947542078
 31
0.0
  0
LINE
  5
51F
100
AcDbEntity
  8
f_cov_9
 62
60
420
12582656
370
-1
 48
1.0
  6
ByLayer
100
AcDbLine
 10
23.395667979995757
 20
0.4968396947542177
 30
0.0
 11
8.0645482373979203
 21
0.4968396947542177
 31
0.0
  0
LINE
  5
520
100
AcDbEntity
  8
f_cov_9
 62
60
420
12582656
370
-1
 48
1.0
  6
ByLayer
100
AcDbLine
 10
8.0688802574021601
 20
2.0999999999999996
 30
0.0
 11
8.0688802574021601
 21
2.2934249799233148
 31
0.0
  0
LINE
  5
521
100
AcDbEntity
  8
f_cov_9
 62
60
420
12582656
370
-1
 48
1.0
  6
ByLayer
100
AcDbLine
 10
8.0688802574021601
 20
1.7968396947542078
 30
0.0
 11
8.0688802574021601
 21
1.990264674677523
 31
0.0
  0
LINE
  5
522
100
AcDbEntity
  8
f_cov_9
 62
60
420
12582656
370
-1
 48
1.0
  6
ByLayer
100
AcDbLine
 10
8.0688802574021601
 20
1.4968396947542177
 30
0.0
 11
8.0688802574021601
 21
1.6902646746775329
 31
0.0
  0
LINE
  5
523
100
AcDbEntity
  8
f_cov_9
 62
60
420
12582656
370
-1
 48
1.0
  6
ByLayer
100
AcDbLine
 10
8.0645482373979203
 20
1.0968396947542192
 30
0.0
 11
8.0645482373979203
 21
1.2902646746775344
 31
0.0
  0
LINE
  5
524
100
AcDbEntity
  8
f_cov_9
 62
60
420
12582656
370
-1
 48
1.0
  6
ByLayer
100
AcDbLine
 10
8.0645482373979203
 20
0.7968396947542078
 30
0.0
 11
8.0645482373979203
 21
0.990264674677523
 31
0.0
  0
LINE
  5
525
100
AcDbEntity
  8
f_cov_9
 62
60
420
12582656
370
-1
 48
1.0
  6
ByLayer
100
AcDbLine
 10
8.0645482373979203
 20
0.4968396947542177
 30
0.0
 11
8.0645482373979203
 21
0.6902646746775329
 31
0.0
  0
HATCH
  5
526
100
AcDbEntity
  8
f_cov_9
 62
256
370
-1
 48
1.0
  6
ByLayer
100
AcDbHatch
 10
0.0
 20
0.0
 30
0.0
210
0.0
220
0.0
230
1.0
  2
ANSI35
 70
0
 71
0
 91
6
 92
1
 93
4
 72
1
 10
8.0645482373979203
 20
0.990264674677523
 11
23.395667979995757
 21
0.990264674677523
 72
1
 10
23.395667979995757
 20
0.990264674677523
 11
23.395667979995757
 21
0.7968396947542078
 72
1
 10
23.395667979995757
 20
0.7968396947542078
 11
8.0645482373979203
 21
0.7968396947542078
 72
1
 10
8.0645482373979203
 20
0.7968396947542078
 11
8.0645482373979203
 21
0.990264674677523
 97
0
 92
1
 93
4
 72
1
 10
8.0645482373979203
 20
0.6902646746775329
 11
23.395667979995757
 21
0.6902646746775329
 72
1
 10
23.395667979995757
 20
0.6902646746775329
 11
23.395667979995757
 21
0.4968396947542177
 72
1
 10
23.395667979995757
 20
0.4968396947542177
 11
8.0645482373979203
 21
0.4968396947542177
 72
1
 10
8.0645482373979203
 20
0.4968396947542177
 11
8.0645482373979203
 21
0.6902646746775329
 97
0
 92
1
 93
4
 72
1
 10
8.0688802574021601
 20
2.2934249799233148
 11
23.3999999999999986
 21
2.2934249799233148
 72
1
 10
23.3999999999999986
 20
2.2934249799233148
 11
23.3999999999999986
 21
2.0999999999999996
 72
1
 10
23.3999999999999986
 20
2.0999999999999996
 11
8.0688802574021601
 21
2.0999999999999996
 72
1
 10
8.0688802574021601
 20
2.0999999999999996
 11
8.0688802574021601
 21
2.2934249799233148
 97
0
 92
1
 93
4
 72
1
 10
8.0688802574021601
 20
1.990264674677523
 11
23.3999999999999986
 21
1.990264674677523
 72
1
 10
23.3999999999999986
 20
1.990264674677523
 11
23.3999999999999986
 21
1.7968396947542078
 72
1
 10
23.3999999999999986
 20
1.7968396947542078
 11
8.0688802574021601
 21
1.7968396947542078
 72
1
 10
8.0688802574021601
 20
1.7968396947542078
 11
8.0688802574021601
 21
1.990264674677523
 97
0
 92
1
 93
4
 72
1
 10
8.0688802574021601
 20
1.4968396947542177
 11
8.0688802574021601
 21
1.6902646746775329
 72
1
 10
8.0688802574021601
 20
1.6902646746775329
 11
23.3999999999999986
 21
1.6902646746775329
 72
1
 10
23.3999999999999986
 20
1.6902646746775329
 11
23.3999999999999986
 21
1.4968396947542177
 72
1
 10
23.3999999999999986
 20
1.4968396947542177
 11
8.0688802574021601
 21
1.4968396947542177
 97
0
 92
1
 93
4
 72
1
 10
8.0645482373979203
 20
1.0968396947542192
 11
8.0645482373979203
 21
1.2902646746775344
 72
1
 10
8.0645482373979203
 20
1.2902646746775344
 11
23.395667979995757
 21
1.2902646746775344
 72
1
 10
23.395667979995757
 20
1.2902646746775344
 11
23.395667979995757
 21
1.0968396947542192
 72
1
 10
23.395667979995757
 20
1.0968396947542192
 11
8.0645482373979203
 21
1.0968396947542192
 97
0
 75
0
 76
1
 52
0.0
 41
1.0
 77
0
 78
1
 53
45.0
 43
0.0
 44
0.0
 45
-0.0883883476483184
 46
0.0883883476483185
 79
0
 98
0
1001
ACAD
1010
0.0
1020
0.0
1030
0
  0
ENDSEC
  0
SECTION
  2
OBJECTS
  0
DICTIONARY
  5
C
100
AcDbDictionary
280
0
281
1
  3
ACAD_GROUP
350
D
  3
ACAD_LAYOUT
350
1A
  3
ACAD_MLINESTYLE
350
17
  3
ACAD_PLOTSETTINGS
350
19
  3
ACAD_PLOTSTYLENAME
350
E
  3
AcDbVariableDictionary
350
527
  3
QCAD_OBJECTS
350
528
  0
DICTIONARY
  5
D
100
AcDbDictionary
280
0
281
1
  0
ACDBDICTIONARYWDFLT
  5
E
100
AcDbDictionary
281
1
  3
Normal
350
F
100
AcDbDictionaryWithDefault
340
F
  0
ACDBPLACEHOLDER
  5
F
  0
DICTIONARY
  5
17
100
AcDbDictionary
280
0
281
1
  3
Standard
350
18
  0
MLINESTYLE
  5
18
100
AcDbMlineStyle
  2
STANDARD
 70
0
  3

 62
256
 51
90.0
 52
90.0
 71
2
 49
0.5
 62
256
  6
BYLAYER
 49
-0.5
 62
256
  6
BYLAYER
  0
DICTIONARY
  5
19
100
AcDbDictionary
280
0
281
1
  0
DICTIONARY
  5
1A
100
AcDbDictionary
281
1
  3
Layout1
350
1E
  3
Layout2
350
26
  3
Model
350
22
  0
LAYOUT
  5
1E
100
AcDbPlotSettings
  1

  2
none_device
  4

  6

 40
0.0
 41
0.0
 42
0.0
 43
0.0
 44
0.0
 45
0.0
 46
0.0
 47
0.0
 48
0.0
 49
0.0
140
0.0
141
0.0
142
1.0
143
1.0
 70
688
 72
0
 73
0
 74
5
  7

 75
16
147
1.0
148
0.0
149
0.0
100
AcDbLayout
  1
Layout1
 70
1
 71
1
 10
0.0
 20
0.0
 11
420.0
 21
297.0
 12
0.0
 22
0.0
 32
0.0
 14
100000000000000000000.0
 24
100000000000000000000.0
 34
100000000000000000000.0
 15
-100000000000000000000.0
 25
-100000000000000000000.0
 35
-100000000000000000000.0
146
0.0
 13
0.0
 23
0.0
 33
0.0
 16
1.0
 26
0.0
 36
0.0
 17
0.0
 27
1.0
 37
0.0
 76
0
330
1B
  0
LAYOUT
  5
22
100
AcDbPlotSettings
  1

  2
none_device
  4

  6

 40
0.0
 41
0.0
 42
0.0
 43
0.0
 44
0.0
 45
0.0
 46
0.0
 47
0.0
 48
0.0
 49
0.0
140
0.0
141
0.0
142
1.0
143
1.0
 70
1712
 72
0
 73
0
 74
0
  7

 75
0
147
1.0
148
0.0
149
0.0
100
AcDbLayout
  1
Model
 70
1
 71
0
 10
0.0
 20
0.0
 11
12.0
 21
9.0
 12
0.0
 22
0.0
 32
0.0
 14
0.0
 24
0.0
 34
0.0
 15
0.0
 25
0.0
 35
0.0
146
0.0
 13
0.0
 23
0.0
 33
0.0
 16
1.0
 26
0.0
 36
0.0
 17
0.0
 27
1.0
 37
0.0
 76
0
330
1F
  0
LAYOUT
  5
26
100
AcDbPlotSettings
  1

  2
none_device
  4

  6

 40
0.0
 41
0.0
 42
0.0
 43
0.0
 44
0.0
 45
0.0
 46
0.0
 47
0.0
 48
0.0
 49
0.0
140
0.0
141
0.0
142
1.0
143
1.0
 70
688
 72
0
 73
0
 74
5
  7

 75
16
147
1.0
148
0.0
149
0.0
100
AcDbLayout
  1
Layout2
 70
1
 71
2
 10
0.0
 20
0.0
 11
12.0
 21
9.0
 12
0.0
 22
0.0
 32
0.0
 14
0.0
 24
0.0
 34
0.0
 15
0.0
 25
0.0
 35
0.0
146
0.0
 13
0.0
 23
0.0
 33
0.0
 16
1.0
 26
0.0
 36
0.0
 17
0.0
 27
1.0
 37
0.0
 76
0
330
23
  0
DICTIONARY
  5
527
100
AcDbDictionary
281
1
  3
DIMASSOC
350
52A
  3
HIDETEXT
350
529
  0
DICTIONARYVAR
  5
529
100
DictionaryVariables
280
0
  1
2
  0
DICTIONARYVAR
  5
52A
100
DictionaryVariables
280
0
  1
1
  0
DICTIONARY
  5
528
100
AcDbDictionary
281
1
  3
ColorSettings/BackgroundColor
350
52B
  3
ColorSettings/ColorMode
350
52C
  3
Grid/DisplayGrid00
350
52D
  3
Grid/DisplayGrid01
350
52E
  3
Grid/DisplayGrid02
350
52F
  3
Grid/DisplayGrid03
350
530
  3
Grid/GridSpacingX00
350
531
  3
Grid/GridSpacingX01
350
532
  3
Grid/GridSpacingX02
350
533
  3
Grid/GridSpacingX03
350
534
  3
Grid/GridSpacingY00
350
535
  3
Grid/GridSpacingY01
350
536
  3
Grid/GridSpacingY02
350
537
  3
Grid/GridSpacingY03
350
538
  3
Grid/IsometricGrid00
350
539
  3
Grid/IsometricGrid01
350
53A
  3
Grid/IsometricGrid02
350
53B
  3
Grid/IsometricGrid03
350
53C
  3
Grid/IsometricProjection00
350
53D
  3
Grid/IsometricProjection01
350
53E
  3
Grid/IsometricProjection02
350
53F
  3
Grid/IsometricProjection03
350
540
  3
Grid/MetaGridSpacingX00
350
541
  3
Grid/MetaGridSpacingX01
350
542
  3
Grid/MetaGridSpacingX02
350
543
  3
Grid/MetaGridSpacingX03
350
544
  3
Grid/MetaGridSpacingY00
350
545
  3
Grid/MetaGridSpacingY01
350
546
  3
Grid/MetaGridSpacingY02
350
547
  3
Grid/MetaGridSpacingY03
350
548
  3
MultiPageSettings/Columns
350
549
  3
MultiPageSettings/GlueMarginsBottom
350
54A
  3
MultiPageSettings/GlueMarginsLeft
350
54B
  3
MultiPageSettings/GlueMarginsRight
350
54C
  3
MultiPageSettings/GlueMarginsTop
350
54D
  3
MultiPageSettings/PrintCropMarks
350
54E
  3
MultiPageSettings/Rows
350
54F
  3
PageSettings/OffsetX
350
550
  3
PageSettings/OffsetY
350
551
  3
PageSettings/PageOrientation
350
552
  3
PageSettings/PaperHeight
350
553
  3
PageSettings/PaperSizeName
350
554
  3
PageSettings/PaperWidth
350
555
  3
PageSettings/PointSize
350
556
  3
PageSettings/Scale
350
557
  3
PageSettings/ShowPaperBorders
350
558
  3
PageTagSettings/EnablePageTags
350
559
  3
PageTagSettings/TagAlignment
350
55A
  3
PageTagSettings/TagFont
350
55B
  3
PageTagSettings/TagPosition
350
55C
  3
QCADVersion
350
55D
  3
UnitSettings/PaperUnit
350
55E
  3
ViewportCenter
350
55F
  3
ViewportHeight
350
560
  3
ViewportWidth
350
561
  0
XRECORD
  5
52B
330
528
100
AcDbXrecord
280
1
1000
#ffffff
  0
XRECORD
  5
52C
330
528
100
AcDbXrecord
280
1
1000
FullColor
  0
XRECORD
  5
52D
330
528
100
AcDbXrecord
280
1
290
0
  0
XRECORD
  5
52E
330
528
100
AcDbXrecord
280
1
290
1
  0
XRECORD
  5
52F
330
528
100
AcDbXrecord
280
1
290
1
  0
XRECORD
  5
530
330
528
100
AcDbXrecord
280
1
290
1
  0
XRECORD
  5
531
330
528
100
AcDbXrecord
280
1
1000
auto
  0
XRECORD
  5
532
330
528
100
AcDbXrecord
280
1
1000
auto
  0
XRECORD
  5
533
330
528
100
AcDbXrecord
280
1
1000
auto
  0
XRECORD
  5
534
330
528
100
AcDbXrecord
280
1
1000
auto
  0
XRECORD
  5
535
330
528
100
AcDbXrecord
280
1
1000
auto
  0
XRECORD
  5
536
330
528
100
AcDbXrecord
280
1
1000
auto
  0
XRECORD
  5
537
330
528
100
AcDbXrecord
280
1
1000
auto
  0
XRECORD
  5
538
330
528
100
AcDbXrecord
280
1
1000
auto
  0
XRECORD
  5
539
330
528
100
AcDbXrecord
280
1
290
0
  0
XRECORD
  5
53A
330
528
100
AcDbXrecord
280
1
290
0
  0
XRECORD
  5
53B
330
528
100
AcDbXrecord
280
1
290
0
  0
XRECORD
  5
53C
330
528
100
AcDbXrecord
280
1
290
0
  0
XRECORD
  5
53D
330
528
100
AcDbXrecord
280
1
 90
65537
  0
XRECORD
  5
53E
330
528
100
AcDbXrecord
280
1
 90
65537
  0
XRECORD
  5
53F
330
528
100
AcDbXrecord
280
1
 90
65537
  0
XRECORD
  5
540
330
528
100
AcDbXrecord
280
1
 90
65537
  0
XRECORD
  5
541
330
528
100
AcDbXrecord
280
1
1000
auto
  0
XRECORD
  5
542
330
528
100
AcDbXrecord
280
1
1000
auto
  0
XRECORD
  5
543
330
528
100
AcDbXrecord
280
1
1000
auto
  0
XRECORD
  5
544
330
528
100
AcDbXrecord
280
1
1000
auto
  0
XRECORD
  5
545
330
528
100
AcDbXrecord
280
1
1000
auto
  0
XRECORD
  5
546
330
528
100
AcDbXrecord
280
1
1000
auto
  0
XRECORD
  5
547
330
528
100
AcDbXrecord
280
1
1000
auto
  0
XRECORD
  5
548
330
528
100
AcDbXrecord
280
1
1000
auto
  0
XRECORD
  5
549
330
528
100
AcDbXrecord
280
1
 90
1
  0
XRECORD
  5
54A
330
528
100
AcDbXrecord
280
1
 40
0.5
  0
XRECORD
  5
54B
330
528
100
AcDbXrecord
280
1
 40
0.5
  0
XRECORD
  5
54C
330
528
100
AcDbXrecord
280
1
 40
0.5
  0
XRECORD
  5
54D
330
528
100
AcDbXrecord
280
1
 40
0.5
  0
XRECORD
  5
54E
330
528
100
AcDbXrecord
280
1
290
0
  0
XRECORD
  5
54F
330
528
100
AcDbXrecord
280
1
 90
1
  0
XRECORD
  5
550
330
528
100
AcDbXrecord
280
1
 40
-0.4667417635290363
  0
XRECORD
  5
551
330
528
100
AcDbXrecord
280
1
 40
-3.8183245229252911
  0
XRECORD
  5
552
330
528
100
AcDbXrecord
280
1
1000
Landscape
  0
XRECORD
  5
553
330
528
100
AcDbXrecord
280
1
 40
22.0
  0
XRECORD
  5
554
330
528
100
AcDbXrecord
280
1
1000
ANSI C
  0
XRECORD
  5
555
330
528
100
AcDbXrecord
280
1
 40
17.0
  0
XRECORD
  5
556
330
528
100
AcDbXrecord
280
1
1000
0.5
  0
XRECORD
  5
557
330
528
100
AcDbXrecord
280
1
1000
0.852
  0
XRECORD
  5
558
330
528
100
AcDbXrecord
280
1
290
1
  0
XRECORD
  5
559
330
528
100
AcDbXrecord
280
1
290
0
  0
XRECORD
  5
55A
330
528
100
AcDbXrecord
280
1
1000
Inside
  0
XRECORD
  5
55B
330
528
100
AcDbXrecord
280
1
1000
Arial,10,-1,5,50,0,0,0,0,0
  0
XRECORD
  5
55C
330
528
100
AcDbXrecord
280
1
1000
TopLeft
  0
XRECORD
  5
55D
330
528
100
AcDbXrecord
280
1
1000
3.28.2
  0
XRECORD
  5
55E
330
528
100
AcDbXrecord
280
1
 90
1
  0
XRECORD
  5
560
330
528
100
AcDbXrecord
280
1
 40
14.3315039623302951
  0
XRECORD
  5
561
330
528
100
AcDbXrecord
280
1
 40
25.641971099696363
  0
ENDSEC
  0
EOF
